ID_SOAL;SOAL;JAWABAN_SISWA;GRADE-01;GRADE-02;GRADE-03
1;Bagaimana konsep dasar sistem bilangan biner digunakan dalam ilmu komputer?;sistem bilangan biner digunakan pada ilmu komputer karena komputer hanya mengenali dua kondisi atau keadaan yakni 1 dan 0, sehingga semua data diinstruksikan dalam bentuk biner;75;64;80
1;Bagaimana konsep dasar sistem bilangan biner digunakan dalam ilmu komputer?;Sistem biner merupakan sifat dasar dari tegangan listrik, yakni tegangan tinggi (HIGH) dan tegangan rendah (LOW). Karena listrik bisa bersifat biner, kita dapat memanipulasinya sedemikian hingga kita bisa mengoperasikan rangkaian yang memiliki logika. Rangkaian logika adalah sistem digital. Sistem digital sendiri merupakan hal fundamental dari ilmu komputer. ;70;66,5;67,75
1;Bagaimana konsep dasar sistem bilangan biner digunakan dalam ilmu komputer?;Biner merupakan bahasa yang dipahami oleh komputer, yaitu dengan input sistem digital, pada saat bernilai 1 maka akan dibaca high jika 0 maka low;60;51,5;58
1;Bagaimana konsep dasar sistem bilangan biner digunakan dalam ilmu komputer?;Sistem bilangan biner merupakan dasar dalam ilmu komputer karena komputer hanya mengenali dua keadaan, yaitu on (1) dan off (0). Semua data dan instruksi dikodekan dalam bentuk biner, termasuk teks, gambar, dan suara. Operasi logika digital, arsitektur prosesor, dan penyimpanan data juga berbasis sistem biner untuk efisiensi dan keandalan.;80;78,75;84,25
1;Bagaimana konsep dasar sistem bilangan biner digunakan dalam ilmu komputer?;digunakan untuk merepresentasikan data dan instruksi karena kesederhanaannya yang cocok dengan sirkuit elektronik komputer yang hanya memiliki dua keadaan (hidup/mati);70;53;68,5
1;Bagaimana konsep dasar sistem bilangan biner digunakan dalam ilmu komputer?;Komputer tidak menghitung seperti manusia menggunakan basis 10. Komputer menggunakan logic state HIGH atau LOW yang kemudian dinotasikan menjadi sistem biner (0 dan 1);65;60;67,25
1;Bagaimana konsep dasar sistem bilangan biner digunakan dalam ilmu komputer?;Konsep dasar sistem bilangan biner digunakan dalam ilmu komputer sebagai representasi data dan instruksi menggunakan dua simbol (0 dan 1). Semua operasi komputasi, termasuk penyimpanan, pemrosesan, dan transmisi data, dilakukan dengan kombinasi bit biner. Ini karena perangkat keras komputer bekerja dengan sinyal listrik yang memiliki dua keadaan (on/off).;85;90;81
1;Bagaimana konsep dasar sistem bilangan biner digunakan dalam ilmu komputer?;Sistem bilangan biner (0 dan 1) dipakai karena komputer hanya mengenali dua kondisi, sehingga memudahkan representasi dan pemrosesan data secara digital.;70;75;73
1;Bagaimana konsep dasar sistem bilangan biner digunakan dalam ilmu komputer?;Merepresentasikan data dan instruksi dengan 0 dan 1, sesuai dengan operasi logika dan elektronik digital.;70;70;76
1;Bagaimana konsep dasar sistem bilangan biner digunakan dalam ilmu komputer?;Sistem bilangan biner digunakan dalam pengolahan data oleh komputer. Jadi komputer mengolah data dalam bentuk bilangan biner. ;70;56;75,5
1;Bagaimana konsep dasar sistem bilangan biner digunakan dalam ilmu komputer?;Bilangan biner memungkinkan komputer untuk mengolah, menyimpan dan memanipulasi angka secara efisien;70;55;70
1;Bagaimana konsep dasar sistem bilangan biner digunakan dalam ilmu komputer?;Komputer menggunakan sistem biner, sehingga kita tau apa yang akan diproses dalam komputer;65;50;56
1;Bagaimana konsep dasar sistem bilangan biner digunakan dalam ilmu komputer?;Angka biner digunakan dalam komputer untuk komputasi Boolean, dan karena komputer merupakan alat digital yang hanya mengenal angka biner.;70;56;65
1;Bagaimana konsep dasar sistem bilangan biner digunakan dalam ilmu komputer?;Konsep sistem bilangan biner sangat penting dalam ilmu komputer karena komputer hanya dapat memahami dua angka, yaitu 0 dan 1. Angka-angka ini mewakili dua keadaan dasar, yaitu on (1) dan off (0), yang digunakan untuk menyimpan dan memproses informasi. Semua data di komputer, seperti teks, gambar, dan suara, diubah menjadi bentuk biner agar bisa diproses. Selain itu, operasi dasar seperti penjumlahan, pengurangan, dan pengambilan keputusan dalam program juga menggunakan bilangan biner. Memori komputer dan perangkat keras, seperti transistor, bekerja dengan prinsip biner untuk menyimpan data dan menjalankan perintah. Dengan demikian, bilangan biner menjadi dasar utama dalam semua proses yang terjadi di dalam komputer;85;90;87,5
1;Bagaimana konsep dasar sistem bilangan biner digunakan dalam ilmu komputer?;tidak tahu;0;0;0
1;Bagaimana konsep dasar sistem bilangan biner digunakan dalam ilmu komputer?;representasi informasi menggunakan 1 dan 0;65;56;60,5
1;Bagaimana konsep dasar sistem bilangan biner digunakan dalam ilmu komputer?;Konsep dasar sistem bilangan biner digunakan untuk merepresentasikan informasi dan instruksi menggunakan dua nilai sederhana, yaitu 0 dan 1;80;56;73,75
1;Bagaimana konsep dasar sistem bilangan biner digunakan dalam ilmu komputer?;bilangen biner dapat memudahkan dalam merepresentasikan data dengan hanya 2 nilai, yaitu 1 dan 0;65;56;59,75
1;Bagaimana konsep dasar sistem bilangan biner digunakan dalam ilmu komputer?;konsep dasar sistem bilangan biner dalam ilmu komputer adalah untuk mempresentasikan angka dalam sistem komputer;65;60;64
1;Bagaimana konsep dasar sistem bilangan biner digunakan dalam ilmu komputer?;bilangan biner digunakan untuk merepresentasikan informasi yang diberikan menggunakan 2 nilai yaitu 1 dan 0;70;60;73
1;Bagaimana konsep dasar sistem bilangan biner digunakan dalam ilmu komputer?;Setahu saya komputer dapat membaca data atau suatu input dengan hanya dua bilangan yaitu 0 dan 1 dan dari kombinasi tersebut dapat dialih bahasakan ke angka atau bilangan lain seperti desimal, oktal, BCD, dan lainnya, kombinasi dari bilangan2 itu disebut bilangan biner;70;75;68,75
1;Bagaimana konsep dasar sistem bilangan biner digunakan dalam ilmu komputer?;Bilangan biner bisa dimanfaatkan untuk gerbang logika didalam komputer (integrated circuit) dan bisa juga dimanfaatkan untuk transmisi jaringan;60;60;53,25
1;Bagaimana konsep dasar sistem bilangan biner digunakan dalam ilmu komputer?;Memungkinkan perangkat elektronik merepresentasikan informasi dan instruksi dengan binary digit 0 atau 1;75;70;70,75
1;Bagaimana konsep dasar sistem bilangan biner digunakan dalam ilmu komputer?;hanya dengan 2 bilangan, tanda, dan signal, yakni high and low atau 1 and 0;70;60;61,5
1;Bagaimana konsep dasar sistem bilangan biner digunakan dalam ilmu komputer?;Konsep bilangan biner sebagai dasar representasi data dan operasi logika. Sistem biner hanya menggunakan dua angka, yaitu 0 dan 1, yang sesuai dengan dua kondisi dalam sistem elektronik, yaitu mati (off) dan hidup (on).;75;80;77,5
1;Bagaimana konsep dasar sistem bilangan biner digunakan dalam ilmu komputer?;konssep dasar sistem bilangan biner digunakan saat representasi data. Semua jenis data dalam komputer, seperti angka, teks, gambar, dan suara, direpresentasikan dalam bentuk bit (binary digit), yang hanya memiliki dua nilai: 0 atau 1;80;80;80,5
1;Bagaimana konsep dasar sistem bilangan biner digunakan dalam ilmu komputer?;.....;0;0;0
1;Bagaimana konsep dasar sistem bilangan biner digunakan dalam ilmu komputer?;sistem bilangan biner sangat esensial dalam beroperasinya suatu sistem komputasi. sejatinya, segala sesuatu program yang kita jalankan itu semuanya akan dikompilasi dengan compiler masing-masing ke dalam bahasa mesin atau bilangan biner. sehingga bilangan biner sendiri merupakan bilangan pada layer akhir sebagai “istruksi langsung”;60;56;63
1;Bagaimana konsep dasar sistem bilangan biner digunakan dalam ilmu komputer?;Bilangan biner digunakan sebagai sebuah state logika, yang mana semua data akan direpresentasikan dengan angka 0 atau 1 setelah dikonversikan, data biner tersebut lalu akan digunakan oleh komputer;65;60;64,25
1;Bagaimana konsep dasar sistem bilangan biner digunakan dalam ilmu komputer?;bilangan biner digunakan dalam dasar pembuatan kompuuter yaitu dalam mengatur logika logika komputasi karena dapat diimplementasikan dalam sirkuit riil sehinga bilangan biner merupakan dasar bilanggan dari ilmu komputer;65;60;69
1;Bagaimana konsep dasar sistem bilangan biner digunakan dalam ilmu komputer?;Konsep dasar bilangan biner dalam ilmu komputer merupakan susunan dari 0 (low) dan 1(high). Yang berulang dan bertambah seiring berjalannya angka;65;56;62
1;Bagaimana konsep dasar sistem bilangan biner digunakan dalam ilmu komputer?;Konsep dasar sistem bilangan biner sangat penting dalam ilmu komputer karena digunakan sebagai dasar untuk representasi data dan operasi dalam perangkat keras komputer.;75;60;67,5
1;Bagaimana konsep dasar sistem bilangan biner digunakan dalam ilmu komputer?;menggunakan angka 0 dan 1 untuk merepresentasikan data dengan 1 bernilai True dan 0 bernilai False. ;70;60;70,75
1;Bagaimana konsep dasar sistem bilangan biner digunakan dalam ilmu komputer?;Konsep dasar bilangan biner digunakan oleh mesin dalam komputer untuk nantinya dibaca dan diterjermahkan sehingga bisa melakukan suatu tugas sesuai dengan kode biner. Kode biner sendiri bisa dibuat oleh manusia dengan beberapa rumus misalnya 1 = 0001, dan lainnya.;70;90;63
1;Bagaimana konsep dasar sistem bilangan biner digunakan dalam ilmu komputer?;Bilangan biner sangat penting bagi berjalanya sistem yang ada di komputer, komputer menggunakan bilangan ini untuk menyederhankan proses program didalamnya sehingga hanya merupakkan kombinasi 2bilangan 0 Dan 1 selain itu, bilangan biner ini juga flexible digunakkkan karena bisa memprese tasikan inputan lainya seperti, HIGH dan LOW, On Dan Off, Dan sebagainya lagi;70;70;73
1;Bagaimana konsep dasar sistem bilangan biner digunakan dalam ilmu komputer?;Konsep dasar bilangan biner dalam ilmu komputer digunakan untuk mempresentasikan suatu data ataupun instruksi;70;60;69,75
1;Bagaimana konsep dasar sistem bilangan biner digunakan dalam ilmu komputer?;untuk merepresentasikan data dan instruksi (yes or no/1 or 0);65;60;62,5
1;Bagaimana konsep dasar sistem bilangan biner digunakan dalam ilmu komputer?;sebagai dasar operasi dan hanya mengoperasikan data dengan 0 dan 1;60;70;59
1;Bagaimana konsep dasar sistem bilangan biner digunakan dalam ilmu komputer?;Sistem bilangan biner berguna sebagai representasi yang paling efisien di penyimpanan memori yang menggunakan konsep bit yaitu 0 dan 1. Data dalam bentuk tersederhananya dalam komputer adalah sistem biner.;75;56;80,75
1;Bagaimana konsep dasar sistem bilangan biner digunakan dalam ilmu komputer?;Sistem bilangan biner digunakan dalam ilmu komputer untuk mengkodekan data hanya dengan 0 dan 1.;75;60;72,75
1;Bagaimana konsep dasar sistem bilangan biner digunakan dalam ilmu komputer?;Dasar sistem bilangan biner digunakan untuk merepresentasikan informasi atau instruksi dengan menggunakan 2 nilai, yaitu 0 dan 1;75;56;71,75
1;Bagaimana konsep dasar sistem bilangan biner digunakan dalam ilmu komputer?;Biner digunakan sebagai bahasa yang dapat dimengerti oleh mesin. Manusia membuat bahasa mesin melalu bahasa pemrograman seperti Assembly yang dekat dengan mesin sampai Python yang abstraksinya tinggi.;60;56;67
1;Bagaimana konsep dasar sistem bilangan biner digunakan dalam ilmu komputer?;Biner digunakan untuk menentukan nyala matinya sebuah input yang berpengaruh pada outputnya. Biner terdiri dari 0 dan 1 dimana setiap susunan yang berbeda akan memberikan output yang berbeda. ;60;65;63
1;Bagaimana konsep dasar sistem bilangan biner digunakan dalam ilmu komputer?;Konsep bilangan biner dijadikan sebagai basis dijalankannya komputer. Artinya, segala macam proses kerja yang dijalankan oleh komputer, dilakukan dalam sistem bilangan biner, yaitu digit 0 dan 1. Karena itu, segala macam file yang tersimpan pada komputer juga dikodekan dalam bentuk biner.;65;60;69
1;Bagaimana konsep dasar sistem bilangan biner digunakan dalam ilmu komputer?;Konsep bilangan biner dapat diaplikasikan dalam ASCII code, di mana setiap karakter yang terdapat pada keyboard terdapat indeks yang terkonversi ke biner. Data yang dikirim melalui jaringan juga dikodekan dalam bentuk biner.;65;60;66
1;Bagaimana konsep dasar sistem bilangan biner digunakan dalam ilmu komputer?;Sistem bilangan biner dalam ilmu komputer bisa diibaratkan sebagai suatu bahasa. Bahasa tersebut yang nantinya bisa merepresentasikan, menyimpan, dan bahkan melakukan logic operation pada suatu data. Sistem bilangan biner sendiri ada 2 yaitu 1 yang bisa dikatakan “True” dan 0 yang bisa dikatakan “False”.;70;80;65
1;Bagaimana konsep dasar sistem bilangan biner digunakan dalam ilmu komputer?;Sistem bilangan biner digunakan dalam ilmu komputer karena komputer hanya mengenali dua keadaan, yaitu 0 dan 1. Semua data, seperti teks, gambar, dan suara, dikodekan dalam bentuk biner agar bisa diproses. Operasi logika seperti AND, OR, dan NOT juga bekerja dengan angka biner untuk menjalankan perhitungan serta pengolahan data. Selain itu, penyimpanan dalam memori dan media penyimpanan juga menggunakan sistem biner dengan kombinasi bit dan byte. Dengan cara ini, komputer dapat menjalankan berbagai tugas secara efisien.;80;100;81,25
1;Bagaimana konsep dasar sistem bilangan biner digunakan dalam ilmu komputer?;Bahasa komputer hanya memiliki 2 state, yaitu tegangan tinggi atau rendah. Kombinasi tegangan tinggi dan rendah ini dihubungkan dengan kabel secara seri atau paralel atau kombinasi sehingga menghasilkan output yang diinginkan. Kondisi tegangan tinggi atau rendah ini dinyatakan dengan 1 dan 0 dan konfigurasi kabelnya dinyatakan dalam gate gate yang dipelajari dalam dasar sistem ini.;65;65;70
1;Bagaimana konsep dasar sistem bilangan biner digunakan dalam ilmu komputer?;memungkinkan perangkat elektronik untuk merepresentasikan data dan instruksi, serta melakukan operasi logika dengan cara yang efisien;70;60;73
1;Bagaimana konsep dasar sistem bilangan biner digunakan dalam ilmu komputer?;untuk menghemat biaya komputasi sebuah komputer, bahasa yang dapat dibaca oleh komputer adalah bahasa biner;60;55;53,5
1;Bagaimana konsep dasar sistem bilangan biner digunakan dalam ilmu komputer?;Sistem bilangan biner merupakan dasar dalam ilmu komputer karena komputer hanya mengenali dua keadaan, yaitu 1 dan 0. Dalam prosesnya, semua data seperti teks, gambar, dan suara dikodekan dalam bentuk biner. Selain itu, operasi logika dan aritmetika di CPU juga menggunakan bilangan biner, begitu pula dengan sistem alamat dalam memori. Pemrograman tingkat rendah pun bekerja dengan instruksi berbasis biner, sehingga sistem ini menjadi kunci dalam kinerja komputer.;75;100;74,5
1;Bagaimana konsep dasar sistem bilangan biner digunakan dalam ilmu komputer?;Sistem bilangan biner adalah sistem yang hanya menggunakan dua angka, yaitu 0 dan 1. Dalam ilmu komputer, bilangan biner digunakan sebagai dasar penyimpanan dan pemrosesan data karena komputer hanya mengenali dua kondisi listrik, yaitu ON (1) dan OFF (0).;75;90;73,75
1;Bagaimana konsep dasar sistem bilangan biner digunakan dalam ilmu komputer?;Sistemnya high and low. Dan digunakan dalam ic untuk menyalakan dan mematikan transistor;60;70;52,25
1;Bagaimana konsep dasar sistem bilangan biner digunakan dalam ilmu komputer?;Konsep dasar sistem bilangan biner digunakan dalam ilmu komputer karena komputer hanya mengenali dua keadaan, yaitu nyala (1) dan mati (0). Semua data dan instruksi yang diproses oleh komputer dikodekan dalam kombinasi angka 0 dan 1 ini. Dalam perangkat keras, bilangan biner digunakan untuk merepresentasikan berbagai jenis informasi seperti teks, gambar, suara, dan perintah program. Selain itu, operasi aritmetika dan logika dalam prosesor juga bekerja berdasarkan manipulasi bit dalam sistem biner. Memori dan penyimpanan data pun menggunakan bilangan biner untuk mengorganisir serta mengakses informasi dengan lebih efisien. Oleh karena itu, sistem bilangan biner menjadi dasar utama dalam cara kerja komputer modern.;85;100;88
1;Bagaimana konsep dasar sistem bilangan biner digunakan dalam ilmu komputer?;untuk merepresentasikan informasi dan instruksi menggunakan dua nilai, yaitu 0 dan 1.;75;70;77
1;Bagaimana konsep dasar sistem bilangan biner digunakan dalam ilmu komputer?;Bilangan yang diubah basisnya menjadi sebuah bilangan yang terdiri dari 1 dan 0, untuk kemudian dibaca oleh komputer;65;75;70,25
1;Bagaimana konsep dasar sistem bilangan biner digunakan dalam ilmu komputer?;Komputer bekerja menggunakan transistor yang hanya bisa melakukan operasi dan membaca instruksi dalam bit 1 dan 0;70;75;74
1;Bagaimana konsep dasar sistem bilangan biner digunakan dalam ilmu komputer?;"Sistem bilangan biner itu ibarat ""bahasa ibu""-nya komputer. Kenapa? Karena semua data dan instruksi dalam komputer dikodekan dalam bentuk 0 dan 1, alias sistem bilangan basis 2. Jadi, kalau dalam dunia manusia kita biasa pakai sistem desimal (basis 10) dengan angka 0-9, komputer cuma ngerti dua kondisi: ada arus listrik (1) atau nggak ada arus listrik (0). Makanya, semua operasi komputasi, dari penyimpanan data, pemrosesan, sampai komunikasi antar perangkat, semuanya berbasis bilangan biner.";70;100;73,5
1;Bagaimana konsep dasar sistem bilangan biner digunakan dalam ilmu komputer?;Untuk mengirimkan data yang lebih cepat dan mudah diterima oleh komputer.;60;50;58
1;Bagaimana konsep dasar sistem bilangan biner digunakan dalam ilmu komputer?;memiliki dua nilai sederhana, 0 dan 1 yang mana satu itu berarti menyala, sedangkan 0 itu mati;65;56;63
1;Bagaimana konsep dasar sistem bilangan biner digunakan dalam ilmu komputer?;sistem bilangan biner hanya terdiri dari dua angka yaitu 1 dan 0. angka satu merepresentasikan logika HIGH (tegangan tinggi) dan angka 0 merepresentasikan logika LOW (0 tegangan);65;56;63,75
1;Bagaimana konsep dasar sistem bilangan biner digunakan dalam ilmu komputer?;Sistem bilangan biner digunakan dalam ilmu komputer karena komputer beroperasi dengan sinyal **ON (1) dan OFF (0)**. Data seperti angka, teks, dan gambar direpresentasikan dalam biner agar dapat diproses oleh prosesor dan disimpan dalam memori. Selain itu, operasi logika dan transmisi data juga bergantung pada sistem biner, menjadikannya dasar utama dalam komputasi modern.;70;95;72,5
1;Bagaimana konsep dasar sistem bilangan biner digunakan dalam ilmu komputer?;Konsep bilangan biner sangat penting dalam dunia komputasi karena memungkinkan perangkat elektronik untuk merepresentasikan informasi dan instruksi menggunakan dua nilai sederhana, yaitu 0 dan 1.;70;70;72,5
1;Bagaimana konsep dasar sistem bilangan biner digunakan dalam ilmu komputer?;Biner digunakan untuk merepresentasikan karakter kedalam ASCII;70;50;66
1;Bagaimana konsep dasar sistem bilangan biner digunakan dalam ilmu komputer?;Sistem bilangan biner adalah dasar dari komputasi digital karena komputer hanya memahami dua keadaan, yaitu 0 dan 1, yang direpresentasikan sebagai sinyal listrik rendah dan tinggi. Semua data dan instruksi dalam komputer, termasuk teks, gambar, dan suara, dikodekan dalam bentuk biner menggunakan kombinasi bit (binary digit). Operasi logika dan aritmetika dalam prosesor juga dilakukan berdasarkan prinsip bilangan biner melalui gerbang logika seperti AND, OR, dan XOR. Selain itu, sistem penyimpanan, transmisi data, dan pemrograman tingkat rendah seperti assembly juga bergantung pada representasi biner untuk efisiensi dan kompatibilitas perangkat keras.;90;100;89,5
1;Bagaimana konsep dasar sistem bilangan biner digunakan dalam ilmu komputer?;Sistem bilangan biner digunakan dalam ilmu komputer karena semua data dan operasi dalam komputer direpresentasikan dalam bentuk 0 dan 1. Sistem ini digunakan dalam: 1. Representasi Data – Semua teks, gambar, dan suara dikodekan dalam bentuk biner. 2. Operasi Logika & Sirkuit Digital – Komputer menggunakan gerbang logika (AND, OR, NOT) untuk memproses data. 3. Pemrograman & Algoritma – Operasi bitwise digunakan dalam pemrograman dan enkripsi data. 4. Alamat Memori & Penyimpanan – Data disimpan dalam bentuk bit dan byte di memori komputer. 5. Jaringan & Komunikasi – Sinyal digital dalam jaringan dikodekan dalam format biner. 6. Pemrosesan & Komputasi – CPU menjalankan instruksi berbasis biner dalam bahasa mesin. Sistem biner digunakan karena dapat dengan mudah direpresentasikan dalam bentuk sinyal listrik (ON = 1, OFF = 0), memungkinkan komputer bekerja secara efisien.;85;100;90,25
1;Bagaimana konsep dasar sistem bilangan biner digunakan dalam ilmu komputer?;Sistem bilangan biner, yang menggunakan 0 dan 1, adalah fondasi ilmu komputer karena memungkinkan perangkat elektronik untuk merepresentasikan data dan instruksi, serta melakukan operasi logika dengan cara yang efisien.;70;65;68,25
1;Bagaimana konsep dasar sistem bilangan biner digunakan dalam ilmu komputer?;bioangan biner digunakan untuk transmisi data sebab komputer hanya bisa membaca data biner;60;55;63,25
1;Bagaimana konsep dasar sistem bilangan biner digunakan dalam ilmu komputer?;Sistem bilangan biner digunakan dalam ilmu komputer sebagai basis perhitungan dan penyimpanan data, karena komputer hanya mengenali dua keadaan listrik: 0 dan 1. Semua operasi komputasi dikodekan dalam bentuk biner untuk diproses oleh prosesor.;70;80;75
1;Bagaimana konsep dasar sistem bilangan biner digunakan dalam ilmu komputer?;Konsep dasar sistem bilangan biner dalam ilmu komputer adalah dengan membuat suatu bilangan desimal menjadi bernilai 0 dan 1 yang disusun sedemikian rupa membentuk 2^n secara bertingkat dalam kelipatan angka mulai dr 0 hingga n;65;65;70
1;Bagaimana konsep dasar sistem bilangan biner digunakan dalam ilmu komputer?;Pengelompokan biner dalam komputer selalu berjumlah 8, dengan istilah 1 Byte/bita. Dalam istilah komputer, 1 Byte = 8 bit. Kode-kode rancang bangun komputer, seperti ASCII (American Standard Code for Information Interchange) menggunakan sistem peng-kode-an 1 Byte. Penulisan biner dalam komputer biasanya dikelompokkan per 4 bilangan, misalnya 1010 0001.;60;60;61,5
1;Bagaimana konsep dasar sistem bilangan biner digunakan dalam ilmu komputer?;Biner menjadi angka pilihan komputer sebagai representasi baik boolean, float, ataupun integer (biasanya notasi 64-bit misalnya dalam sistem operasi merepresentasikan berapa banyak bilangan biner signed (negatif ke positif) yang bisa diproses dalam sistem operasi/perangkat tersebut);60;55;63
1;Bagaimana konsep dasar sistem bilangan biner digunakan dalam ilmu komputer?;Biner digunakan untuk melambangkan HIGH (1) dan LOW(0) dari input dan output;65;55;58,5
1;Bagaimana konsep dasar sistem bilangan biner digunakan dalam ilmu komputer?;digunakan dalam ilmu komputer sebagai logicstate karena komputer hanya dapat memahami “ya/1” atau “tidak/0” yang diimplementasikan dalam wujud voltase.;60;75;65
1;Bagaimana konsep dasar sistem bilangan biner digunakan dalam ilmu komputer?;Sistem bilangan biner biasa digunakan untuk merangkai logika, kalkulasi, dan banyak hal lainnya yang masuk ke dalam ilmu dasar komputer.;75;60;81,75
1;Bagaimana konsep dasar sistem bilangan biner digunakan dalam ilmu komputer?;Sistem bilangan biner digunakan dalam ilmu komputer sebagai pengganti sebuah data dalam bentuk angka (0 dan 1) karena komputer hanya bisa mengerti 2 angka tersebut. Sebuah data akan di konversi menjadi biner agar dapat dimengerti komputer;75;70;76,25
1;Bagaimana konsep dasar sistem bilangan biner digunakan dalam ilmu komputer?;biner berfungsi untuk mereprsentasikan data;60;55;53
1;Bagaimana konsep dasar sistem bilangan biner digunakan dalam ilmu komputer?;konsep dasar dari bilangan biner adalah angka 1 dan 0. Angka 1 dan 0 memiliki arti nya masing masing, seperti angka 1 adalah angka yang melambangkan true, dan angka 0 adalah yang melambangkan false;65;55;70,5
1;Bagaimana konsep dasar sistem bilangan biner digunakan dalam ilmu komputer?;"Bilangan biner digunakan dalam ilmu komputer selain sebagai sistem True or False juga sebagai kode yang ditentukan untuk sebuah fungsi ataupun karakter. Misalkan sistem ascii dimana karakter memiliki kode biner yang merupakan penanda bahwa karakter tersebut sedang dipanggil atau jika sebuah fungsi dipanggil. Kode biner digunakan bagaikan ""alamat"" dalam kasus ini.";60;55;63
1;Bagaimana konsep dasar sistem bilangan biner digunakan dalam ilmu komputer?;Bilangan biner digunakan untuk merepresentasikan data atau instruksi yang diterima agar lebih efisien. Karena angka yang digunakan hanya 1 dan 0;70;55;65
1;Bagaimana konsep dasar sistem bilangan biner digunakan dalam ilmu komputer?;sistem biner digunakan supaya komputer bisa membaca angka dan huruf manusia.;65;60;63,25
1;Bagaimana konsep dasar sistem bilangan biner digunakan dalam ilmu komputer?;representasi data menggunakan kode ASCII atau unicode;60;55;52,5
1;Bagaimana konsep dasar sistem bilangan biner digunakan dalam ilmu komputer?;Angka biner merupakan alat instruksi untuk mengoperasikan komputer, terdiri dari angka 0 dan 1. Simbol 0 dan simbol 1 sering disebut sebagai false(0) dan true(1).;75;55;77
1;Bagaimana konsep dasar sistem bilangan biner digunakan dalam ilmu komputer?;Bilangan biner adalah sebuah bilangan yang hanya punya dua angka yaitu 1 dan 0, 1 bertindak sebagai sinyal HIGH dan 0 bertindak sebagai sinyal LOW. Biner digunakan di dalam komputer karena bilangan ini hanya punya dua kondisi.;70;55;73,25
1;Bagaimana konsep dasar sistem bilangan biner digunakan dalam ilmu komputer?;Bilangan biner merupakan bilangan berbasis 2 yang digunakan dalam operasi komputer. Artinya, komputer hanya membaca nilai antara benar atau salah. Operasi dasar biner meliputi AND, OR, dan NOT.;70;60;72
1;Bagaimana konsep dasar sistem bilangan biner digunakan dalam ilmu komputer?;Dalam bilangan biner, 0 adalah ketika tidak adanya angka 2, 1 ada angka 2. Sistem bilangan ini berbasis 2, dan ini merupakan bahasa utama dari komputer.;70;50;74,25
1;Bagaimana konsep dasar sistem bilangan biner digunakan dalam ilmu komputer?;Bilangan biner adalah sistem bilangan yang memiliki basis 2, yaitu terdiri dari angka 0 dan 1 , jadi tidak ada angka 2,3,4 dan seterusnya. Bilangan biner ini adalah bahasa utama yag digunakan dan bisa dipahami oleh komputer dalam pengoperasiannya. Bilangan biner ini biasa direpresentasikan dengan on/off dan biasanya dapat kita terapkan pada operasi aritmatika, konversi bilangan dan bisa juga dalam penyusunan gerbang logika.;70;70;65,5
1;Bagaimana konsep dasar sistem bilangan biner digunakan dalam ilmu komputer?;Komputer memproses data sesuai dengan prinsip dasar perangkat elektronik, yaitu dengan 1 (hidup) dan 0 (mati). Dengan prinsip ini, bilangan biner digunakan untuk mempermudah proses komputasi agar lebih sederhana dan efisien.;65;70;65,5
1;Bagaimana konsep dasar sistem bilangan biner digunakan dalam ilmu komputer?;Konsep dasar sistem bilangan biner membuat perangkat elektronik dapat memberi dengan 2 nilai saja yaitu 0 dan 1;65;60;60,25
1;Bagaimana konsep dasar sistem bilangan biner digunakan dalam ilmu komputer?;Bilangan biner adalah representasi sebuah data atau bilangan dalam bentuk 0 atau 1. Bilangan biner digunakan sebagai representasi data dengan format yang dapat dimengerti oleh mesin. Penggunaan bilangan biner diterapkan saat menulis sebuah program dan pengembangan software didalam komputer;70;70;68,25
1;Bagaimana konsep dasar sistem bilangan biner digunakan dalam ilmu komputer?;Ilmu komputer menggunakan sistem bilangan biner, dimana memiliki anggota 1 dan 0. Semua data, instruksi, dan operasi dalam komputer dikodekan dalam bentuk biner, mulai dari penyimpanan informasi, pemrosesan data, hingga komunikasi antar perangkat. Misalnya, dalam pemrograman, angka, huruf, dan bahkan gambar diubah menjadi kombinasi angka biner agar bisa dipahami oleh prosesor. Selain itu, operasi logika seperti AND, OR, dan NOT dalam sirkuit digital juga bekerja berdasarkan prinsip bilangan biner.;80;90;76,5
1;Bagaimana konsep dasar sistem bilangan biner digunakan dalam ilmu komputer?;dasar sistem digital merupakan dasar dari ilmu komputer;65;55;60,5
1;Bagaimana konsep dasar sistem bilangan biner digunakan dalam ilmu komputer?;sistem bilangan biner terdiri dari dua angka, yaitu 0 dan 1, yang digunakan dalam ilmu komputer karena sesuai dengan sistem digital elektronik. Komputer menyimpan, memproses, dan mentransmisikan data menggunakan bilangan biner melalui sinyal listrik yang mewakili dua keadaan: mati (0) dan hidup (1).;75;75;73,5
1;Bagaimana konsep dasar sistem bilangan biner digunakan dalam ilmu komputer?;sistem bilangan biner digunakan di komputer, dimana komputer hanya dapat membaca bilangan biner;60;75;55
1;Bagaimana konsep dasar sistem bilangan biner digunakan dalam ilmu komputer?;Komputer menggunakan bilangan biner (0 dan 1) karena sistem digital hanya mengenali dua kondisi, yaitu nyala (1) dan mati (0). Semua data dan perintah dikodekan dalam bentuk ini agar dapat diproses oleh perangkat keras.;75;85;79,75
1;Bagaimana konsep dasar sistem bilangan biner digunakan dalam ilmu komputer?;Merepresentasikan data;60;55;61
1;Bagaimana konsep dasar sistem bilangan biner digunakan dalam ilmu komputer?;Memungkinkan menunjukan informasi namun sebatas 0 dan 1;60;55;54,5
1;Bagaimana konsep dasar sistem bilangan biner digunakan dalam ilmu komputer?;Dasar ilmu komputer yang digunakan untuk representasi data dan jalankan oprasi logika;65;60;61,5
1;Bagaimana konsep dasar sistem bilangan biner digunakan dalam ilmu komputer?;Sistem Bilangan Biner digunakan dalam ilmu komputer untuk berkomunikasi dengan komputer. Sistem komputer tentunya tidak bisa memahami bahasa manusia, maka dari itu sistem bilangan biner digunakan untuk berkomunikasi dengan komputer. Sistem bilangan biner ini berbasis 2 yaitu antara angka 0 atau 1, dimana 0 berarti kondisi FALSE dan 1 berarti kondisi TRUE;70;80;74,5
1;Bagaimana konsep dasar sistem bilangan biner digunakan dalam ilmu komputer?;Sistem bilangan biner digunakan sebagai cara komputer memproses suatu data, karena komouter hanya mengenal dua state yaitu ON(1) dan OFF(0);65;80;66,5
1;Bagaimana konsep dasar sistem bilangan biner digunakan dalam ilmu komputer?;Digunakan sebagai kode untuk menyimpan sebuah data;60;56;63,25
1;Bagaimana konsep dasar sistem bilangan biner digunakan dalam ilmu komputer?;Untuk mentransfer data dari satu komponen ke komponen lain.;40;55;33,5
1;Bagaimana konsep dasar sistem bilangan biner digunakan dalam ilmu komputer?;Konsep dasar sistem bulangan biner digunakan khsusnya dalam ilmu komputer seabagai representasi data dan instruskis yang dipahami oleh komputer yang terdiri atas 0 dan 1;70;80;76,75
1;Bagaimana konsep dasar sistem bilangan biner digunakan dalam ilmu komputer?;menerjemahkan bahasa manusia ke bahasa komputer;40;65;39,5
1;Bagaimana konsep dasar sistem bilangan biner digunakan dalam ilmu komputer?;Sistem bilangan biner adalah sitem bilangan yg terdiri dari 2 bentuk yaitu 0 dan 1;65;56;63,5
1;Bagaimana konsep dasar sistem bilangan biner digunakan dalam ilmu komputer?;Karena komputer hanya menggunakan 2 simbol yaitu 0 dan 1 jadi komputer hanya bisa membaca bilangan biner yaitu 0 dan 1;65;60;69,5
1;Bagaimana konsep dasar sistem bilangan biner digunakan dalam ilmu komputer?;Salah satu kegunaan dari konsep dasar sistem bilangan biner dalam ilmu komputer adalah proses konversi karakter pada keyboard menjadi data biner. Proses konversi ini dibutuhkan karena komputer hanya dapat mengenali atau memproses dua keadaan saja yaitu satu dan nol.;65;65;67,5
1;Bagaimana konsep dasar sistem bilangan biner digunakan dalam ilmu komputer?;Konsep dasar sistem bilangan biner bekerja dengan dua kondisi dasar On 1 dan Off 0 penggunaannya meliputi dalam bentuk huruf dan gambar dalam bentuk ASCII dan juga lokasi dalam memori.;65;70;73
1;Bagaimana konsep dasar sistem bilangan biner digunakan dalam ilmu komputer?;Konsep dasar sistem bilangan biner hanya mengenal 0 dan 1 untuk mewakilkan informasi dan instruksi pada komputer.;70;60;69,5
1;Bagaimana konsep dasar sistem bilangan biner digunakan dalam ilmu komputer?;Digunakan dalam beberapa mata kuliah;20;0;19
1;Bagaimana konsep dasar sistem bilangan biner digunakan dalam ilmu komputer?;Konsepnya menggunakan dua angka yaitu 1 dan 0. Analogi seperti kotak kosong, kotak tersebut bisa berisi 1 atau 0. Misalnya ada 4 kotak kosong, disebut byte dan 1 kotak kosong disebut bit;65;50;73,5
1;Bagaimana konsep dasar sistem bilangan biner digunakan dalam ilmu komputer?;Sistem bilangan biner itu kayak bahasa dasarnya komputer. Kalau kita biasa pakai angka 0 sampai 9 (desimal), komputer cuma ngerti dua angka: 0 dan 1. Semua data, perintah, dan proses di dalam komputer pada dasarnya diubah jadi kombinasi 0 dan 1 ini;65;80;59,25
1;Bagaimana konsep dasar sistem bilangan biner digunakan dalam ilmu komputer?;Sistem ini digunakan sebagai representasi data dan sebagai dasar dari logika komputer. Ini diterapkan dalam pemrosesan data, penyimpanan data, juga bahasa komputer;70;60;77,25
1;Bagaimana konsep dasar sistem bilangan biner digunakan dalam ilmu komputer?;bilangan yang bisa dibaca komputer;40;60;36
1;Bagaimana konsep dasar sistem bilangan biner digunakan dalam ilmu komputer?;Karena dasar sistem bilangan biner digunakan untuk merepresetasikan data atau instruksi dan hanya menggunakan 2 simbol yaitu 0 dan 1;75;55;73,5
1;Bagaimana konsep dasar sistem bilangan biner digunakan dalam ilmu komputer?;Karena komputer hanya bisa membaca 0 dan 1 maka diperlukan konsep biner;60;60;53
1;Bagaimana konsep dasar sistem bilangan biner digunakan dalam ilmu komputer?;Digunakan oleh perangkat elektronik untuk merepresentasikan instruksi menggunakan hanya 0 dan 1;65;60;68,5
1;Bagaimana konsep dasar sistem bilangan biner digunakan dalam ilmu komputer?;konsep dasar sistem bilangan biner dalam ilmu komputer digunakan untuk representasi dan juga manipulasi data melalui sinyal listrik konsep dasar sistem bilangan biner sangat andal karena hanya ada dua kemungkinan nilai (0 atau 1), sehingga kesalahan dalam transmisi atau penyimpanan data lebih mudah diidentifikasi dan diperbaiki.;75;56;67,25
1;Bagaimana konsep dasar sistem bilangan biner digunakan dalam ilmu komputer?;Binary Digunakan pada Komputer Secara hampir menyeluruh sehingga mempelajari biner penting untuk ilmu dasar komputer;70;56;74
1;Bagaimana konsep dasar sistem bilangan biner digunakan dalam ilmu komputer?;Sistem bilangan biner digunakan untuk merepresentasikan data dan instruksi dalam bentuk 0 dan 1, yang diproses oleh komputer.;85;60;84,25
1;Bagaimana konsep dasar sistem bilangan biner digunakan dalam ilmu komputer?;Pada sistem bilangan biner, hanya terdapat angka 1 dan 0. Angka 1 mewakili ON berarti mengalirkan listrik, angka 0 mewakili OFF berarti listrik tidak dialirkan.;60;60;62,25
1;Bagaimana konsep dasar sistem bilangan biner digunakan dalam ilmu komputer?;Komputer menggunakan biner untuk mengolah representasi data dan penggunaan pada gerbang logika;65;56;60,5
1;Bagaimana konsep dasar sistem bilangan biner digunakan dalam ilmu komputer?;Bilangan biner adalah dasar logika dari komputer itu sendiri. Semua data dalam komputer, yang oaling kompleks sekalipun, disimpan berupa bilangan biner (1 dan 0);65;56;65,75
1;Bagaimana konsep dasar sistem bilangan biner digunakan dalam ilmu komputer?;agar dalam ilmu komputer, biner merupakan sistem lebih mudah dimengerti;65;50;59,75
1;Bagaimana konsep dasar sistem bilangan biner digunakan dalam ilmu komputer?;Bilangan Biner dalam ilmu komputer adalah dasar representasi data dalam komputer dengan menggunakan basis 2 dimana hanya ada amgka 1 dan 0 yang mana hal tersebut sangat cocok dengan bahasa mesin (sistem digital lain) dimana hanya bisa membaca dua hal yaitu High (1) atau Low (0);65;56;69,5
1;Bagaimana konsep dasar sistem bilangan biner digunakan dalam ilmu komputer?;Sistem bilangan biner menggunakan angka 0 dan 1 sebagai acuan data dan perintah dalam komputer. Bilangan biner digunakan dalam berbagai proses seperti penyimpanan data, perhitungan, dan komunikasi antar perangkat. Perangkat keras komputer, seperti transistor dan gerbang logika, berfungsi dengan angka 0 dan 1 untuk menjalankan operasi. Secara keseluruhan, bilangan biner adalah dasar dari semua fungsi dan operasi komputer.;70;80;68
1;Bagaimana konsep dasar sistem bilangan biner digunakan dalam ilmu komputer?;Sistem bilangan biner terdiri dari dua digit yaitu 0 dan 1. Secara singat sistem bilangan biner merupakan dasar dari semua operasi dalam ilmu komputer. Dengan ini, komputer dapat melakukan operasi logika dengan efisien;75;60;71,5
1;Bagaimana konsep dasar sistem bilangan biner digunakan dalam ilmu komputer?;Bilangan biner adalah nilai yang terdiri atas angka 0 dan 1;65;55;65
1;Bagaimana konsep dasar sistem bilangan biner digunakan dalam ilmu komputer?;Komputer tidak dapat membaca selain 0 dan 1 maka konsep biner digunakan untuk mengkonversi bilangan agar dapat dibaca komputer;65;70;58,5
1;Bagaimana konsep dasar sistem bilangan biner digunakan dalam ilmu komputer?;Bilangan biner adalah jenis sistem bilangan yang hanya menggunakan angka 0 dan 1. Setiap digit dalam bilangan biner mewakili nilai 2^n. Dan nilai n itu dimulai dari 0. Urutannya dimulai dari kiri.;70;40;75,25
1;Bagaimana konsep dasar sistem bilangan biner digunakan dalam ilmu komputer?;Komputer hanya mengenal dua keadaan dasar, yaitu nol(low) dan satu (high), pengolahan data, instruksi,alamat memori direpresentasikan dalam bentuk biner.;60;56;64
1;Bagaimana konsep dasar sistem bilangan biner digunakan dalam ilmu komputer?;Sepengetahuan saya konsep bilangan biner merupakan dasar dari semua kompoter karena binary state berupa 0 dan 1 dapat dibuat/diwakilkan oleh sinyal listrik;65;60;63
1;Bagaimana konsep dasar sistem bilangan biner digunakan dalam ilmu komputer?;Tidak tahu;0;0;0
1;Bagaimana konsep dasar sistem bilangan biner digunakan dalam ilmu komputer?;Konsep aliran listrik di mana angka satu mewakili transistor saat mendapatkan arus dan 0 tidak;40;56;40,75
1;Bagaimana konsep dasar sistem bilangan biner digunakan dalam ilmu komputer?;konsep sistem bilangan biner paling dasar digunakan untuk mengalokasikan memori ketika sedang digunakan;60;0;55,25
1;Bagaimana konsep dasar sistem bilangan biner digunakan dalam ilmu komputer?;;0;0;0
1;Bagaimana konsep dasar sistem bilangan biner digunakan dalam ilmu komputer?;Sistem bilangan biner itu dasarnya cuma pakai dua angka, 0 dan 1, yang jadi bahasa utama komputer. Dalam ilmu komputer, biner dipakai karena komputer bekerja dengan sinyal listrik on-off, jadi semua data, dari teks sampai gambar, dikonversi ke biner supaya bisa diproses dan disimpan.;65;80;61,75
1;Bagaimana konsep dasar sistem bilangan biner digunakan dalam ilmu komputer?;Menggunakan tipe hexadecimal , octa, dan double binary (pangkat 16, pangkat 8, pangkat 2) masing masing mewakilkan banyaknya satuan memori yang dibutuhkan untuk menampung.;40;0;35,75
1;Bagaimana konsep dasar sistem bilangan biner digunakan dalam ilmu komputer?;Konsep dasar sistem bilangan biner digunakan dalam ilmu komputer untuk merepresentasikan informasi dan instruksi.;80;60;84
1;Bagaimana konsep dasar sistem bilangan biner digunakan dalam ilmu komputer?;jadi komputer hanya bisa mengenai 2 angka yaitu 0 dan 1, 0 itu mati dan 1 itu hidup. Jadi semua data nanti diubah jadi 0 dan 1;65;60;61,25
1;Bagaimana konsep dasar sistem bilangan biner digunakan dalam ilmu komputer?;sistem biner adalah sistem data yang menggunakan 0 dan 1 untuk representasi data;75;50;77,25
1;Bagaimana konsep dasar sistem bilangan biner digunakan dalam ilmu komputer?;Sistem bilangan biner adalah suatu sistem dalam komputer dimana komputer membaca data secara bilangan biner;70;56;76,25
1;Bagaimana konsep dasar sistem bilangan biner digunakan dalam ilmu komputer?;Dalam ilmu komputer, sistem bilangan biner digunakan untuk melakukan segala operasi. Dimana operasi tertentu mempunyai suatu kode biner terkait;60;56;56
1;Bagaimana konsep dasar sistem bilangan biner digunakan dalam ilmu komputer?;bahasa yang digunakan oleh komputer;60;50;49,5
1;Bagaimana konsep dasar sistem bilangan biner digunakan dalam ilmu komputer?;sistem bilangan biner digunakan untuk menyimpan data, setau saya semua pakai 0 dan 1 mulai dari teks, gambar, dan operasi logika.;60;55;56,5
1;Bagaimana konsep dasar sistem bilangan biner digunakan dalam ilmu komputer?;Menggunakan 0 dan 1. Ada urutan 2?...2¹2?, disusun berurut, biasanya 4 digit 0/1 dipisah dengan spasi. Untuk nilainya 0 artinya nilai 2 nya tidak dihitung, nilai 1 nilai 2 nya dihitung (anggap saka ada angka 1dan 0 di depan angka 2 lalu jumlahkan);65;50;61
1;Bagaimana konsep dasar sistem bilangan biner digunakan dalam ilmu komputer?;konsep dasar bilangan biner yaitu 0 dan 1;60;50;54
1;Bagaimana konsep dasar sistem bilangan biner digunakan dalam ilmu komputer?;Bilangan biner bagaiman jumlah huruf yang kita gunakan untuk menulis data di dalam rangkaian komputer. Bisa saja kita menggunakan bilangan ternary, quartenary, octal, atau decimal, hanya saja teknologi transistor yang kita punya saat ini baru bisa menghasilkan dua kondisi yang diformalisasikan menjadi bilangan biner.;70;56;78
1;Bagaimana konsep dasar sistem bilangan biner digunakan dalam ilmu komputer?;Sistem bilangan biner merupakan sistem bilangan yang digunakan komputer untuk merepresentasikan data, baik itu angka, kata-kata, ataupun jenis data lain. Dalam sistem bilangan biner, nilai suatu digit hanya boleh berupa 0 atau 1. Hal ini berbeda dengan sistem bilangan desimal yang biasa kita gunakan yang memiliki angka 0 sampai 9 untuk setiap digit.;65;56;62,5
1;Bagaimana konsep dasar sistem bilangan biner digunakan dalam ilmu komputer?;"sistem bilangan biner cuma pake angka 0 dan 1 aja, yang ngerepresentasiin kondisi ""benar"" atau ""salah"". biasanya dipake buat ngerubah data ke bentuk yang bisa diproses komputer.";65;56;62,75
1;Bagaimana konsep dasar sistem bilangan biner digunakan dalam ilmu komputer?;Konsep dasar sistem bilangan biner digunakan dalam pemahaman dasar mengenai bagaimana komputer bekerja dan mengolah data yang berupa tipe data biner.;65;56;60,25
1;Bagaimana konsep dasar sistem bilangan biner digunakan dalam ilmu komputer?;Menurur saya, sistem bilangan biner adalah bilangan yang terdiri dari 2 angka, yaitu 0 dan 1;65;50;59,75
1;Bagaimana konsep dasar sistem bilangan biner digunakan dalam ilmu komputer?;Komputer pakai biner untuk data, logika, penyimpanan, komunikasi, dan instruksi.;70;56;65
1;Bagaimana konsep dasar sistem bilangan biner digunakan dalam ilmu komputer?;Sistem bilangan biner menggunakan dua angka, yaitu 0 dan 1, yang digunakan oleh komputer untuk menyimpan dan memproses data. Semua operasi komputer, seperti perhitungan aritmetika dan logika, dikodekan dalam bentuk biner untuk dipahami oleh prosesor.;75;70;69,25
1;Bagaimana konsep dasar sistem bilangan biner digunakan dalam ilmu komputer?;sistem bilangan biner dalam ilmu komputer digunakan dalam sistem digital yang digunakan untuk membuat rangkaian digital yang merupakan fundamental dari elektronik.;75;56;72
1;Bagaimana konsep dasar sistem bilangan biner digunakan dalam ilmu komputer?;Konsep dasar sistem bilangan biner dalam ilmu komputer digunakan dalam merepresentasikan nilai true or false, bahasa mesin, dan juga dalam logika.;75;55;72,75
1;Bagaimana konsep dasar sistem bilangan biner digunakan dalam ilmu komputer?;Sebagai bahasa mesin untuk melakukan berbagai macam command;40;50;36,5
1;Bagaimana konsep dasar sistem bilangan biner digunakan dalam ilmu komputer?;Konsep bilangan biner digunakan sebagai cara untuk berkomunikasi dengan komputer;65;56;56,25
1;Bagaimana konsep dasar sistem bilangan biner digunakan dalam ilmu komputer?;Komputer hanya bisa menerjemahkan sesuatu dengan angka biner, sehingga angka 0 dan 1 merepresentasikan sebuah data;60;70;58,25
1;Bagaimana konsep dasar sistem bilangan biner digunakan dalam ilmu komputer?;sebagai bahasa yang dipahami komputer;40;56;32,5
1;Bagaimana konsep dasar sistem bilangan biner digunakan dalam ilmu komputer?;Komputer hanya bisa membaca nilai ada (1) dan tidak ada (0) maka untuk mengonversi data yang kita kenal agar bisa diproses komputer maka kita harus mengubah data tersebut menjadi biner;65;70;60,5
1;Bagaimana konsep dasar sistem bilangan biner digunakan dalam ilmu komputer?;Sistem biner digunakan di komputer karena sesuai dengan logika digital dan sirkuit elektronik yang hanya punya dua keadaan on/off. Ini jadi dasar representasi data dan operasi komputasi.;75;70;80,5
1;Bagaimana konsep dasar sistem bilangan biner digunakan dalam ilmu komputer?;Sistem bilangan biner digunakan dalam komputer untuk representasi data, operasi logika, dan penyimpanan informasi, karena komputer hanya mengenali angka 0 dan 1.;80;70;78
1;Bagaimana konsep dasar sistem bilangan biner digunakan dalam ilmu komputer?;bilangan biner merupakan bilangan 0 dan 1 yang dapat merepesentasikan data pada komputer;65;65;64
1;Bagaimana konsep dasar sistem bilangan biner digunakan dalam ilmu komputer?;Digunakan sebagai dasar operasi komputer karena hanya terdiri dari 0 dan 1, merepresentasikan keadaan mati/nyala (off/on) dalam sirkuit digital.;70;60;69
1;Bagaimana konsep dasar sistem bilangan biner digunakan dalam ilmu komputer?;Komputer menggunakan sistem bilangan biner karena hanya mengenali dua keadaan, 1 (ON) dan 0 (OFF), sehingga semua data dan instruksi dikodekan dalam bentuk biner. Selain itu, operasi logika, penyimpanan data, serta eksekusi program bergantung pada bilangan biner agar dapat diproses oleh hardware.;75;80;69,5
1;Bagaimana konsep dasar sistem bilangan biner digunakan dalam ilmu komputer?;Sistem bilangan biner menggunakan dua angka, yaitu 0 dan 1, yang menjadi dasar dalam representasi data dan instruksi di komputer.;75;60;80,25
1;Bagaimana konsep dasar sistem bilangan biner digunakan dalam ilmu komputer?;konsep dasarnya menggunakan 0 dan 1, setiap data, termasuk angka, teks, gambar, dan instruksi, diubah menjadi urutan 0 dan 1 (bit) sebelum diolah oleh komputer;65;60;66
1;Bagaimana konsep dasar sistem bilangan biner digunakan dalam ilmu komputer?;saya tidak tahu;0;0;0
1;Bagaimana konsep dasar sistem bilangan biner digunakan dalam ilmu komputer?;memungkinkan perangkat elektronik untuk merepresentasikan informasi dan instruksi menggunakan dua nilai sederhana, yaitu 0 dan 1;65;65;59
1;Bagaimana konsep dasar sistem bilangan biner digunakan dalam ilmu komputer?;Sistem bilangan biner menggunakan angka 0 dan 1 untuk mewakili data dalam komputer. Semua informasi, seperti angka dan teks, diubah menjadi biner agar bisa diproses. Sistem ini mendukung operasi logika, penyimpanan data, dan komunikasi antar perangkat, yang menjadi dasar bagi hampir semua teknologi komputer.;70;65;63,75
1;Bagaimana konsep dasar sistem bilangan biner digunakan dalam ilmu komputer?;Sistem bilangan biner digunakan untuk melakukan operasi pada komputer, ini untuk menjembatani komunikasi antara manusia dan komputer.;70;56;68
1;Bagaimana konsep dasar sistem bilangan biner digunakan dalam ilmu komputer?;Menurut saya, sistem bilangan biner adalah dasar kerja komputer karena komputer hanya mengenali dua keadaan: ON (1) dan OFF (0). Semua data seperti teks, gambar, dan suara diubah menjadi biner agar bisa diproses. Komputer juga melakukan perhitungan dan logika dengan angka biner, menyimpan data dalam bentuk biner, serta menggunakan biner dalam komunikasi jaringan dan keamanan data.;60;80;61,5
1;Bagaimana konsep dasar sistem bilangan biner digunakan dalam ilmu komputer?;penggunaan 01 sebagai bahasa;40;55;35,5
1;Bagaimana konsep dasar sistem bilangan biner digunakan dalam ilmu komputer?;konsep bilangan biner adalah menerjemahkan bahasa yang dimengerti oleh manusia ke dalam bahasa yang dipahami oleh komputer, sepeti angka 1 (dipahami oleh manusia) diterjemahkan ke 0001 agar dimengerti komputer.;70;60;74
1;Bagaimana konsep dasar sistem bilangan biner digunakan dalam ilmu komputer?;Sistem bilang biner merupakan sistem bilangan berupa angka 1 dan 0. Dalam ilmu komputer, bilangan biner merepresentasikan semua data dan tugas yang dilaksanakan komputer.;70;56;72,75
1;Bagaimana konsep dasar sistem bilangan biner digunakan dalam ilmu komputer?;saya kurang tahu;0;0;0
1;Bagaimana konsep dasar sistem bilangan biner digunakan dalam ilmu komputer?;sistem bilangan biner terdiri atas 0 dan 1, karena komputer hanya dapat membaca/memahami kedua angka tersebut;65;65;68
1;Bagaimana konsep dasar sistem bilangan biner digunakan dalam ilmu komputer?;jadi 0 itu jika false dan 1 itu jika true dan semua perhitungan dan cara fungsu komputer itu dari 1 atau 0;65;55;57,5
1;Bagaimana konsep dasar sistem bilangan biner digunakan dalam ilmu komputer?;Konsep dasar sistem bilangan biner digunakan dalam ilmu komputer untuk merepresentasikan data dan instruksi. Sistem bilangan biner menggunakan dua simbol, 0 dan 1;85;56;85
1;Bagaimana konsep dasar sistem bilangan biner digunakan dalam ilmu komputer?;Dalam bentuk paling sederhana, bilangan biner merepresentasikan 1 sebagai arus listrik mengalir dan 0 sebagai arus listrik tidak mengalir pada suatu komponen komputer;65;56;59
1;Bagaimana konsep dasar sistem bilangan biner digunakan dalam ilmu komputer?;Sistem bilangan biner digunakan untuk merepresentasikan data di dalam komputer;75;56;80,25
1;Bagaimana konsep dasar sistem bilangan biner digunakan dalam ilmu komputer?;dalam ilmu komputer memungkinkan perangkat elektronik untuk merepresentasikan informasi dan instruksi menggunakan dua nilai sederhana, yaitu 0 dan 1.;70;56;64,25
1;Bagaimana konsep dasar sistem bilangan biner digunakan dalam ilmu komputer?;Sistem bilangan biner menggunakan dua angka, yaitu 0 dan 1, yang merepresentasikan keadaan listrik dalam komputer (mati = 0, hidup = 1). Semua data dan instruksi dalam komputer dikodekan dalam bentuk biner, termasuk teks, gambar, suara, dan perintah eksekusi.;70;56;75
1;Bagaimana konsep dasar sistem bilangan biner digunakan dalam ilmu komputer?;komputer hanya bisa mengolah data dalam skala 1 atau 0 yang diketahui juga sebagai bilangan biner;60;56;67
1;Bagaimana konsep dasar sistem bilangan biner digunakan dalam ilmu komputer?;Sistem bilangan biner digunakan dalam komputer karena hanya memiliki dua nilai, yaitu 0 dan 1, yang merepresentasikan kondisi listrik hidup dan mati. Semua data dan instruksi dalam komputer dikodekan dalam bentuk biner, termasuk teks, angka, gambar, dan suara.;70;80;70,5
1;Bagaimana konsep dasar sistem bilangan biner digunakan dalam ilmu komputer?;Bilangan binner digunakan untuk menyimpan data dalam komputer dan bisa juga menjadi suatu bahasa untuk menjalankan komputer.;70;50;69,75
1;Bagaimana konsep dasar sistem bilangan biner digunakan dalam ilmu komputer?;Sistem bilangan biner yang digunakan dalam ilmu komputer terdiri atas bilangan 1 dan . Bilangan 1 dan 0 mempresentasikan logika yes dan no. Bilangan biner berguna untuk konversi ke bilangan lain seperti oktal, heksadesimal dan lain lain;70;50;67
1;Bagaimana konsep dasar sistem bilangan biner digunakan dalam ilmu komputer?;konsep bilangan biner sangat penting digunakan dalam ilmu komputer dikarenakan komputer hanya bisa memahami bahasa itu dan kita sebagai manusia bisa dengan mudah mempelajari itu;70;60;69
1;Bagaimana konsep dasar sistem bilangan biner digunakan dalam ilmu komputer?;Konsep dasar sistem bilangan biner dalam ilmu komputer adalah menggunakan dua angka, yaitu 0 dan 1, untuk merepresentasikan semua data dan informasi dalam komputer.;80;56;81
1;Bagaimana konsep dasar sistem bilangan biner digunakan dalam ilmu komputer?;bilangan yang dihitung menggunakan angka 1 dan 0;65;50;60,5
1;Bagaimana konsep dasar sistem bilangan biner digunakan dalam ilmu komputer?;digunakan sebagai logika untuk pembentuk seperti penyimpanan penjumlahan dll;60;50;56,5
1;Bagaimana konsep dasar sistem bilangan biner digunakan dalam ilmu komputer?;Mengkonversi bahasa manusia agar bisa dipahami oleh komputer.;60;56;56,25
1;Bagaimana konsep dasar sistem bilangan biner digunakan dalam ilmu komputer?;bahasa komputer;60;50;51,5
1;Bagaimana konsep dasar sistem bilangan biner digunakan dalam ilmu komputer?;bilangan biner menentukan suatu proses on(1)/off(0);60;50;60,5
1;Bagaimana konsep dasar sistem bilangan biner digunakan dalam ilmu komputer?;Sistem bilangan biner itu dasar banget di ilmu komputer karena komputer cuma ngerti dua angka: 0 dan 1. Semua data, instruksi, dan operasi komputer diterjemahkan ke dalam bentuk biner. Misalnya, angka, teks, gambar, dan suara semuanya dikodekan pakai kombinasi 0 dan 1. Selain itu, logika biner dipakai buat operasi di prosesor, kayak AND, OR, dan NOT. Jadi, tanpa biner, komputer nggak bakal jalan.;75;100;75,25
1;Bagaimana konsep dasar sistem bilangan biner digunakan dalam ilmu komputer?;Bilangan biner adalah bahasa yang dimengerti komputer sehingga sistem bilangan biner ini digunakan untuk merepresentasikan data, instruksi, dan perhitungan.;75;80;73
1;Bagaimana konsep dasar sistem bilangan biner digunakan dalam ilmu komputer?;Komputer tidak bisa menerima bahasa-bahasa sulit yang digunakan manusia, sehingga komputer menggunakan biner untuk kalkulasi, logika, dan lainnya.;65;70;72,25
1;Bagaimana konsep dasar sistem bilangan biner digunakan dalam ilmu komputer?;perhitungan dan data selalu berbentuk 0 dan 1;30;50;26,75
1;Bagaimana konsep dasar sistem bilangan biner digunakan dalam ilmu komputer?;Dasar dalam ilmu komputer dikarenakan komputer hanya memgetahui dua angka 1 dan 0, fungsinya untul mepresentasikan data, aritmatika, menyimpan memori, dan untuk pemrograman dan algoritma;65;60;64,5
1;Bagaimana konsep dasar sistem bilangan biner digunakan dalam ilmu komputer?;Sistem bilangan biner dalam ilmu komputer misalnya digunakan dalam pemrograman seperti 1 memiliki arti true dan 0 memiliki arti false;65;50;71,75
1;Bagaimana konsep dasar sistem bilangan biner digunakan dalam ilmu komputer?;Sistem bilangan yang hanga mengenali 2 statement (0 dan 1);60;50;58,25
1;Bagaimana konsep dasar sistem bilangan biner digunakan dalam ilmu komputer?;Konsep bilangan biner 0 dan 1 menjadi dasar dalam representasi data, operasi logika, pemrograman, serta penyimpanan dan pemrosesan informasi di perangkat keras.;70;55;69,5
1;Bagaimana konsep dasar sistem bilangan biner digunakan dalam ilmu komputer?;Konsep dasar bilangan biner dalam ilmu komputer adalah 0 dan 1. Biasanya 1 ditandakan dengan false dan 0 ditandakan dengan true. Komputer lebih bisa atau lebih lancar ketika membaca 0 dan 1 (biner). Biner tersebut akan diterjemahkan lebih lanjut dan menghasilkan perintah perintah tertentu.;65;40;66
1;Bagaimana konsep dasar sistem bilangan biner digunakan dalam ilmu komputer?;bilangan biner menggunakan dua angka yakni 0 dan 1, dalam ilmu komputer sebuah data dan intruksi di ubah menjadi bilangan biner;65;56;67,75
1;Bagaimana konsep dasar sistem bilangan biner digunakan dalam ilmu komputer?;Digit biner terdiri dari 2 angka, yaitu 1 dan 0. Setiap digit biner yg bernilai 1, memiliki nilai sesuai urutan nilai 2^n dimana n mulai dari 0, urutan nya dari kiri. Jika digit bernilai 0, maka digit bernilai 0;65;0;64
1;Bagaimana konsep dasar sistem bilangan biner digunakan dalam ilmu komputer?;Direpresentasikan oleh nilai 1 dan 0 yang digunakan dalam sistem/sirkuit digital;60;50;60
1;Bagaimana konsep dasar sistem bilangan biner digunakan dalam ilmu komputer?;Bilangan biner digunakan dalam operasi aritmatika pada sistem digital.;65;50;69
1;Bagaimana konsep dasar sistem bilangan biner digunakan dalam ilmu komputer?;Biner merupakan bilangan yang dapat dimengerti oleh mesin, karna hanya terdiri oleh 2 nilai, yaitu 0 dan 1.;70;56;69
1;Bagaimana konsep dasar sistem bilangan biner digunakan dalam ilmu komputer?;Bilangan biner terdiri dari kumpulan angka 0 dan 1 digunakan untuk penyimpanan data juga instruksi mesin program komputer dimana 0 bernilai false (mati) dan 1 bernilai true (hidup);65;56;66
1;Bagaimana konsep dasar sistem bilangan biner digunakan dalam ilmu komputer?;Konsep dasar bilangan biner digunakan ilmu komputer dalam bahasa mesin. Bahasa mesin ini berupa angka 0 dan 1 akan dikonversi ke bahasa assembly lalu ke bahasa high native languange;70;55;71
1;Bagaimana konsep dasar sistem bilangan biner digunakan dalam ilmu komputer?;Biner adalah sistem bilangan basis 2, 0 dan 1, true dan false. Sistem ini dipakai untuk representasi data digital yang merupakan satu-satunya bahasa yang mesin bisa pahami;70;60;69
1;Bagaimana konsep dasar sistem bilangan biner digunakan dalam ilmu komputer?;konsep dasar sistem bilangan biner menjadi dasar konsep bilangan lain seperti hexadecimal dan digunakan dalam pemrograman pemrograman menggunakan bahasa low level seperti assembly dimana binary sering muncul;65;56;63,75
1;Bagaimana konsep dasar sistem bilangan biner digunakan dalam ilmu komputer?;Sistem bilangan biner adalah dasar dari operasi komputasi modern. Komputer menggunakan bilangan biner (0 dan 1) untuk merepresentasikan data dan instruksi karena perangkat keras komputer (seperti transistor) hanya memiliki dua keadaan true(1) false(0).;75;56;76
1;Bagaimana konsep dasar sistem bilangan biner digunakan dalam ilmu komputer?;Komputer hanya mengerti 2 angka yaitu 0 dan 1. Setahu saya, alasan komputer menggunakan sistem bilangan biner adalah untuk mempermudah dan mengefisiensi operasi dalam komputer tersebut.;65;60;63,25
1;Bagaimana konsep dasar sistem bilangan biner digunakan dalam ilmu komputer?;Bilnagan biner digunakan pada instruksi dalam prosesor. Prosesor 64-bit dapat memproses bilangan biner 64-bit.;65;50;64
1;Bagaimana konsep dasar sistem bilangan biner digunakan dalam ilmu komputer?;Bilangan biner merupakan nilai yang merepresentasikan benar salahnya sebuah kondisi. Jika bernilai 1 artinya benar dan jika bernilai 0 artinya salah.;60;50;64,5
1;Bagaimana konsep dasar sistem bilangan biner digunakan dalam ilmu komputer?;Konsep dasar sistem bilangan biner digunakan dalam ilmu komputer dengan membaca 0 sebagai LOW dan 1 sebagai HIGH.;65;50;71,5
1;Bagaimana konsep dasar sistem bilangan biner digunakan dalam ilmu komputer?;Bilangan biner digunakan dalam ilmu komputer sebagai dasar pemrosesan mesin dalam mengolah perintah yang 'user' tuliskan atau lakukan tenhadap suatu program atau komputer itu sendiri.;60;56;59,75
2;Apa peran CPU (Central Processing Unit) dalam sistem komputer?;cpu merupakan otak komputer dimana ia berperan dalam mengontrol, mengolah, mengolah perangkat lunak atau keras;70;70;62,75
2;Apa peran CPU (Central Processing Unit) dalam sistem komputer?;CPU berperan sebagai otak bagi komputer. Hal ini berarti CPU berperan dalam memroses input yang diberikan kemudian memberikan output sesuai yang diinginkan/yang telah diatur. ;70;65;75,25
2;Apa peran CPU (Central Processing Unit) dalam sistem komputer?;CPU berperan sebagai otak dari sistem yang berjalan;70;60;68
2;Apa peran CPU (Central Processing Unit) dalam sistem komputer?;CPU itu bisa dibilang otaknya komputer. Tugasnya menjalankan perintah dari program, mulai dari ngolah data, ngatur jalannya proses, sampai ngatur komunikasi antara perangkat. Ada tiga bagian utama di CPU: ALU buat ngitung dan ngolah data, CU buat ngatur jalannya instruksi, dan register buat nyimpen data sementara. CPU kerja dalam siklus yang disebut fetch-decode-execute, yaitu ngambil perintah, ngejelasin maksudnya, terus ngejalanin.;70;100;71,5
2;Apa peran CPU (Central Processing Unit) dalam sistem komputer?;mengeksekusi instruksi dan memproses data, memastikan semua perintah yang diberikan dapat dijalankan dengan benar;75;75;77
2;Apa peran CPU (Central Processing Unit) dalam sistem komputer?;Melakukan peran kalkulasi aritmatika yang dibutuhkan oleh program;70;60;61,75
2;Apa peran CPU (Central Processing Unit) dalam sistem komputer?;CPU berperan sebagai otak komputer yang mengeksekusi instruksi dari program dengan melakukan operasi aritmetika, logika, kontrol, dan input/output. CPU mengelola proses komputasi dengan mengambil data dari memori, memprosesnya, lalu menyimpan atau mengirim hasilnya.;75;100;79,5
2;Apa peran CPU (Central Processing Unit) dalam sistem komputer?;CPU adalah otak komputer yang mengambil, menguraikan, dan mengeksekusi instruksi untuk mengendalikan seluruh operasi sistem.;75;80;76,5
2;Apa peran CPU (Central Processing Unit) dalam sistem komputer?;CPU berperan sebagai otak komputer yang menjalankan instruksi, memproses data, dan mengendalikan komponen lainnya.;70;95;74,75
2;Apa peran CPU (Central Processing Unit) dalam sistem komputer?;CPU berfungsi sebagai perangkat keras yang mengolah data pada komputer, pengolahan data di CPU digunakan dengan sistem biner yang akan diolah melalui semikonduktor yang bekerja dengan gerbang logika, dimana semikonduktor dapat menjadi isolator maupun konduktor. Semikonduktor akan mengkonduksi ketika syarat gerbang logika terpenuhi.;70;70;78,75
2;Apa peran CPU (Central Processing Unit) dalam sistem komputer?;komponen utama yang memproses sinyal dan memungkinkan komputasi.;50;56;44,5
2;Apa peran CPU (Central Processing Unit) dalam sistem komputer?;Memproses instruksi dan data;65;60;65
2;Apa peran CPU (Central Processing Unit) dalam sistem komputer?;CPU adalah chip utama yang mengelola semua aktifitas komputer.;60;60;54,5
2;Apa peran CPU (Central Processing Unit) dalam sistem komputer?;"CPU (Central Processing Unit) berperan sebagai ""otak"" dari sistem komputer. Tugas utamanya adalah memproses data dan menjalankan instruksi dari program yang ada. CPU menerima perintah dari perangkat lunak, mengolah informasi, dan mengirimkan hasilnya ke komponen lainnya, seperti memori atau perangkat output. Proses ini melibatkan beberapa langkah, seperti mengambil instruksi (fetch), menginterpretasikan instruksi (decode), dan menjalankan instruksi (execute). Selain itu, CPU juga mengatur alur kerja komputer melalui pengendalian unit (control unit) dan melakukan perhitungan dengan unit aritmatika logika (ALU). Dengan kata lain, CPU mengkoordinasikan dan menjalankan sebagian besar proses yang memungkinkan komputer berfungsi.";75;100;78
2;Apa peran CPU (Central Processing Unit) dalam sistem komputer?;tidak tahu;0;0;0
2;Apa peran CPU (Central Processing Unit) dalam sistem komputer?;peran CPU (Central Processing Unit) dalam sistem komputer adlaah memproses perintah dan melakukan tugas komputasi;70;70;74,5
2;Apa peran CPU (Central Processing Unit) dalam sistem komputer?;CPU adalah komponen utama yang memproses sinyal dan memungkinkan komputasi. CPU bertindak sebagai otak dari perangkat komputasi apa pun. CPU mengambil instruksi dari memori, melakukan tugas yang diperlukan, dan mengirim output kembali ke memori.;70;75;70
2;Apa peran CPU (Central Processing Unit) dalam sistem komputer?;CPU merupakan otak dari komputer, artinya data data dalam komputer akan diproses oleh CPU;70;60;62
2;Apa peran CPU (Central Processing Unit) dalam sistem komputer?;cpu dalam sistem komputer berfungsi untuk memproses intruksi agar dapat menghasilkan output yang di inginkan;70;60;74
2;Apa peran CPU (Central Processing Unit) dalam sistem komputer?;CPU adalah otak dari perangkat dalam sistem komputer;70;60;66,75
2;Apa peran CPU (Central Processing Unit) dalam sistem komputer?;CPU perannya dalam komputer setahu saya seperti otak dari komputer tersebut dimana jika diberikan suatu perintah ia akan melaksanakan perintah yang diberi itu;65;60;68
2;Apa peran CPU (Central Processing Unit) dalam sistem komputer?;Untuk memproses data dalam komputer dan menyimpan memory;70;65;62
2;Apa peran CPU (Central Processing Unit) dalam sistem komputer?;mengeksekusi instruksi untuk memproses data untuk menjalankan program dan aplikasi;85;70;86,5
2;Apa peran CPU (Central Processing Unit) dalam sistem komputer?;peran cpu yakni sebagai komponen yang paling penting agar komputer dapat dioperasikan denga optimal;40;55;40,5
2;Apa peran CPU (Central Processing Unit) dalam sistem komputer?;CPU (Central Processing Unit) berperan sebagai otak utama dalam sistem komputer. CPU mengeksekusi instruksi dari perangkat lunak dengan melakukan operasi aritmatika dan logika. Selain itu, CPU mengendalikan aliran data antara memori, perangkat input, dan output.;85;90;93,5
2;Apa peran CPU (Central Processing Unit) dalam sistem komputer?;CPU mengontrol komunikasi antara berbagai komponen komputer seperti RAM, hard drive, kartu grafis, dan perangkat input/output.;75;60;70
2;Apa peran CPU (Central Processing Unit) dalam sistem komputer?;Sa.ah satu peran cpu adalah sebagai otak dari sebuah perangkat elektronik;40;60;39
2;Apa peran CPU (Central Processing Unit) dalam sistem komputer?;cpu merupakan bagian vital dalam sebuah komputer. karenanya komputer dapat berfungsi menjalankan instruksi, memproses data, mengontrol komponen komputer lain, dll;70;80;74
2;Apa peran CPU (Central Processing Unit) dalam sistem komputer?;CPU atau central processing unit dalam komputer bertindak sebagai otak dari seluruh komputer dan mengendalikan fungsi komputer tersebut sexara umum;70;70;64,75
2;Apa peran CPU (Central Processing Unit) dalam sistem komputer?;CPU dalam sistem komputer adalah komponen yang berperan sebagai pemrroses data, penjalanan intruksi, dan mengontrol komponen komponen lainnya dalam suatu sistem komputer;70;80;65,5
2;Apa peran CPU (Central Processing Unit) dalam sistem komputer?;CPU adalah otak dari komputer semuanya digerakkan CPU ;60;60;61,25
2;Apa peran CPU (Central Processing Unit) dalam sistem komputer?;CPU (Central Processing Unit) adalah otak dari sistem komputer yang bertanggung jawab untuk menjalankan instruksi dan mengolah data. Perannya sangat penting dalam setiap operasi yang dilakukan oleh komputer. ;80;70;76,5
2;Apa peran CPU (Central Processing Unit) dalam sistem komputer?;cpu digunakan untuk memroses data, mengolah informasi, dan menjalankan sistem operasi pada suatu perangkat komputasi. cpu bisa disebut sebagai otak dari komputer;70;65;63
2;Apa peran CPU (Central Processing Unit) dalam sistem komputer?;Dari kepanjangannya sendiri, CPU adalah pusat pemrosessan data di suatu komputer atau perangkat elektronik. Intinya dia adalah otak yang mengatur semua kegiatan dan tugas yang diberikan dan harus dilakukan oleh komputer. Dengan adanya CPU, maka seluruh komponen pada komputer bisa digunakan (RAM, GPU, SSD, HDD, DSB);70;70;72
2;Apa peran CPU (Central Processing Unit) dalam sistem komputer?;CPU merupakkan komponen penting didlam sistem komputer, berfungsi sebagainotak yang melakukkan proses instruksi Dan pengolahan data yang ada, sehingga komputer dapat berjalan sebagaimana mestinya;70;65;74,5
2;Apa peran CPU (Central Processing Unit) dalam sistem komputer?;CPU memiliki peran untuk memproses suatu instruksi yang diberikan dari komputer;70;56;74
2;Apa peran CPU (Central Processing Unit) dalam sistem komputer?;"Sebagai ""otak"" komputer, memproses sinyal dan memungkinkan komputasi";70;60;68,25
2;Apa peran CPU (Central Processing Unit) dalam sistem komputer?;komponen utama yang memproses sinyal dan komputasi;60;60;55,5
2;Apa peran CPU (Central Processing Unit) dalam sistem komputer?;Sebagai controller tertinggi antara semua komponen komputer yang ada. Contohnya memory controller pada CPU Intel Haswell yang memiliki Integrated Memory Controller, System Agent, Dan I/O controller. Untuk sistem desktop modern, semua CPU menyediakan PCIe lanes yang akan digunakan oleh chipset.;65;75;64
2;Apa peran CPU (Central Processing Unit) dalam sistem komputer?;CPU merupakan pusat pemrosesan informasi sekaligus sebagai controller untuk komponen lain.;65;70;69
2;Apa peran CPU (Central Processing Unit) dalam sistem komputer?;Peran dari CPU atau Central Processing Unit adalah untuk memproses instruksi dan data. CPU juga melakukan operasi aritmatika dan logika. CPU diibaratkan sebagai otak dari sebuah komputer;85;80;81,5
2;Apa peran CPU (Central Processing Unit) dalam sistem komputer?;CPU berperan sebagai otak komputer yang mempunya komponen-komponen elektronik kompleks di dalamnya. Komponen ini berguna untuk sebagai saklar high dan low dalam menjalankan perintah user.;65;56;65,25
2;Apa peran CPU (Central Processing Unit) dalam sistem komputer?;CPU berperan sebagai otak komputer, yaitu perangkat yang mengatur dan mengendalikan operasi pada komputer serta menjalankan instruksi sesuai dengan input yang masuk. ;75;70;81,5
2;Apa peran CPU (Central Processing Unit) dalam sistem komputer?;CPU memiliki peran yang sangat integral di dalam komputer. Jika diibaratkan pada tubuh manusia, cpu adalah jantung dari komputer.  Cpu bertanggung jawab atas pelaksanaan instruksi-instruksi yang diberikan oleh komputer.;75;60;70,75
2;Apa peran CPU (Central Processing Unit) dalam sistem komputer?;CPU berperan dalam pemrosesan data dalam komputer. Salah satunya adalah Fetch-Decode-Execute. Fetch dengan mengambil instruksi dari ram, decode, memroses data yang diterima, execute, menjalankan instruksi yang sudah diproses.;70;65;76
2;Apa peran CPU (Central Processing Unit) dalam sistem komputer?;CPU atau Central Processing Unit  merupakan komponen dalam suatu perangkat keras yang menjadi sebuah otak dari komputer. Dikatakan sebagai otak komputer karena CPU bertugas untukmengejsekusi inteuksi yang diberikan kepada komputer dan  mengkoordinasi aktivitas yang ada di komputer. Selain itu juga CPU mengelola data yang disimpan dalam memori komputer.;70;70;79,5
2;Apa peran CPU (Central Processing Unit) dalam sistem komputer?;CPU adalah otak komputer yang menjalankan instruksi, mengolah data, dan mengontrol komponen lain. CPU mengambil, menerjemahkan, dan mengeksekusi perintah, serta berinteraksi dengan RAM dan perangkat lain untuk memastikan sistem berjalan dengan baik.;80;90;83
2;Apa peran CPU (Central Processing Unit) dalam sistem komputer?;CPU adalah komponen dalam komputer yang memiliki fungsi untuk menjalankan perintah perintah. CPU memungkinkan komputer untuk menjalankan bermacam macam fungsi fungsi.;70;60;72,5
2;Apa peran CPU (Central Processing Unit) dalam sistem komputer?;komponen utama yang memproses sinyal dan memungkinkan komputasi. CPU bertindak sebagai otak dari perangkat komputasi apa pun;60;60;54,5
2;Apa peran CPU (Central Processing Unit) dalam sistem komputer?;CPU adalah processor dalam sebuah komputer yang membaca dan menjalankan program yang diberi, program ini diberi dalam bahasa biner;70;60;71,75
2;Apa peran CPU (Central Processing Unit) dalam sistem komputer?;CPU (Central Processing Unit) adalah otak komputer yang bertanggung jawab untuk memproses data, mengontrol sistem, dan mengeksekusi instruksi program. CPU menjalankan operasi aritmetika, logika, serta mengatur aliran data agar sistem komputer berfungsi dengan optimal.;90;90;88
2;Apa peran CPU (Central Processing Unit) dalam sistem komputer?;CPU berperan sebagai otak komputer yang bertanggung jawab untuk mengeksekusi instruksi dari perangkat lunak.;80;70;74,25
2;Apa peran CPU (Central Processing Unit) dalam sistem komputer?;Sebagai otak utama dalam komputer;65;60;58,75
2;Apa peran CPU (Central Processing Unit) dalam sistem komputer?;CPU (Central Processing Unit) berperan sebagai otak dari sistem komputer yang bertanggung jawab untuk menjalankan berbagai instruksi dan proses komputasi. CPU mengolah data, mengeksekusi perintah dari perangkat lunak, serta mengoordinasikan kerja komponen lain seperti memori, penyimpanan, dan perangkat input/output. Dalam menjalankan tugasnya, CPU melakukan operasi aritmetika, logika, dan kontrol berdasarkan instruksi yang diterima dari program. Kecepatan dan efisiensi CPU sangat mempengaruhi kinerja keseluruhan komputer, sehingga semakin cepat prosesor bekerja, semakin baik pula kemampuan komputer dalam menangani berbagai tugas secara simultan.;80;100;84
2;Apa peran CPU (Central Processing Unit) dalam sistem komputer?;sebagai otak komputer;60;56;59
2;Apa peran CPU (Central Processing Unit) dalam sistem komputer?;Cpu berperan sebagai otak utama dalam komputer yang memproses program. Sinyal dan lainnya sehingga CPU ini bersifat esensial dalam komputer.;70;60;71,25
2;Apa peran CPU (Central Processing Unit) dalam sistem komputer?;Komponen dilakukannya pemrosesan data dan instruksi;65;60;66
2;Apa peran CPU (Central Processing Unit) dalam sistem komputer?;CPU atau Central Processing Unit berperan sebagai pusat pemrosesan utama dalam sistem komputer. Unit ini bertanggung jawab untuk menjalankan instruksi dari perangkat lunak dengan cara mengambil instruksi dari memori utama, menerjemahkannya agar dapat dipahami oleh sistem, lalu mengeksekusi instruksi tersebut, baik dalam bentuk perhitungan matematis, operasi logika, maupun pemindahan data. Dalam menjalankan tugasnya, CPU terdiri dari beberapa komponen utama, seperti Arithmetic Logic Unit (ALU) yang menangani operasi aritmetika dan logika, serta Control Unit (CU) yang mengatur aliran data dan koordinasi antar komponen sistem. Kinerja CPU sangat berpengaruh terhadap kecepatan dan efisiensi suatu komputer, sehingga faktor seperti jumlah inti (core), kecepatan clock, dan arsitektur prosesor menjadi aspek penting dalam menentukan performanya.;80;100;79
2;Apa peran CPU (Central Processing Unit) dalam sistem komputer?;Memproses seluruh data yang diterima dan memberikannya dalam bentuk output, CPU ini berisi banyak sekali transistor yang memungkinkan banyak proses dilakukan.;65;60;59
2;Apa peran CPU (Central Processing Unit) dalam sistem komputer?;memproses data, mengontrol seluruh pekerjaan pada komputer dan sebagai otak dari komputer tersebut;65;70;59,75
2;Apa peran CPU (Central Processing Unit) dalam sistem komputer?;CPU adalah otak dari swbuah komputer, CPU berfungsi untuk memproses data yang ada dan menjalankan intruksi;70;70;68
2;Apa peran CPU (Central Processing Unit) dalam sistem komputer?;CPU (Central Processing Unit) adalah otak komputer yang bertanggung jawab untuk mengeksekusi instruksi, mengolah data, dan mengoordinasikan operasi sistem. CPU menjalankan perintah dari perangkat lunak melalui siklus fetch, decode, dan execute, serta mengelola komunikasi antara perangkat keras seperti memori dan input/output. Dengan kecepatan dan efisiensi pemrosesannya, CPU menentukan kinerja keseluruhan sistem komputer.;80;100;86
2;Apa peran CPU (Central Processing Unit) dalam sistem komputer?;CPU bertindak sebagai otak dari perangkat komputasi apa pun. CPU mengambil instruksi dari memori, melakukan tugas yang diperlukan, dan mengirim output kembali ke memori.;70;70;66
2;Apa peran CPU (Central Processing Unit) dalam sistem komputer?;Sebagai pemroses data dan menjalankan program program;70;65;68,25
2;Apa peran CPU (Central Processing Unit) dalam sistem komputer?;CPU berperan sebagai otak komputer yang mengeksekusi instruksi dari program dengan melakukan operasi aritmetika, logika, dan kontrol.;85;90;86
2;Apa peran CPU (Central Processing Unit) dalam sistem komputer?;CPU (Central Processing Unit) adalah komponen utama yang berfungsi sebagai otak komputer untuk memproses instruksi, melakukan tugas, dan menghasilkan output. CPU merupakan perangkat keras yang terletak di motherboard dan terhubung dengan komponen penting lainnya seperti RAM dan GPU.;70;70;67,25
2;Apa peran CPU (Central Processing Unit) dalam sistem komputer?;CPU adalah komponen utama yang memproses sinyal dan memungkinkan komputasi. CPU bertindak sebagai otak dari perangkat komputasi apa pun. CPU mengambil instruksi dari memori, melakukan tugas yang diperlukan, dan mengirim output kembali ke memori.;70;70;75
2;Apa peran CPU (Central Processing Unit) dalam sistem komputer?;menjadi “otak” komputer atau lokasi pusat processing dalam komputer;60;60;49,25
2;Apa peran CPU (Central Processing Unit) dalam sistem komputer?;CPU berperan sebagai otak komputer yang menjalankan instruksi dari program, mengolah data, dan mengoordinasikan kerja perangkat keras lainnya.;70;80;72
2;Apa peran CPU (Central Processing Unit) dalam sistem komputer?;CPU (Central Processing Unit) merupakan bagian utama sistem komputer yang berfungsi untuk memproses data dan menjalankan perintah. CPU sering disebut sebagai otak komputer yang mengatut jalannya kehidupan komputer;65;65;67,25
2;Apa peran CPU (Central Processing Unit) dalam sistem komputer?;CPU atau Central Processing Unit adalah bagian utama dari komputer yang menjalankan tugas khusus sehingga perangkatmu bisa berjalan sesuai dengan perintah yang dimasukkan. Tugas khususnya adalah mengolah data yang diterima dari komponen-komponen lain, seperti memori, sistem operasi, program aplikasi dan sebagainya. Data diolah menggunakan prinsip aritmatik dan logika yang tentunya akurat secara matematis, sehingga membuat hasil operasinya pun tepat.;65;70;67
2;Apa peran CPU (Central Processing Unit) dalam sistem komputer?;"Dalam sebuah komputer, CPU menjadi unit utama komputer untuk memproses segala hal (general-purpose processor), ""otak"" dalam konteks berpikir dalam komputer tersebut terdapat dalam CPU";70;60;69
2;Apa peran CPU (Central Processing Unit) dalam sistem komputer?;CPU menjadi 'otak' dari PC yang mengatur kerja unit-unit lain di komputer serta memroses data;70;70;68
2;Apa peran CPU (Central Processing Unit) dalam sistem komputer?;CPU berguna sebagai “otak” dari komputer untuk memproses operasi logika.;70;60;66,25
2;Apa peran CPU (Central Processing Unit) dalam sistem komputer?;Central Processing Unit sesuai namanya adalah komponen utama atau pusat dari sebuah komputer berfungsi untuk mengolah data dan menjalankan perintah komputer.;65;60;68
2;Apa peran CPU (Central Processing Unit) dalam sistem komputer?;CPU pada sebuah komputer berfungsi seperti otak. CPU akan mengontrol semua komponen dalam sebuah komputer;65;70;56,5
2;Apa peran CPU (Central Processing Unit) dalam sistem komputer?;mengambil input, melakukan perhitungan biner, mengirim output;60;60;60,5
2;Apa peran CPU (Central Processing Unit) dalam sistem komputer?;cpu adalah otak dari suatu komputer, cpu adalah komponen yang fungsinya untuk menjalankan semua software yang ada di dalam komuter;60;60;58,25
2;Apa peran CPU (Central Processing Unit) dalam sistem komputer?;CPU adalah Komponen utama yang memproses data yang diperoleh menjadi sebuah fungsi, atau menjalankan sebuah fungsi yang sesuai dengan input yang diterima. CPU dapat diandaikan sebagai otak manusia dimana semua kontrol diatur olehnya.;60;70;63,25
2;Apa peran CPU (Central Processing Unit) dalam sistem komputer?;CPU digunakan sebagai otak dalam sistem komputer. CPU bisa menerima instruksi (input), memproses input yang diterima, dan mengeluarkan output menuju ke memori;60;65;65,5
2;Apa peran CPU (Central Processing Unit) dalam sistem komputer?;CPU mengolah data dan melakukan semua proses perhitungan dan berperan sebagai otak dari komputer.;70;65;69
2;Apa peran CPU (Central Processing Unit) dalam sistem komputer?;Menjalankan program dan menyimpan data;60;56;58,25
2;Apa peran CPU (Central Processing Unit) dalam sistem komputer?;CPU dalam sistem komputer disebut juga sebagai otak dalam komputer. CPU akan memproses instruksi yang diberikan oleh input.;70;60;67
2;Apa peran CPU (Central Processing Unit) dalam sistem komputer?;CPU adalah sebuah unit yang menjadi unit utama dalam pemrosesan dalam komputer. CPU menjalankan operasi aritmatika, logika, kontrol, dan input/output. CPU sering disebut sebagai otak dari komputer;80;80;80
2;Apa peran CPU (Central Processing Unit) dalam sistem komputer?;CPU merupakan pusat pemrosesan seluruh data dalam komputer. CPU berperan untuk menjalankan instruksi program, melakukan operasi logika dan aritmatika, mengelola cache, mendeteksi adanya ancaman malware, dan sebagainya.;80;80;83,75
2;Apa peran CPU (Central Processing Unit) dalam sistem komputer?;CPU berperan untuk menjalankan segala perintah yang kita berikan kepada komputer.;60;60;59,75
2;Apa peran CPU (Central Processing Unit) dalam sistem komputer?;CPU dalam komputer bisa dibilang sebagai otak dari suatus item komputer yang dimana memiliki fungsi untuk eksekusi program, koordinasi bagian lain dari sistem komputer, komunikasi dengan perangkat/komponen lain, dan untuk managemen memori yang akan digunakan dalam sistem komputer ini.;70;80;74,5
2;Apa peran CPU (Central Processing Unit) dalam sistem komputer?;CPU adalah otak dari komputer di mana segala komputasi dan proses dilakukan.;60;65;55
2;Apa peran CPU (Central Processing Unit) dalam sistem komputer?;Cpu merupakan otak dari sistem komputer, oleh karena itu cpu berperan sangat penting. cpu bekerja dengan melakukan instruksi yang ada dalam program perangkat.;70;65;78,5
2;Apa peran CPU (Central Processing Unit) dalam sistem komputer?;CPU pada dasarnya adalah otak dari komputer. Segala perintah/input yang diberikan kepada sistem komputer akan diproses melalui CPU. CPU akan mengekusi setiap perintah yang masuk lalu outputnya akan diteruskan pada perangkat keras lain yang akan menjalani program lanjutannya. Jadi beberapa tugas CPU adalah memproses intruksi yang ada, melakukan komputasi aritmatika, dan mengatur kerja masing masing komponen perangkat keras dalam sistem komputer;70;95;69,25
2;Apa peran CPU (Central Processing Unit) dalam sistem komputer?;"CPU itu seperti ""otak"" komputer. Tugasnya adalah menjalankan perintah, mengolah data, dan mengoordinasikan semua bagian komputer agar bekerja dengan baik. Saat kamu membuka aplikasi, mengetik, atau bermain game, CPU-lah yang mengerjakan semua perhitungan dan memastikan semuanya berjalan sesuai perintah. Semakin cepat CPU, semakin lancar komputer bekerja";70;75;66,5
2;Apa peran CPU (Central Processing Unit) dalam sistem komputer?;cpu berperan sebagai otaknya komputer;60;60;48,75
2;Apa peran CPU (Central Processing Unit) dalam sistem komputer?;CPU berfungsi sebagai otak komputer yang bertugas mengeksekusi instruksi dari perangkat lunak. CPU melakukan operasi aritmatika, logika, kontrol, dan input/output untuk menjalankan program dan memastikan komputer berfungsi dengan baik.;80;85;80,5
2;Apa peran CPU (Central Processing Unit) dalam sistem komputer?;CPU adalah otak dari komputer, cpu berguna untuk memproses semua data yang ada di komputer;70;65;70,75
2;Apa peran CPU (Central Processing Unit) dalam sistem komputer?;CPU adalah otak komputer yang berfungsi menjalankan instruksi program, mengolah data, serta mengoordinasikan kerja komponen lain agar sistem berjalan dengan optimal.;75;90;72,25
2;Apa peran CPU (Central Processing Unit) dalam sistem komputer?;Untuk mengatur sistem pada komputer;60;56;54
2;Apa peran CPU (Central Processing Unit) dalam sistem komputer?;Memproses sinyal;0;56;0
2;Apa peran CPU (Central Processing Unit) dalam sistem komputer?;Sebagai otaknya komputer untuk memproses data;60;60;61
2;Apa peran CPU (Central Processing Unit) dalam sistem komputer?;CPU berperan sebagai komponen utama yang mengolah instruksi dan data dalam komputer supaya unit komputer itu dapat bekerja dan melakukan fungsinya;70;60;65,25
2;Apa peran CPU (Central Processing Unit) dalam sistem komputer?;sebagai otak dari komputer yang memproses data, menjalankan instruksi, melakukan operasi;75;65;66
2;Apa peran CPU (Central Processing Unit) dalam sistem komputer?;CPU (Central Processing Unit) atau unit pemrosesan pusat adalah komponen utama komputer yang berfungsi memproses data dan menjalankan instruksi. CPU sering disebut sebagai otak komputer.;70;65;67,25
2;Apa peran CPU (Central Processing Unit) dalam sistem komputer?;Sebuah komponen yang berfungsi untuk memproses data dari beberapa input.;60;56;55
2;Apa peran CPU (Central Processing Unit) dalam sistem komputer?;CPU dalam komputer adalah komponen utama komputer yang berfungsi untuk memproses data dan menjalankan instruksi ibarat adalah otak dari komputer;70;65;62
2;Apa peran CPU (Central Processing Unit) dalam sistem komputer?;otak komputer;60;60;54,5
2;Apa peran CPU (Central Processing Unit) dalam sistem komputer?;Komponen utama komputer yang berfungsi sebagai otak komputer untuk dapat memproses data dan menjalankan fungsi tertentu;70;60;70
2;Apa peran CPU (Central Processing Unit) dalam sistem komputer?;Cpu adalah otak komputer untuk menjalankan dan mengolah data;70;60;66
2;Apa peran CPU (Central Processing Unit) dalam sistem komputer?;CPU dalam sistem komputer berperan sebagai otak yang memproses perintah dari komponen komputer lain dan memberikan output kepada komponen-komponen lain dalam sistem komputer.;70;60;78,75
2;Apa peran CPU (Central Processing Unit) dalam sistem komputer?;CPU itu ibaratkan sebuah otak jadi dia yang bertanggung jawab dalam menginstruksi dalam kegiatan komputer;75;65;73,25
2;Apa peran CPU (Central Processing Unit) dalam sistem komputer?;Peran CPU dalam sistem komputer adalah sebagai otak dari sebuah komputer di mana CPU bertugas memproses informasi atau instruksi yang diterima oleh komputer.;70;65;73
2;Apa peran CPU (Central Processing Unit) dalam sistem komputer?;Untuk membantu pengoprasian komputer;60;50;62,25
2;Apa peran CPU (Central Processing Unit) dalam sistem komputer?;Seperti otak. Yang mengkalkulasikan program-program yang berjalan dalam komputer;70;60;70
2;Apa peran CPU (Central Processing Unit) dalam sistem komputer?;CPU itu bisa dibilang otaknya komputer. Semua perintah yang kita kasih ke komputer, entah itu buka aplikasi, ngetik, atau main game, semuanya diproses dulu sama CPU.;65;60;71,5
2;Apa peran CPU (Central Processing Unit) dalam sistem komputer?;Menjalankan instruksi program, melakukan operasi aritmatika dan logika, mengontrol aliran data, mengakses memori, dll;80;85;84
2;Apa peran CPU (Central Processing Unit) dalam sistem komputer?;cpu berperan sebagai pemroses semua data komputer;60;60;58,5
2;Apa peran CPU (Central Processing Unit) dalam sistem komputer?;CPU dalam sistem komputer berperan sebagai otak dari komputer yang berguna untuk menjalankan instruksi yang diberikan;70;65;63
2;Apa peran CPU (Central Processing Unit) dalam sistem komputer?;CPU itu otaknya komputer buat ngoperasiin;60;60;59
2;Apa peran CPU (Central Processing Unit) dalam sistem komputer?;CPU berperan sebagai otak komputer yang memberikan instruksi agar sistem berjalan dengan baik;65;65;68,25
2;Apa peran CPU (Central Processing Unit) dalam sistem komputer?;ada 5 fungsi utama yang untuk cpu, yaitu menjalankan intruksi, mengandalkan aliran data, menjalankan program, mengatur sumber daya, dan juga mempercepat kinerja sistem. Intinya, CPU mengatur;70;85;66,75
2;Apa peran CPU (Central Processing Unit) dalam sistem komputer?;Peran CPU Pada Sistem Komputer adalah Sistem Utama yang Menjalankan Sistem Sistem untuk Menggunakan Komputer, tanpa adanya CPU, Komputer Tidak bisa digunakkan;65;65;67,5
2;Apa peran CPU (Central Processing Unit) dalam sistem komputer?;untuk memproses semua hal di komputer;60;60;53,75
2;Apa peran CPU (Central Processing Unit) dalam sistem komputer?;CPU bertindak sebagai otak dari komputer yang mengambil input dan memroses serta mengirimkan output ke memori.;70;65;69
2;Apa peran CPU (Central Processing Unit) dalam sistem komputer?;CPU sebagai otak dari komputer yabg bertugas mengeksekusi instruksi;70;65;63,5
2;Apa peran CPU (Central Processing Unit) dalam sistem komputer?;Sebagai otak atau pusat logika dan koordinasi dari komputer;70;75;66
2;Apa peran CPU (Central Processing Unit) dalam sistem komputer?;cpu berfungsi sebagai fungsi utama memproses input dan mengirimkan output ke memori;60;56;63
2;Apa peran CPU (Central Processing Unit) dalam sistem komputer?;"CPU (Central Processing Unit) atau unit pemrosesan pusat adalah komponen utama dalam komputer yang berfungsi sebagai ""otak"" sistem. CPU menjalankan instruksi dari perangkat lunak dan aplikasi, melakukan perhitungan aritmatika, logika, kontrol, dan input/output (I/O) dasar";80;85;73
2;Apa peran CPU (Central Processing Unit) dalam sistem komputer?;CPU berguna sebagai komponen utama yang memproses perintah dan data dalam komputer. CPU menjalankan perhitungan, logika, dan mengelola aliran data antar komponen untuk memastikan komputer berfungsi dengan efisien.;75;80;69,25
2;Apa peran CPU (Central Processing Unit) dalam sistem komputer?;CPU adalah otak dari sistem komputer. Peran utama CPU adalah menjalankan instruksi yang diberikan oleh perangkat komputer;65;70;60
2;Apa peran CPU (Central Processing Unit) dalam sistem komputer?;"CPU atau bisa disebut sebagai Central Processing Unit adalah seperti otaknya sebuah komputer, ""otaknya"" ini bertugas sebagai pusat untuk memproses data atau segala hal yang berkaitan dengan itu";60;70;60,5
2;Apa peran CPU (Central Processing Unit) dalam sistem komputer?;CPU berperan untuk memproses data jadi dia adalah otak dari suatu komputer;60;65;53,5
2;Apa peran CPU (Central Processing Unit) dalam sistem komputer?;CPU adalah bagian komputer yang berfungsi dalam proses perhitungan yang diperlukan dalam komputer. Proses dalam CPU dapat berlangsung secara single thread ataupun multi thread sesuai dengan jenis CPU.;65;60;68
2;Apa peran CPU (Central Processing Unit) dalam sistem komputer?;CPU berperan sebagai otak komputer yang bertugas untuk mengontrol, mengoordinasi dan menginstruksi program.;70;70;64
2;Apa peran CPU (Central Processing Unit) dalam sistem komputer?;CPU adalah bagian sistem komputer yang menjalankan operasi processing penting dalam komputer, berbeda dengan graphics processing unit yang memproses graphics;60;60;64,25
2;Apa peran CPU (Central Processing Unit) dalam sistem komputer?;Menjalankan segala process yang dijalankan oleh komputer;50;56;47,25
2;Apa peran CPU (Central Processing Unit) dalam sistem komputer?;Sebagai otak dalam komputer;60;60;53,5
2;Apa peran CPU (Central Processing Unit) dalam sistem komputer?;Central Processing Unit berperan penting dalam sistem komputer, di mana ia merupakan otak utama sebuah sistem komputer, untuk menghitung proses-proses yang terjadi di komputer;60;65;64,25
2;Apa peran CPU (Central Processing Unit) dalam sistem komputer?;Sebagai suatu otak dari sistem komputer tersebut;50;60;49
2;Apa peran CPU (Central Processing Unit) dalam sistem komputer?;CPU atau Central Processing Unit adalah otaknya komputer. Perannya buat ngejalanin perintah dari program dengan cara ngambil data, ngolah, dan ngeluarin hasilnya. Tanpa CPU, komputer nggak bisa kerja karena dia yang ngatur semua proses komputasi.;60;65;63,5
2;Apa peran CPU (Central Processing Unit) dalam sistem komputer?;Untuk menjalankan microoperation.;60;55;56,75
2;Apa peran CPU (Central Processing Unit) dalam sistem komputer?;Peran CPU dalam sistem komputer adalah untuk menerima, memproses, dan menghasilkan output data. Selain itu CPU juga berfungsi untuk menerima instruksi dari memori, melakukan tugas yang diperlukan, dan mengirim output kembali ke memori;70;60;69,25
2;Apa peran CPU (Central Processing Unit) dalam sistem komputer?;Sebagai otak komputer dan ngejalanin semua perintah;60;60;56
2;Apa peran CPU (Central Processing Unit) dalam sistem komputer?;Peran cpu adalah memproses data;50;56;48,25
2;Apa peran CPU (Central Processing Unit) dalam sistem komputer?;Sebagai otak atau pusat dari suatu komputer dalam memproses;60;60;53,5
2;Apa peran CPU (Central Processing Unit) dalam sistem komputer?;CPU bertindak sebagai otak dari komputer, yang mengatur segala operasi yang terjadi;65;65;61
2;Apa peran CPU (Central Processing Unit) dalam sistem komputer?;dimana sistem pemrograman di proses;0;55;0
2;Apa peran CPU (Central Processing Unit) dalam sistem komputer?;otak komputer yang memproses intruksi;60;60;54,25
2;Apa peran CPU (Central Processing Unit) dalam sistem komputer?;CPU menjadi pusat dari segala pemiliran komputer, dia yg akan mengeksekusi seluruh instruksi yg dibutuhkan dan mengirimkan hasil ke device output;65;60;64
2;Apa peran CPU (Central Processing Unit) dalam sistem komputer?;untuk mengontrol segala aktifitas di dalam komputer;65;60;64
2;Apa peran CPU (Central Processing Unit) dalam sistem komputer?;Tugas CPU itu sebenarnya hanyalah alokasi memori dalam komputer, ke mana data ini dialokasikan untuk dioperasikan yang dinamakan komputasi, bagaimana CPU mengalokasikan data sudah diatur di dalam ISA dan microcode.;65;10;67
2;Apa peran CPU (Central Processing Unit) dalam sistem komputer?;CPU merupakan bagian komputer yang bertugas untuk melakukan komputasi secara sekuensial. Ketika program dibuka oleh user, CPU akan menjalankan instruksi di dalam program tersebut satu per satu. Untuk melakukan hal tersebut, CPU juga berkoordinasi dengan bagian komputer lain seperti memori dan perangkat input-output.;70;70;78
2;Apa peran CPU (Central Processing Unit) dalam sistem komputer?;cpu itu kayak otaknya komputer, dia yang ngatur jalannya program dan ngolah data yang masuk.;60;65;56,5
2;Apa peran CPU (Central Processing Unit) dalam sistem komputer?;CPU berperan seperti otak pada manusia, artinya CPU mengatur bagaimana sistem komputer bekerja seperti perhitungan aritmatika, logika boolean dan sebagainya.;75;65;81
2;Apa peran CPU (Central Processing Unit) dalam sistem komputer?;"Peran CPU adalah seperti ""otak"" dari komputer, yaitu komponen yang befungsi menjalankan operasi-operasi yang dibutuhkan agar komputer dapat bekerja";70;60;67,25
2;Apa peran CPU (Central Processing Unit) dalam sistem komputer?;CPU memproses data, menjalankan instruksi, mengelola operasi, dan koordinasi sistem.;75;80;67,75
2;Apa peran CPU (Central Processing Unit) dalam sistem komputer?;CPU adalah otak komputer yang bertanggung jawab untuk mengeksekusi instruksi program, melakukan perhitungan, dan mengelola komunikasi antara perangkat keras dan perangkat lunak.;85;80;79
2;Apa peran CPU (Central Processing Unit) dalam sistem komputer?;Peran CPU adalah sebagai otak dari perangkat komputasi.;60;60;52,25
2;Apa peran CPU (Central Processing Unit) dalam sistem komputer?;"Central Processing Unit adalah komponen utama dalam sistem komputer yang berfungsi sebagai ""otak"" dari perangkat itu. Peran utamanya untuk mengeksekusi instruksi-instruksi dari program dengan melakukan serangkaian operasi dasar.";85;65;82
2;Apa peran CPU (Central Processing Unit) dalam sistem komputer?;CPU adalah salah satu bagian terpenting dalam komputer, dimana ia berfungsi sebagai otak dari komputer tersebut, mengatur berbagai macam program.;70;60;70,25
2;Apa peran CPU (Central Processing Unit) dalam sistem komputer?;Memproses perhitungan yang masuk dan mengeluarkan input;50;50;47,25
2;Apa peran CPU (Central Processing Unit) dalam sistem komputer?;CPU adalah sebuah otak dari komputer, CPU berfungsi untuk melakukan komputasi dan mengeksuksi input;75;65;75,75
2;Apa peran CPU (Central Processing Unit) dalam sistem komputer?;otak komputer;60;60;52
2;Apa peran CPU (Central Processing Unit) dalam sistem komputer?;CPU berperan untuk memproses segala data yang di input oleh user;50;56;45
2;Apa peran CPU (Central Processing Unit) dalam sistem komputer?;CPU bertugas memproses semua perhitungan dan perintah di komputer;50;65;49,5
2;Apa peran CPU (Central Processing Unit) dalam sistem komputer?;CPU adalah otak komputer yang mengolah data, mengontrol sistem, dan mengeksekusi program.;75;80;80,5
2;Apa peran CPU (Central Processing Unit) dalam sistem komputer?;sebagai pusat logika(otak) yang memroses segala perhitungan pada suatu komputer;65;60;64,75
2;Apa peran CPU (Central Processing Unit) dalam sistem komputer?;"Sebagai ""otak"" komputer yang menjalankan instruksi program, melakukan perhitungan, dan mengelola aliran data.";70;75;67,5
2;Apa peran CPU (Central Processing Unit) dalam sistem komputer?;CPU berperan sebagai otak komputer yang menjalankan instruksi dari program dengan melakukan operasi aritmatika, logika, dan kontrol. Selain itu, CPU juga mengatur komunikasi antara perangkat keras lainnya agar sistem komputer dapat berfungsi dengan optimal.;70;95;75,75
2;Apa peran CPU (Central Processing Unit) dalam sistem komputer?;CPU adalah otak dari komputer yang bertanggung jawab untuk mengeksekusi instruksi dari perangkat lunak.;80;60;74
2;Apa peran CPU (Central Processing Unit) dalam sistem komputer?;peran cpu adalah sebagai pengeksekusi instruksi dan memproses data, memungkinkan sistem operasi dan aplikasi untuk berjalan;70;60;63,25
2;Apa peran CPU (Central Processing Unit) dalam sistem komputer?;menghitung;0;55;0
2;Apa peran CPU (Central Processing Unit) dalam sistem komputer?;"sebagai ""otak"" komputer, bertugas memproses semua instruksi dan data, memastikan setiap perintah yang diberikan dieksekusi dengan benar, dan mengatur seluruh aktivitas komputer";65;70;70,25
2;Apa peran CPU (Central Processing Unit) dalam sistem komputer?;CPU (Central Processing Unit) berfungsi sebagai otak komputer yang memproses instruksi dari program. CPU mengontrol operasi aritmatika, logika, dan pengendalian aliran data antar komponen komputer. Dengan menjalankan perintah-perintah tersebut, CPU memastikan komputer dapat berfungsi sesuai dengan tujuan yang diinginkan oleh pengguna atau sistem.;75;100;71,5
2;Apa peran CPU (Central Processing Unit) dalam sistem komputer?;CPU berperan sebagai otak atau pemandu untuk berbagai komponen yang ada di komputer;60;60;55
2;Apa peran CPU (Central Processing Unit) dalam sistem komputer?;Menurut saya, CPU bertanggung jawab untuk memproses dan mengontrol operasi komputer.;80;60;75
2;Apa peran CPU (Central Processing Unit) dalam sistem komputer?;memproses semuanya;30;56;34
2;Apa peran CPU (Central Processing Unit) dalam sistem komputer?;suatu alat yang berfungsi untuk memproses semua input output yang ada di komputer;50;56;51
2;Apa peran CPU (Central Processing Unit) dalam sistem komputer?;CPU (central processing unit) dalam sistem komputer adalah komponen perangkat keras yang berperan sebagai pemroses sinyal dan pelaku komputasi. CPU mengambil instruksi dari memori, melakukan tugas, dan mengirimkan output kembali kepada memori. Dengan kata lain, CPU berperan sebagai otak dari komputer.;70;70;64
2;Apa peran CPU (Central Processing Unit) dalam sistem komputer?;sebagai otak komputer, melalui transfer dan aritmatika;70;65;70,25
2;Apa peran CPU (Central Processing Unit) dalam sistem komputer?;Sebagai otak dari berjalannya sebuah komputer, tempat sebuah instruksi diproses;60;65;57,5
2;Apa peran CPU (Central Processing Unit) dalam sistem komputer?;untuk process semua jenis perhitungan dan pengambilan data;50;60;41,75
2;Apa peran CPU (Central Processing Unit) dalam sistem komputer?;mengeksekusi instruksi dan memproses data, memungkinkan sistem operasi dan aplikasi untuk berjalan;75;60;65,25
2;Apa peran CPU (Central Processing Unit) dalam sistem komputer?;CPU secara sederhana berfungsi sebagai otak komputer. Atau lebih lanjut dapat dikatakan sebagai alat menghitung aritmatika.;60;60;59
2;Apa peran CPU (Central Processing Unit) dalam sistem komputer?;Memproses data berupa bilangan biner;30;55;27
2;Apa peran CPU (Central Processing Unit) dalam sistem komputer?;"CPU (Central Processing Unit) berperan sebagai ""otak"" komputer, bertugas memproses semua instruksi dan data, memastikan setiap perintah yang diberikan dieksekusi dengan benar, dan mengatur seluruh aktivitas komputer.";70;70;64,75
2;Apa peran CPU (Central Processing Unit) dalam sistem komputer?;CPU adalah otak dari komputer yang bertugas menjalankan instruksi dari program. CPU melakukan operasi aritmatika, logika, dan kontrol berdasarkan instruksi yang diberikan oleh perangkat lunak.;80;70;80,5
2;Apa peran CPU (Central Processing Unit) dalam sistem komputer?;Dalam sistem komputer, CPU adalah komponen yang mengatasi sebagian besar dari komputasi;60;65;54,75
2;Apa peran CPU (Central Processing Unit) dalam sistem komputer?;CPU berfungsi sebagai otak komputer yang melakukan pemrosesan data dan menjalankan instruksi dari program. CPU menangani operasi aritmetika, logika, kontrol, dan komunikasi dengan perangkat lain dalam sistem komputer.;80;100;76,25
2;Apa peran CPU (Central Processing Unit) dalam sistem komputer?;Peran cpu dalam sistem komputer adalah untuk menggunakan memori yang ada di dalam RAM;70;50;67,75
2;Apa peran CPU (Central Processing Unit) dalam sistem komputer?;Peran CPu sebagai otak komputer yang berguna untuk UN menjalankan fungsi dari komputer seperti mengirimkan data;60;56;59,75
2;Apa peran CPU (Central Processing Unit) dalam sistem komputer?;peran CPU dalam dalam sistem komputer adalah sebagai penghubung;65;50;64
2;Apa peran CPU (Central Processing Unit) dalam sistem komputer?;CPU adalah otak dari komputer, yang bertanggung jawab untuk menjalankan instruksi dari program, mengolah data, dan mengkoordinasikan hardware.;80;75;81,5
2;Apa peran CPU (Central Processing Unit) dalam sistem komputer?;cpu bagaikan otak di sistem komputer yang mengontrol segala komponen;60;60;54
2;Apa peran CPU (Central Processing Unit) dalam sistem komputer?;Sebagai otak utama dalam komputer untuk memproses data;70;60;63
2;Apa peran CPU (Central Processing Unit) dalam sistem komputer?;Sebagai otak dari komputer, memproses segala macam hal yang berhubungan dengan komputer itu agar berjalan dengan benar.;50;60;48,75
2;Apa peran CPU (Central Processing Unit) dalam sistem komputer?;otak komputer;60;60;50
2;Apa peran CPU (Central Processing Unit) dalam sistem komputer?;otaknya komputer (mengatur segala proses input-output pada komputer);60;60;60
2;Apa peran CPU (Central Processing Unit) dalam sistem komputer?;CPU itu otaknya komputer. Perannya adalah menjalankan instruksi dari program dengan cara mengambil data, memprosesnya, dan menghasilkan output. CPU bekerja dengan tiga tahap utama: fetch (mengambil instruksi dari memori), decode (menerjemahkan instruksi), dan execute (menjalankan instruksi). Selain itu, CPU juga berkomunikasi dengan RAM, penyimpanan, dan perangkat lain supaya komputer bisa berfungsi dengan baik. Tanpa CPU, komputer cuma jadi benda mati;70;80;76
2;Apa peran CPU (Central Processing Unit) dalam sistem komputer?;CPU merupakan otak dari sebuah komputer. CPU ini perannya untuk memproses data dan mengeksekusi instruksi.;75;65;79
2;Apa peran CPU (Central Processing Unit) dalam sistem komputer?;CPU menjadi pusat logika sebuah sistem komputer dan melakukan instruksi pada komponen lainnya.;75;60;81
2;Apa peran CPU (Central Processing Unit) dalam sistem komputer?;Unit yang bekerja memproses tugas yang dikerjakan;0;56;0
2;Apa peran CPU (Central Processing Unit) dalam sistem komputer?;Menjadi otak untuk komputer, dia mempunyai tugas untuk menjalankan instruksi dari user dan mengontrol operasi komputer;70;65;71,5
2;Apa peran CPU (Central Processing Unit) dalam sistem komputer?;CPU dalam artian awam adalah otak komputer yg dimana bekerja untuk memerintah apapun instruksi yg diberikan;60;60;58,5
2;Apa peran CPU (Central Processing Unit) dalam sistem komputer?;Sebagai pusat segala komputasi;0;60;0
2;Apa peran CPU (Central Processing Unit) dalam sistem komputer?;CPU adalah otak komputer yang ngatur, ngolah, dan jalankan semua perintah dari software maupun hardware.;50;60;55,75
2;Apa peran CPU (Central Processing Unit) dalam sistem komputer?;CPU berperan sebagai otak dari komputer, dia yang akan menerima, memproses dan menghasilkan output dari input;50;60;44
2;Apa peran CPU (Central Processing Unit) dalam sistem komputer?;CPU bertugas memproses intruksi dari perangat lunak dan melakukan operasi aritmatika,input,output;70;70;68,25
2;Apa peran CPU (Central Processing Unit) dalam sistem komputer?;Sesuai namanya, unit yang menjadi komponen utama dalam menjalani fungsi komputer sepenuhnya;50;56;43
2;Apa peran CPU (Central Processing Unit) dalam sistem komputer?;mengeksekusi instruksi dari program dengan melakukan operasi aritmatika, logika, kontrol, dan komunikasi data antara komponen sistem lainnya.;85;80;83,75
2;Apa peran CPU (Central Processing Unit) dalam sistem komputer?;CPU berperan mengeksekusi instruksi program komputer, serta menghubungkan komponen-kompomen komputer seperti memory dan I/O.;75;75;78
2;Apa peran CPU (Central Processing Unit) dalam sistem komputer?;Peran CPU sebagai jantung dari komputer itu sendiri, fungsinya bisa untuk menjalankan dan mengoptimalisasi komputer itu sendiri.;60;65;61,25
2;Apa peran CPU (Central Processing Unit) dalam sistem komputer?;Central Processing Unit merupakan unit prosesor pada komputer yang berperan sebagai otak dalam mengatur instruksi dan pemrosesan data komputer;65;65;58,75
2;Apa peran CPU (Central Processing Unit) dalam sistem komputer?;CPU berperan sebagai otak yang akan mengeksekusi berbagai instruksi bisa berupa mengirimkan data antara memory dan cache, menyimpan data di memory, dan mengontrol berbagai error.;70;60;72,5
2;Apa peran CPU (Central Processing Unit) dalam sistem komputer?;Peran CPU adalah sebagai core processing unit. CPU adalah otak komputer yang berperan untuk mengerjakan dan mengeksekusi tugas-tugas dalam sistem komputer. Misalkan, menjalankan program kode;75;60;71,75
2;Apa peran CPU (Central Processing Unit) dalam sistem komputer?;cpu berfungsi untun menjalankan instruksi instruksi agar sebuah sistem komputer dapat berfungsi;60;60;61,5
2;Apa peran CPU (Central Processing Unit) dalam sistem komputer?;cpu adalah otak dari sebuah komputer yang mengambil memproses dan menghasilkam output;60;60;65,75
2;Apa peran CPU (Central Processing Unit) dalam sistem komputer?;Seingat saya, CPU seperti otak dalam komputer. Fungsinya adalah untuk menghitung dan mengoperasikan instruksi yang ada di komputer.;70;65;69,5
2;Apa peran CPU (Central Processing Unit) dalam sistem komputer?;CPU adalah otak dari komputer. Cpu menjalankan instruksi agar komputer dapat berjalan;65;63;58,5
2;Apa peran CPU (Central Processing Unit) dalam sistem komputer?;CPU bergfungsi sebagai otak atau pusat pikiran sebuah komputer.;60;60;62,75
2;Apa peran CPU (Central Processing Unit) dalam sistem komputer?;Peran CPU adalah menjalankan instruksi-instruksi yang diberikan.;65;56;65,5
2;Apa peran CPU (Central Processing Unit) dalam sistem komputer?;Peran CPU dalam sistem komputer adalah untuk menerima dan melaksanakan perintah dan data dari perangkat lunak yang 'user' lakukan.;65;56;59
3;Apa fungsi dari RAM dalam sebuah komputer?;ram digunakan sebagai penyimpanan sementara yang digunskan oleh cpu;60;70;63
3;Apa fungsi dari RAM dalam sebuah komputer?;Random Access Memory atau RAM merupakan komponen pada komputer untuk menyimpan memori secara sementara. Analoginya seperti keranjang belanja, barang barang yang kita ambil ketika berbelanja akan disimpan sementara pada keranjang belanja selagi berbelanja. ;70;70;67,5
3;Apa fungsi dari RAM dalam sebuah komputer?;Ram berfungsi untuk menyimpan data pada sistem secara sementara;70;70;72,75
3;Apa fungsi dari RAM dalam sebuah komputer?;RAM (Random Access Memory) berfungsi sebagai tempat penyimpanan sementara untuk data dan instruksi yang sedang diproses oleh CPU. Karena RAM bekerja lebih cepat dibanding penyimpanan permanen seperti hard disk atau SSD, komputer bisa menjalankan program dengan lebih lancar. Data di RAM akan hilang ketika komputer dimatikan, jadi fungsinya lebih ke mempercepat akses dibanding menyimpan data jangka panjang.;80;100;86,25
3;Apa fungsi dari RAM dalam sebuah komputer?;sebagai penyimpanan memori jangka pendek untuk central processing unit (CPU) komputer.;60;70;65,5
3;Apa fungsi dari RAM dalam sebuah komputer?;Menyimpan data dalam memori untuk sementara agar CPU bisa menggunakan data tersebut dengan cepat.;70;80;60,5
3;Apa fungsi dari RAM dalam sebuah komputer?;RAM (Random Access Memory) berfungsi sebagai penyimpanan sementara yang menyimpan data dan instruksi yang sedang diproses oleh CPU. RAM memungkinkan akses data yang cepat, sehingga meningkatkan kinerja sistem. Namun, data di RAM akan hilang saat komputer dimatikan.;90;100;90,25
3;Apa fungsi dari RAM dalam sebuah komputer?;RAM berfungsi sebagai memori sementara yang menyimpan data dan program yang sedang dijalankan, sehingga mempercepat akses dan eksekusi instruksi oleh CPU.;80;80;81
3;Apa fungsi dari RAM dalam sebuah komputer?;RAM menyimpan data sementara untuk mempercepat kinerja CPU.;75;80;72
3;Apa fungsi dari RAM dalam sebuah komputer?;RAM adalah memori yang menyimpan memori sementara, fungsinya adalah untuk menyimpan data selama komputer aktif, hal ini berbeda dengan penyimpanan jangka panjang. Karena, pada RAM memori hanya tersimpan selama komputer aktif, ketika komputer mati maka memori tersebut akan hilang.;75;80;73
3;Apa fungsi dari RAM dalam sebuah komputer?;tempat penyimpanan data yang diperlukan prosesor komputer untuk menjalankan aplikasi dan membuka file;70;65;73
3;Apa fungsi dari RAM dalam sebuah komputer?;Menyimpan data sementara yang sedang diproses oleh cpu;75;70;78,5
3;Apa fungsi dari RAM dalam sebuah komputer?;RAM, atau Random Access Memory, adalah tempat penyimpanan temporer untuk CPU simpan data untuk komputasi.;70;70;62
3;Apa fungsi dari RAM dalam sebuah komputer?;RAM (Random Access Memory) berfungsi sebagai tempat penyimpanan sementara yang digunakan oleh komputer untuk menyimpan data dan instruksi yang sedang aktif diproses oleh CPU. RAM memungkinkan akses cepat ke data yang diperlukan untuk menjalankan program dan aplikasi. Ketika program dijalankan, data dan instruksi yang dibutuhkan akan dimuat ke dalam RAM agar CPU dapat mengaksesnya dengan cepat. Semakin besar kapasitas RAM, semakin banyak data dan aplikasi yang dapat dijalankan sekaligus tanpa mengurangi kinerja. Namun, RAM bersifat volatile, artinya data akan hilang ketika komputer dimatikan. Jadi, RAM hanya menyimpan informasi sementara selama komputer aktif.;80;100;79,5
3;Apa fungsi dari RAM dalam sebuah komputer?;sebagai suatu alat alokasi memori yang mengukur banyak program yang bisa dijalankan dalam satu waktu;60;20;51,25
3;Apa fungsi dari RAM dalam sebuah komputer?;fungsi dari RAM dalam sebuah komputer adalah memungkinkan kita untuk melakukan multitasking lebih banyak sehingga mampu menjalankan dan membuka aplikasi lebih banyak;70;25;65,5
3;Apa fungsi dari RAM dalam sebuah komputer?;RAM digunakan sebagai penyimpanan memori jangka pendek untuk central processing unit (CPU) komputer.;70;70;68
3;Apa fungsi dari RAM dalam sebuah komputer?;RAM dalam komputer berguna untuk menyimpan data saat membuka aplikasi;70;65;65,25
3;Apa fungsi dari RAM dalam sebuah komputer?;untuk menyimpan data yang di butuhkan agar program dapat dijalankan;70;65;67,75
3;Apa fungsi dari RAM dalam sebuah komputer?;ram adalah singkatan dari random access memory berfungsi sebagai penyimpanan jangka pendek untuk CPU;70;70;64,25
3;Apa fungsi dari RAM dalam sebuah komputer?;RAM setahu saya berfungsi sebagai tempat penyimpanan memori, semakin besar RAM nya semakin besar memori yang dapat disimpan;70;60;67,5
3;Apa fungsi dari RAM dalam sebuah komputer?;Untuk menyimpan data jangka pendek, jadi ram hanya menyimpan memory aplikasi yang sedang dijalankan saja;70;70;69,75
3;Apa fungsi dari RAM dalam sebuah komputer?;penyimpanan semenrara data dan instruksi yang digunakan oleh CPU sebelum data dikirmkan ke output;70;70;74,5
3;Apa fungsi dari RAM dalam sebuah komputer?;penyimpanan data;50;60;41,5
3;Apa fungsi dari RAM dalam sebuah komputer?;RAM (Random Access Memory) berfungsi sebagai memori jangka pendek dalam komputer, menyimpan data sementara yang diperlukan oleh prosesor saat menjalankan aplikasi atau memproses informasi. Dengan kapasitas RAM yang memadai, komputer dapat menjalankan beberapa program secara bersamaan (multitasking) tanpa mengalami penurunan kinerja. RAM juga memungkinkan akses cepat ke data yang sering digunakan, sehingga mempercepat respons sistem secara keseluruhan.;80;80;83
3;Apa fungsi dari RAM dalam sebuah komputer?;RAM menyediakan akses cepat ke data yang sering digunakan, sehingga mempercepat eksekusi program dibandingkan jika hanya mengandalkan penyimpanan permanen (HDD/SSD). Kapasitas RAM yang lebih besar memungkinkan lebih banyak program berjalan tanpa memperlambat sistem;70;80;69,25
3;Apa fungsi dari RAM dalam sebuah komputer?;Eee, ibarat gini. Ram itu seperti meja yang menampung banyak barang. (Buku tulis,tempat pensil,rautan dan lain lain). Semakin besar Ram nya maka akan semqkin banyak menampung barang nya semakin besar ramnya maka semakin cepat pula menjalankan aplikasi;60;65;58,25
3;Apa fungsi dari RAM dalam sebuah komputer?;ram berfungsi sebagai tempat penyimpanan data suatu program yang sedang dijalankan.;65;65;71
3;Apa fungsi dari RAM dalam sebuah komputer?;RAM atau random-access memory adalah  pada komputer yang bisa diakses secara cepat. Intinya, RAM adalah berapa banyak memori komputer tersebut bisa simpan;70;60;68,75
3;Apa fungsi dari RAM dalam sebuah komputer?;RAM berguna untuk menyimpan data sementara dan data yyang dibutuhkan secara cepat untuk komputer dapat bekerja denghan norrmal juga sebagai penampung inturksi dari user ssebeluum diteruskan ke komponen terkait ;65;80;70,75
3;Apa fungsi dari RAM dalam sebuah komputer?;Otak sementara ketika berjalan nya sebuah program karena dengan ada nya ram maka pembukaan program semakin cepat dijalankan ;50;65;47,75
3;Apa fungsi dari RAM dalam sebuah komputer?;RAM (Random Access Memory) berfungsi untuk menyimpan data sementara yang dibutuhkan komputer untuk menjalankan program dan membuka file;75;70;81
3;Apa fungsi dari RAM dalam sebuah komputer?;ram sebagai tempat penyimpanan data sementara hasil olahan data dari cpu dan untuk menjalankan aplikasi;70;70;69,5
3;Apa fungsi dari RAM dalam sebuah komputer?;RAM diibaratkan sebagai jembatan dalam suatu komputer. RAM sendiri bermacam - macam dengan kecepatan, kapasitas, dan ukurannya masing-masing. Misal ada ram dengan kapasitas 4GB, 8GB, 16GB, dan 32GB. Kecepatan bisa 3200 Mhz dan 1600 Mhz. Semakin cepat dan besar sebuah ram, maka user komputer bisa mengolah data secara cepat dan meningkatkan optimasi komputer.;70;65;76,5
3;Apa fungsi dari RAM dalam sebuah komputer?;RAM merupakkan komponen dalam komputer yang menyompan data sementara, yaitu data yang sedang digunakkkan dalam menjalankan operasi insturktir, semkain besar kapasitasnya, data yang dapat di olah dalam sekalai jalan juga semkain besar, sehinggan efesiensi penmprosessan semkain tinggi;70;70;70
3;Apa fungsi dari RAM dalam sebuah komputer?;RAM berfungsi sebagai tempat penyimpanan suatu data sementara untuk prosesor agar bisa menjalankan suatu aplikasi atau file file tertentu.;70;70;71
3;Apa fungsi dari RAM dalam sebuah komputer?;sebagai memori sementara untuk data dan instruksi yang sedang aktif digunakan oleh komputer;80;70;83,5
3;Apa fungsi dari RAM dalam sebuah komputer?;menyimpan data untuk menjalankan aplikasi dan membuka file;60;60;61,5
3;Apa fungsi dari RAM dalam sebuah komputer?;Sebagai tempat menyimpan data yang sering diakses untuk mempercepat akses. Perlu dicatat bahwa RAM adalah volatile memory. Alasan harus RAM karena RAM sangat cepat dibandingkan dengan hard drive. Hal ini terjadi karena RAM langsung terhubung ke CPU;75;90;72,5
3;Apa fungsi dari RAM dalam sebuah komputer?;RAM atau Random Access Memory berfungsi untuk memberi tempat penyimpanan data (short term) untuk segala program yang dijalankan pada komputer.;75;70;71,5
3;Apa fungsi dari RAM dalam sebuah komputer?;RAM atau Random Access Memory berfungsi sebagai tempat penyimpanan data sementara yang dibutuhkan oleh komputer untuk melakukan operasi ;75;70;76,75
3;Apa fungsi dari RAM dalam sebuah komputer?;RAM berfungsi sebagai memori sementara yang digunakan oleh program komputer. Memori sementara ini dapat segera dihapus untuk dipakai program di kesempatan selanjutnya.;70;70;66,75
3;Apa fungsi dari RAM dalam sebuah komputer?;Ram berfungsi sebagai penyimpan data sementara saat komputer sedang beroperasi. Ram mempengaruhi kecepatan proses komputer. Semakin besar kapasitas ram, semakin cepat pula kinerja komputer. ;75;70;76
3;Apa fungsi dari RAM dalam sebuah komputer?;Random Access Memory (RAM) adalah komponen penyimpanan sementara dalam komputer yang berfungsi untuk menyimpan data dan instruksi program yang sedang berjalan. RAM memiliki peran penting dalam kinerja sistem karena memungkinkan akses data yang cepat dibandingkan dengan penyimpanan permanen seperti HDD atau SSD.;85;80;91,25
3;Apa fungsi dari RAM dalam sebuah komputer?;Fungsi dari RAM adalah penyimpan data secara sementara dari CPU. Ketika CPU bekerja maka akan lebih cepat jika menyimpan data atau mengambil data ke RAM dibandingkan drive lain seperti HDD/SSD;75;80;78,25
3;Apa fungsi dari RAM dalam sebuah komputer?;RAM atau Random Access Memory adalah tempat yang diperlukan prosesor komputer untuk menyimpan data agar bisa menjalanlan suatu program dan membuka file.;60;70;58,25
3;Apa fungsi dari RAM dalam sebuah komputer?;RAM berfungsi sebagai penyimpanan sementara yang menyimpan data dan instruksi yang sedang digunakan oleh CPU. Dengan RAM, komputer dapat mengakses data lebih cepat dibandingkan penyimpanan permanen seperti hard drive atau SSD.;80;80;87
3;Apa fungsi dari RAM dalam sebuah komputer?;RAM adalah komponen dalam komputer yang memiliki fungsi untuk menyimpan data sementara yang dibutuhkan oleh CPU dalam menjalankan perintah perintah.;70;70;69
3;Apa fungsi dari RAM dalam sebuah komputer?;menyimpan data sementara yang dibutuhkan komputer untuk beroperasi;70;70;66,75
3;Apa fungsi dari RAM dalam sebuah komputer?;RAM adalah memori yang dimiliki komputer sebagai limit seberapa banyak program yang dapat di jalankan bersamaan;70;60;71
3;Apa fungsi dari RAM dalam sebuah komputer?;RAM (Random Access Memory) berfungsi sebagai penyimpanan sementara yang menyimpan data dan instruksi program yang sedang berjalan. RAM memungkinkan komputer mengakses data dengan cepat, sehingga meningkatkan kinerja sistem. Namun, data di RAM akan hilang saat komputer dimatikan.;90;100;86,25
3;Apa fungsi dari RAM dalam sebuah komputer?;berfungsi sebagai tempat penyimpanan data sementara yang digunakan oleh komputer saat menjalankan program.;70;70;69
3;Apa fungsi dari RAM dalam sebuah komputer?;Sebagai memori yang dapat diakses secara random;50;65;46
3;Apa fungsi dari RAM dalam sebuah komputer?;RAM (Random Access Memory) berfungsi sebagai tempat penyimpanan sementara untuk data dan instruksi yang sedang diproses oleh komputer. RAM memungkinkan komputer mengakses data dengan cepat, sehingga meningkatkan kinerja sistem saat menjalankan program atau melakukan multitasking. Karena bersifat sementara, data di dalam RAM akan hilang ketika komputer dimatikan. Semakin besar kapasitas RAM, semakin banyak data dan aplikasi yang dapat dijalankan secara bersamaan tanpa memperlambat kinerja komputer.;90;100;88,5
3;Apa fungsi dari RAM dalam sebuah komputer?;sebagai memori jangka pendek untuk menyimpan data dan instruksi yang sedang digunakan oleh CPU.;80;70;73
3;Apa fungsi dari RAM dalam sebuah komputer?;Ram bersifat untuk menyimpan data sementara saat program dijalankan, konsepnya seperti meja kerja, saat dijalankan maka program akan berjalan di RAM.;70;70;66
3;Apa fungsi dari RAM dalam sebuah komputer?;Random akses memori untuk akses memori cepat;50;65;50
3;Apa fungsi dari RAM dalam sebuah komputer?;RAM atau Random Access Memory berfungsi sebagai tempat penyimpanan sementara untuk data dan instruksi yang sedang diproses oleh komputer. Ketika pengguna membuka aplikasi atau menjalankan program, data yang diperlukan akan dimuat ke dalam RAM agar dapat diakses dengan cepat oleh CPU. Berbeda dengan penyimpanan permanen seperti hard disk atau SSD, data dalam RAM bersifat volatil, yang berarti akan hilang ketika komputer dimatikan. Kapasitas dan kecepatan RAM sangat mempengaruhi performa sistem, terutama dalam multitasking dan menjalankan aplikasi yang membutuhkan banyak sumber daya. Semakin besar kapasitas RAM, semakin banyak data yang dapat disimpan sementara, sehingga sistem dapat bekerja lebih lancar dan responsif.;85;100;85,5
3;Apa fungsi dari RAM dalam sebuah komputer?;Menyimpan data sementara;60;65;52,25
3;Apa fungsi dari RAM dalam sebuah komputer?;sebagai memori sementara untuk menyimpan data yang diberikan oleh cpu;60;65;48,75
3;Apa fungsi dari RAM dalam sebuah komputer?;RAM dalam komputer berguna sebagai tempat menyimpan memori sementara sehingga nantinya CPU dapat mengaksesnya dengan cepat;70;80;75
3;Apa fungsi dari RAM dalam sebuah komputer?;RAM (Random Access Memory) berfungsi sebagai penyimpanan sementara yang menyimpan data dan instruksi yang sedang diproses oleh CPU. RAM memungkinkan akses data yang cepat, sehingga meningkatkan kinerja sistem saat menjalankan program dan multitasking. Karena bersifat volatil, data dalam RAM akan hilang saat komputer dimatikan.;90;100;85
3;Apa fungsi dari RAM dalam sebuah komputer?;RAM digunakan sebagai penyimpanan memori jangka pendek untuk central processing unit (CPU) komputer.;70;70;75
3;Apa fungsi dari RAM dalam sebuah komputer?;Menyimpan data dan instruksi sementara ketika komputer berjalan;70;70;67
3;Apa fungsi dari RAM dalam sebuah komputer?;RAM berfungsi sebagai memori sementara yang menyimpan data dan instruksi program yang sedang berjalan, memungkinkan akses cepat oleh CPU untuk meningkatkan kinerja sistem.;75;80;67
3;Apa fungsi dari RAM dalam sebuah komputer?;RAM (Random Access Memory) dalam komputer berfungsi sebagai memori jangka pendek untuk menyimpan data dan instruksi yang sedang digunakan oleh CPU, memungkinkan prosesor untuk mengakses data dengan cepat dan efisien.;75;80;73
3;Apa fungsi dari RAM dalam sebuah komputer?;RAM (Random Access Memory) dalam komputer berfungsi sebagai memori jangka pendek untuk menyimpan data dan instruksi yang sedang digunakan oleh CPU, memungkinkan prosesor untuk mengakses data dengan cepat dan efisien;75;80;73,5
3;Apa fungsi dari RAM dalam sebuah komputer?;bisa dikatakan RAM berfungsi utk menjaga memory atau program yg sedang dijalan di dalam komputer;70;50;68,5
3;Apa fungsi dari RAM dalam sebuah komputer?;RAM itu seperti meja kerja komputer. Di sini komputer menyimpan data dan perintah yang sedang digunakan secara sementara agar bisa diakses dengan cepat. Semakin besar RAM, komputer bisa bekerja lebih cepat dan lancar.;70;80;65
3;Apa fungsi dari RAM dalam sebuah komputer?;RAM (Random Access Memory) berfungsi sebagai tempat penyimpanan data sementara yang sedang digunakan atau diproses oleh sistem komputer. RAM memungkinkan komputer mengakses data dengan cepat, mempercepat kinerja aplikasi, dan mendukung multitasking. Semakin besar kapasitas RAM, semakin banyak program yang dapat dijalankan secara bersamaan tanpa memperlambat kinerja sistem.;75;90;81
3;Apa fungsi dari RAM dalam sebuah komputer?;1. Menyimpan data sementara RAM menyimpan data sementara yang dibutuhkan komputer untuk menjalankan aplikasi, software, dan sistem operasi. Data ini hanya ada selama komputer menyala. Ketika aplikasi dibuka, data dan instruksi yang disimpan di RAM dapat diakses dengan cepat. 2. Membantu mempercepat pemrosesan ... 3. Mendukung multitasking ... 4. Menyediakan ruang kerja untuk Prosesor ... 5. Memperlancar pemrosesan grafis;80;100;90
3;Apa fungsi dari RAM dalam sebuah komputer?;RAM menjadi sebuah memori sementara, kurang lebih short term memory (didalam CPU terdapat cache, namun asumsikan sama saja) dimana CPU bisa mengambil, mengedit, dan memproses data dengan cepat tanpa perlu mengambil dari penyimpanan non-volatile (Hard drive, SSD, flash drive, etc.) yang notabene lebih lambat baik dalam kecepatan maupun latency/delay;75;100;84,25
3;Apa fungsi dari RAM dalam sebuah komputer?;RAM menyimpan memori program yang sedang berjalan ketika PC digunakan;75;60;71,5
3;Apa fungsi dari RAM dalam sebuah komputer?;RAM berfungsi sebagai penyimpan data sementara agar komputer dapat bekerja secara efisien.;70;70;67
3;Apa fungsi dari RAM dalam sebuah komputer?;RAM atau Random Access Memory biasanya disediakan dalam komputer untuk mengalokasikan proses yang sedang aktif/dilakukan dalam komputer (misal bermain game maka selama game dimainkan, data dari game tersebut diload/diolah dalam RAM sampai game ditutup lagi);70;60;62,75
3;Apa fungsi dari RAM dalam sebuah komputer?;RAM berfungsi sebagai tempat penyimpanan memori sementara sehingga komputer bisa berjalan lebih cepat;70;80;69
3;Apa fungsi dari RAM dalam sebuah komputer?;menyimpan data sementara pada komputer;60;70;50
3;Apa fungsi dari RAM dalam sebuah komputer?;RAM memiliki fungsi dasar untuk menyimpan data di dalam komputer dan juga mempercepat dalam memproses data;60;80;56,75
3;Apa fungsi dari RAM dalam sebuah komputer?;RAM (Random Access Memory) adalah sebuah penyimpanan sementara dimana data - data atau asset yang dibutuhkan program disimpan secara sementara sehingga mudah diakses ketika dibutuhkan oleh program. Tanpa RAM, untuk mengakses asset dari program akan jauh lebih lama karena harus terlebih dahulu mencari dalam drive sehingga tidak efektif.;75;80;73
3;Apa fungsi dari RAM dalam sebuah komputer?;RAM digunakan sebagai tempat menyimpan data sementara;70;70;60
3;Apa fungsi dari RAM dalam sebuah komputer?;RAM berfungsi sebagai memori sementara untuk mengalokasikan proses data.;70;70;66
3;Apa fungsi dari RAM dalam sebuah komputer?;menyimpan data memori;50;65;48,75
3;Apa fungsi dari RAM dalam sebuah komputer?;sebagai memori sementara untuk menyimpan data dan instruksi yang digunakan CPU, memungkinkan prosesor mengakses data dengan cepat dan efisien.;70;80;70,5
3;Apa fungsi dari RAM dalam sebuah komputer?;RAM (Random Access Memory) adalah sebuah penyimpanan sementar yang berfungsi untuk menyimpan data dan perintah yang sedang digunakan oleh CPU. Fungsi utamanya yaitu menyediakan akses cepat terhadap data untuk meningkatkan kinerja sistem komputer;70;80;70
3;Apa fungsi dari RAM dalam sebuah komputer?;RAM atau Random Access Memory merupakan penyimpanan sementara dalam komputer. Artinya, komputer dapat beroperasi sesuai kapasitas RAM dalam satu waktu secara bersamaan.;70;70;70,5
3;Apa fungsi dari RAM dalam sebuah komputer?;RAM atau Random Access Memory berfungsi untuk menyimpan data sementara operating system yang sedang berjalan. Dari situ, tujuan RAM adalah supaya data yang kita simpan langsung tersedia untuk processor yang kita miliki.;70;75;65,5
3;Apa fungsi dari RAM dalam sebuah komputer?;RAM (Random Access Memory) ini adalah suatu penyimpanan data sementara yang dimana untuk menyimpan data dan menjalankan instruksi yang ada dan juga untuk mempercepat pemrosesan data.;70;80;67,5
3;Apa fungsi dari RAM dalam sebuah komputer?;RAM digunakan sebagai memori utama yang menyimpan instruksi aktif yang sedang berjalan di komputer.;75;65;76
3;Apa fungsi dari RAM dalam sebuah komputer?;Ram berfungsi sebagai memori di dalam komputer yang menyimpan data dan instruksi yang akan di proses di cpu;70;70;62
3;Apa fungsi dari RAM dalam sebuah komputer?;RAM atau Random Access Memory adalah sebuah komponen pada komputer yang berfungsi sebagai tempat penytimpanan perintah atau data yang perlu di eksekusi didalam komputer. Ketika CPU menjalankan eksekusi program, RAM bertugas untuk menampung perintah tersebut selagi perintah tersebut masih perlu dijalankan;70;70;77
3;Apa fungsi dari RAM dalam sebuah komputer?;"RAM itu seperti ""meja kerja"" buat komputer. Semakin besar mejanya, semakin banyak tugas yang bisa dikerjakan sekaligus tanpa bikin komputer lambat. RAM menyimpan data sementara saat kamu menjalankan program, jadi kalau kamu buka banyak aplikasi sekaligus, RAM yang cukup besar bikin semuanya tetap lancar. Tapi begitu komputer dimatikan, data di RAM langsung hilang, karena sifatnya cuma sementara";70;95;64
3;Apa fungsi dari RAM dalam sebuah komputer?;untuk menampung memori yang sedang ditampilkan;50;56;49
3;Apa fungsi dari RAM dalam sebuah komputer?;RAM (Random Access Memory) adalah tempat penyimpanan sementara yang digunakan untuk menyimpan data dan instruksi yang sedang diproses oleh CPU. RAM memungkinkan akses data yang cepat sehingga mempercepat kinerja sistem. Data di RAM akan hilang saat komputer dimatikan.;90;100;97
3;Apa fungsi dari RAM dalam sebuah komputer?;RAM merupakan suatu komponen untuk menyimpan memori sementara;70;70;62
3;Apa fungsi dari RAM dalam sebuah komputer?;RAM adalah memori sementara yang menyimpan data dan instruksi program saat komputer berjalan. Semakin besar kapasitas RAM, semakin cepat dan lancar kinerja sistem. Namun, data di RAM akan hilang saat komputer dimatikan.;80;100;78,25
3;Apa fungsi dari RAM dalam sebuah komputer?;Menyimpan data untuk menjalankan sistem;70;56;62
3;Apa fungsi dari RAM dalam sebuah komputer?;Untuk menyimpan data yang dibutuhkan prosesor;60;60;60
3;Apa fungsi dari RAM dalam sebuah komputer?;Simpan data sementara untuk jalankan program;60;70;51,5
3;Apa fungsi dari RAM dalam sebuah komputer?;RAM dalam komputer berfungsi sebagai memori sementara untuk data-data yang ditransfer di dalam sistem komputer di saat komputer tersebut sedang melakukan suatu kegiatan seperti program atau aplikasi;75;70;80,5
3;Apa fungsi dari RAM dalam sebuah komputer?;Sebagai penyimpanan data sementara yang digunakan untuk menjalankan proses,;70;70;64
3;Apa fungsi dari RAM dalam sebuah komputer?;RAM (Random Access Memory) berfungsi untuk menyimpan data sementara yang dibutuhkan komputer atau smartphone untuk beroperasi. RAM merupakan salah satu komponen penting dalam komputer.;75;70;68,5
3;Apa fungsi dari RAM dalam sebuah komputer?;RAM adalah tipe memory yang hanya bisa membaca data tanpa bisa menulisnya di memory;60;30;50,25
3;Apa fungsi dari RAM dalam sebuah komputer?;RAM dalam sebuah kmputer berfungsi sebagai penyimpan data sementara yang digunakan untuk menjalankan program atau aplikasi dan dapat membuka file;70;70;66,25
3;Apa fungsi dari RAM dalam sebuah komputer?;memori jangka pendek yang menyimpam data dan intruksi yang sedang digunakan dalam cpu;75;70;78,5
3;Apa fungsi dari RAM dalam sebuah komputer?;Sebagai memori sementara untuk menyimpan data yg digunakan;75;70;70,5
3;Apa fungsi dari RAM dalam sebuah komputer?;Ram berfungsi untuk menyimpan data secara sementara;60;70;50,5
3;Apa fungsi dari RAM dalam sebuah komputer?;RAM (Random Acces Memory) Berfungsi sebagai penyimpan memory sementara yang digunakan untuk menjalankan sebuah software.;70;70;70,5
3;Apa fungsi dari RAM dalam sebuah komputer?;RAM digunakan untuk menyimpan data dan instruksi program dimana RAM menjadikan komputer berjalan lancar;70;65;61,5
3;Apa fungsi dari RAM dalam sebuah komputer?;RAM befungsi sebagai tempat penyimpanan memori jangka pendek untuk CPU.;60;70;57,75
3;Apa fungsi dari RAM dalam sebuah komputer?;Sebagai memori dan penyimpanan;50;60;53,5
3;Apa fungsi dari RAM dalam sebuah komputer?;Ram atau yg biasa disebut random acces memory. Ram seperti tempat penyimpanan sementara untuk akses cepat. Contoh ada game yang ingin dipakai. Maka datanya akan diambil dan disimpan di dalam ram. Sehingga data lebih cepat untuk dimodifikasi;70;80;77,5
3;Apa fungsi dari RAM dalam sebuah komputer?;RAM itu kayak meja kerja komputer. Makin gede RAM, makin banyak aplikasi yang bisa jalan bareng tanpa nge-lag. Kalau RAM kecil, komputer jadi lemot karena harus bolak-balik ngambil data dari hard disk.;60;70;58
3;Apa fungsi dari RAM dalam sebuah komputer?;Multitasking, memori sementara yang dapat dengan cepat diakses oleh CPU, serta meningkatkan kinerja komputer secara keseluruhan;70;80;69
3;Apa fungsi dari RAM dalam sebuah komputer?;RAM adalah tempat penyimpanan memori sementara;70;70;71,5
3;Apa fungsi dari RAM dalam sebuah komputer?;RAM berguna untuk menyimpan data sementara yang dibutuhkan untuk menjalankan suatu program;79;70;72
3;Apa fungsi dari RAM dalam sebuah komputer?;Memori untuk menyimpan data;50;60;44,25
3;Apa fungsi dari RAM dalam sebuah komputer?;RAM berguna untuk menyimpan data/memori untuk CPU;60;60;59,5
3;Apa fungsi dari RAM dalam sebuah komputer?;RAM adalah tempat penyimpanan data dari prosesor komputer untuk menjalankan program dan aplikasi;70;60;71
3;Apa fungsi dari RAM dalam sebuah komputer?;RAM pada Komputer Bekerja untuk menyimpan Data Sementara pada saat penggunaan Komputer;70;70;75,25
3;Apa fungsi dari RAM dalam sebuah komputer?;untuk penyimpanan sementara;60;70;56
3;Apa fungsi dari RAM dalam sebuah komputer?;RAM berfungsi sebagai memori sementara yang menyimpan data dan instruksi yang sedang digunakan oleh CPU.;70;70;77
3;Apa fungsi dari RAM dalam sebuah komputer?;Sebagai memori untuk menyimpan data sementara;70;70;74,75
3;Apa fungsi dari RAM dalam sebuah komputer?;Sebagai penyimpanan sementara;60;70;54,5
3;Apa fungsi dari RAM dalam sebuah komputer?;ram berfungsi sebagai penyimpan memori yang digunakan cpu dalam jangka pendek;70;70;72
3;Apa fungsi dari RAM dalam sebuah komputer?;RAM (Random Access Memory) adalah memory utama dalam komputer yang menyimpan data dan instruksi dari aplikasi ataupun program namun sifatnya sementara (Jika program atau aplikasi ditutup ataupum perngkat dimatikan maka data tersebut juga akan hilang);75;80;73,25
3;Apa fungsi dari RAM dalam sebuah komputer?;RAM berfungsi sebagai memori sementara yang menyimpan data dan program yang sedang aktif digunakan oleh CPU. RAM juga berfungsi pada komputer untuk mengakses data dengan cepat, sehingga mempercepat kinerja sistem dan memungkinkan multitasking tanpa mengganggu proses lainnya.;75;80;77
3;Apa fungsi dari RAM dalam sebuah komputer?;RAM berfungsi sebagai penyimpanan sementara data dan instruksi yang digunakan CPU. RAM memungkinkan komputer untuk mengakses data dengan cepat.;75;80;74,25
3;Apa fungsi dari RAM dalam sebuah komputer?;Menyimpan memori yang bersifat temporary di sebuah lokasi;70;70;63,5
3;Apa fungsi dari RAM dalam sebuah komputer?;Random Access Memory adalah tempat penyimpanan sementara komputer untuk memproses jadi semakin besar RAM nya maka semakin cepat proses datanya;70;80;66
3;Apa fungsi dari RAM dalam sebuah komputer?;RAM atau Random Access Memory adalah bagian komputer yang menyimpan data secara sementara.;70;70;68
3;Apa fungsi dari RAM dalam sebuah komputer?;Berfungsi sebagai memori sementara yang menyimpan data dna instruksi program yang sedang dijalankan.;70;70;66,5
3;Apa fungsi dari RAM dalam sebuah komputer?;RAM adalah bagian komputer yang menyimpan memori dan dapat mengakses memori dengan cepat, tetapi tidak disimpan ketika komputer dimatikan;80;100;77,25
3;Apa fungsi dari RAM dalam sebuah komputer?;Menyimpan data sementara;60;70;61
3;Apa fungsi dari RAM dalam sebuah komputer?;Sebagai ingatan dalam komputer;30;50;26,25
3;Apa fungsi dari RAM dalam sebuah komputer?;Random Access Memory digunakan untuk menyimpan data dalam sebuah komputer;30;56;23
3;Apa fungsi dari RAM dalam sebuah komputer?;Untuk nyimpen memori ketika program berjalan secara sementara;60;65;58,75
3;Apa fungsi dari RAM dalam sebuah komputer?;RAM atau Random Access Memory fungsinya buat nyimpan data sementara yang lagi dipakai sama CPU. Jadi, pas buka aplikasi atau file, data disimpan di RAM biar cepet diakses. Kalau mati listrik, data di RAM hilang karena sifatnya sementara.;80;100;77,5
3;Apa fungsi dari RAM dalam sebuah komputer?;Untuk menampung alamat memori yang diubah daripada microoperation yang dilakukan oleh bus.;60;20;54
3;Apa fungsi dari RAM dalam sebuah komputer?;Fungsi dari RAM dalam sebuah komputer adalah untuk sebagai memori jangka pendek untuk menyimpan data dan instruksi yang sedang digunakan oleh prosesor, sehingga prosesor dapat mengakses data dengan cepat dan efisien.;70;80;64,25
3;Apa fungsi dari RAM dalam sebuah komputer?;nyimpen data sementara;50;70;41,75
3;Apa fungsi dari RAM dalam sebuah komputer?;Fungsi ram adalah sebagai bentuk penyimpanan sementara yang cukup besar untuk sementara menyimpan data dekat dengan cpu agar lebih cepat diproses;70;80;67,5
3;Apa fungsi dari RAM dalam sebuah komputer?;Sebagai penyimpanan sementara;50;70;45
3;Apa fungsi dari RAM dalam sebuah komputer?;RAM berfungsi sebagai memori jangka pendek yang Volatile tapi lebih cepat dibandingkan ROM;60;70;58,5
3;Apa fungsi dari RAM dalam sebuah komputer?;memory tambahan yang bisa cepat diakses;20;60;14,5
3;Apa fungsi dari RAM dalam sebuah komputer?;menyimpan data sementara untuk diproses cpu;60;70;57,25
3;Apa fungsi dari RAM dalam sebuah komputer?;Fungsi ram itu bagaikan penyimpanan sementara agar tidak cycle clock tidak perlu terlalu lama mengambil memorinya, jadi disimpan ke ram dulu data yg dibutujkan cepat ahar proses komputer bs lebih cepat;70;70;75,5
3;Apa fungsi dari RAM dalam sebuah komputer?;untuk menyimpan data yang membutuhkan akses cepat;60;65;60,5
3;Apa fungsi dari RAM dalam sebuah komputer?;RAM adalah memori yang lebih dekat dengan CPU dibanding storage dengan fungsi mengecilkan waktu transfer data dan di saat bersamaan masih memberikan ruang untuk jumlah data yang cukup banyak, penting untuk data-data penting yang harus dijalankan secara real-time.;70;75;67
3;Apa fungsi dari RAM dalam sebuah komputer?;RAM berfungsi sebagai memori sementara yang menampung data yang diperlukan oleh program dan komputer selama komputer masih hidup. RAM memiliki waktu akses yang lebih cepat daripada memori permanen seperti hard drive sehigga cocok digunakan untuk data yang hanya diperlukan sewaktu program dijalankan.;70;90;66,5
3;Apa fungsi dari RAM dalam sebuah komputer?;ram itu buat nyimpen data sementara yang lagi diproses sama komputer. biar komputer bisa ngaksesnya dengan cepat.;70;80;71,5
3;Apa fungsi dari RAM dalam sebuah komputer?;RAM berfungsi sebagai penyimpanan memori yang berada diluar CPU yang berisikan address atau lokasi dari suatu data yang disimpan, atau bisa juga berupa sebuah data.;70;65;67,25
3;Apa fungsi dari RAM dalam sebuah komputer?;RAM berfungsi sebagai tempat penyimpanan sementara dalam komputer;60;70;56,75
3;Apa fungsi dari RAM dalam sebuah komputer?;RAM menyimpan data sementara untuk mempercepat akses dan menjalankan program.;70;80;69
3;Apa fungsi dari RAM dalam sebuah komputer?;RAM (Random Access Memory) berfungsi sebagai penyimpanan sementara untuk data dan program yang sedang berjalan, memungkinkan akses cepat oleh CPU untuk meningkatkan performa sistem.;75;80;81,5
3;Apa fungsi dari RAM dalam sebuah komputer?;RAM adalah Random Acces Memory yang bertugas untuk menyimpan memori sementara;70;70;70,5
3;Apa fungsi dari RAM dalam sebuah komputer?;Random Access Memory berfungsi sebagai penyimpanan sementara data dan instruksi yang sedang digunakan oleh CPU. RAM memungkinkan akses cepat ke informasi, meningkatkan kecepatan pemrosesan. Data di RAM bersifat volatil, hilang saat komputer dimatikan. Kapasitas dan kecepatan RAM memengaruhi kinerja multitasking dan aplikasi berat.;80;80;76,75
3;Apa fungsi dari RAM dalam sebuah komputer?;sebagai tempat penyimpanan sementara, agar lebih cepat mengakses data;70;80;74,25
3;Apa fungsi dari RAM dalam sebuah komputer?;Menyimpan memori;50;56;49
3;Apa fungsi dari RAM dalam sebuah komputer?;RAM berfungsi sebagai menyimpan data dalam jangka pendek agar bisa mengeskusi program;70;70;68,25
3;Apa fungsi dari RAM dalam sebuah komputer?;menyimpan data sementara program;60;70;50
3;Apa fungsi dari RAM dalam sebuah komputer?;Random Acess Memory bertujuan agar suatu proses yang dilakukan komputer menjadi lebih cepat karena komputer akan mengambil dari ram bukan dari storage langsung;70;65;67,25
3;Apa fungsi dari RAM dalam sebuah komputer?;RAM mempercepat kinerja komputer;50;60;50
3;Apa fungsi dari RAM dalam sebuah komputer?;RAM menyimpan data sementara, mempercepat kinerja, dan mendukung multitasking dalam komputer.;70;80;69,75
3;Apa fungsi dari RAM dalam sebuah komputer?;untuk menyimpan data sementara, untuk digunakan nantinya pada komponen hardware lain;70;70;62,5
3;Apa fungsi dari RAM dalam sebuah komputer?;Menyimpan data sementara yang sedang diproses oleh CPU, memungkinkan akses cepat untuk meningkatkan kinerja sistem.;70;85;65
3;Apa fungsi dari RAM dalam sebuah komputer?;RAM berfungsi sebagai memori sementara yang menyimpan data dan instruksi program yang sedang berjalan, sehingga CPU dapat mengaksesnya dengan cepat. Semakin besar kapasitas RAM, semakin banyak program yang bisa dijalankan secara bersamaan tanpa memperlambat kinerja komputer.;70;90;72
3;Apa fungsi dari RAM dalam sebuah komputer?;berfungsi sebagai tempat penyimpanan data sementara yang digunakan oleh CPU saat menjalankan program.;70;70;67,75
3;Apa fungsi dari RAM dalam sebuah komputer?;random access memory, sebagai tempat penyimpan sementara dari apa yang sedang di proses kokputer;70;70;65
3;Apa fungsi dari RAM dalam sebuah komputer?;sebagai tempat penyimpanan sementara;60;70;60,25
3;Apa fungsi dari RAM dalam sebuah komputer?;sebagai memori jangka pendek untuk menyimpan data dan instruksi yang sedang digunakan oleh CPU, sehingga prosesor dapat mengaksesnya dengan cepat dan efisien;70;90;71
3;Apa fungsi dari RAM dalam sebuah komputer?;RAM (Random Access Memory) berfungsi sebagai memori sementara yang menyimpan data dan program yang sedang aktif digunakan oleh CPU. RAM memungkinkan akses cepat ke data tersebut, meningkatkan kecepatan proses. Semakin besar kapasitas RAM, semakin banyak data yang dapat diproses secara bersamaan, meningkatkan performa komputer.;75;90;71,5
3;Apa fungsi dari RAM dalam sebuah komputer?;RAM berfungsi untuk menyimpan data sementara;70;70;62,5
3;Apa fungsi dari RAM dalam sebuah komputer?;Menurut saya, RAM mendukung kinerja sistem dengan menyimpan data sementara yang diperlukan untuk eksekusi program secara cepat.;75;80;76
3;Apa fungsi dari RAM dalam sebuah komputer?;load program;30;20;25,75
3;Apa fungsi dari RAM dalam sebuah komputer?;untuk menyimpan data;30;56;26,25
3;Apa fungsi dari RAM dalam sebuah komputer?;RAM merupakan tempat penyimpanan (memori) jangka pendek yang berguna untuk menyimpan data dan instruksi yang dilakukan oleh cpu agar processor dapat mengaksesnya dengan cepat.;75;80;78
3;Apa fungsi dari RAM dalam sebuah komputer?;menyimpan memori temporary (lebih cepet dari ssd dan hdd);50;70;54,25
3;Apa fungsi dari RAM dalam sebuah komputer?;tempat penyimpanan memori sementara komputer;50;70;46,5
3;Apa fungsi dari RAM dalam sebuah komputer?;untuk hal yang sama;0;0;0
3;Apa fungsi dari RAM dalam sebuah komputer?;berfungsi sebagai memori jangka pendek untuk menyimpan data dan instruksi yang sedang digunakan oleh CPU, sehingga prosesor dapat mengaksesnya dengan cepat dan efisien. ;70;85;69
3;Apa fungsi dari RAM dalam sebuah komputer?;RAM berfungsi sebagai komponen atau elemen penyimpan data dalam sebuah komputer.;50;60;47,75
3;Apa fungsi dari RAM dalam sebuah komputer?;Tempat untum menyimpan data sementara sebelum atau sesudah diproses oleh CPU;70;70;73,25
3;Apa fungsi dari RAM dalam sebuah komputer?;RAM (Random Access Memory) berfungsi untuk menyimpan data sementara yang dibutuhkan komputer untuk menjalankan aplikasi dan membuka file;70;70;67
3;Apa fungsi dari RAM dalam sebuah komputer?;memori sementara yang menyimpan data dan instruksi yang sedang digunakan oleh CPU. RAM memungkinkan komputer bekerja lebih cepat karena menyimpan data yang sering diakses tanpa harus mengambilnya dari penyimpanan permanen (HDD/SSD).;75;80;77
3;Apa fungsi dari RAM dalam sebuah komputer?;RAM atau Random Access Memory berfungsi sebagai penengah dari cache memory dan storage. RAM sangat berguna untuk mempercepat prosesnya data;75;70;78
3;Apa fungsi dari RAM dalam sebuah komputer?;RAM (Random Access Memory) digunakan untuk menyimpan data dan instruksi sementara yang sedang diproses oleh CPU. RAM memungkinkan akses cepat terhadap data dibandingkan penyimpanan permanen seperti hard drive, sehingga meningkatkan kinerja sistem.;75;90;75
3;Apa fungsi dari RAM dalam sebuah komputer?;RAM adalah tempat menyimpan data.;50;60;46,5
3;Apa fungsi dari RAM dalam sebuah komputer?;Fungsi RAM adalah untuk menyimpan memori pada sebuah komputer dengan batasan;40;60;37
3;Apa fungsi dari RAM dalam sebuah komputer?;fungsi RAM dalam sebuah komputer adalah sebagai tempat penyimpanan;40;60;37,75
3;Apa fungsi dari RAM dalam sebuah komputer?;RAM (Random Access Memory) berfungsi sebagai memori sementara yang digunakan untuk menyimpan data yang sedang diproses oleh CPU.;70;70;73
3;Apa fungsi dari RAM dalam sebuah komputer?;ram adalah memori dalam sebuah sistem yang menjalankan aplikasi user;60;60;58
3;Apa fungsi dari RAM dalam sebuah komputer?;Sebagai tempat penyimpanan sementara untuk data, sebelum di proses cpu;60;70;58,5
3;Apa fungsi dari RAM dalam sebuah komputer?;Menyimpan data sementara saat software berjalan;70;70;66,5
3;Apa fungsi dari RAM dalam sebuah komputer?;short term memory untuk cpu;70;70;66,5
3;Apa fungsi dari RAM dalam sebuah komputer?;menyimpan program yang sedang dijalankan komputer;70;60;66,5
3;Apa fungsi dari RAM dalam sebuah komputer?;"RAM (Random Access Memory) itu kayak ""meja kerja"" buat komputer. Semakin besar RAM, semakin banyak tugas yang bisa dikerjain sekaligus tanpa lemot. Dia nyimpen data sementara yang lagi diproses, jadi makin cepat aksesnya dibanding hard disk atau SSD. Tapi kalau komputer dimatikan, datanya langsung hilang.";75;100;79
3;Apa fungsi dari RAM dalam sebuah komputer?;RAM fungsinya adalah sebagai memori jangka pendek untuk menyimpan data dan instruksi yang dikerjakan CPU sehingga bisa diakses dengan cepat oleh CPU.;75;80;77,25
3;Apa fungsi dari RAM dalam sebuah komputer?;Ram adalah sebuah komponen pada komputer yang menyimpan data secara sementara untuk diproses selanjutnya.;70;70;66,5
3;Apa fungsi dari RAM dalam sebuah komputer?;Memori sementara tempat program berlangsung;65;60;57,25
3;Apa fungsi dari RAM dalam sebuah komputer?;menjadi memori utama yang berfungsi untuk menyimpan sementara yang sedang digunakan oleh cpu;70;70;71
3;Apa fungsi dari RAM dalam sebuah komputer?;RAM memberi memori jangka pendek dengan kecepatan tinggi pada CPU;60;70;55,5
3;Apa fungsi dari RAM dalam sebuah komputer?;Sebagai memori yang menyimpan data sementara dan sifatnya volatil;75;80;76
3;Apa fungsi dari RAM dalam sebuah komputer?;RAM berfungsi sebagai tempat penyimpanan sementara yang mempercepat akses data dan menjalankan program di komputer.;75;80;77,5
3;Apa fungsi dari RAM dalam sebuah komputer?;RAM berfungsi sebagai penyimpan data dari komputer. RAM ini adalah penyimpan data sementara.;70;70;70
3;Apa fungsi dari RAM dalam sebuah komputer?;RAM adalah memori sementara yang menyimpan data intruksi yang digunakan agar dapat diakses CPU;75;70;70
3;Apa fungsi dari RAM dalam sebuah komputer?;Random Access Memory, tempat yang menjadi memory disimpan dalam komputer;50;60;42,75
3;Apa fungsi dari RAM dalam sebuah komputer?;Menyimpan data dalam memori sementara sehingga dapat cepat diakses;75;80;66,5
3;Apa fungsi dari RAM dalam sebuah komputer?;RAM berfungsi sebagai memori jangka pendek yang dapat diakses secara cepat oleh CPU.;75;80;74,25
3;Apa fungsi dari RAM dalam sebuah komputer?;RAM sebagai penyimpanan sementara dari komputer dalam menjalankan berbagai program.;70;70;71,75
3;Apa fungsi dari RAM dalam sebuah komputer?;RAM berfungsi sebagai tempat penyimpanan utama saat pemrosesan data;60;65;56,5
3;Apa fungsi dari RAM dalam sebuah komputer?;RAM berfungsi sebagai jembatan untuk mempercepat perpindahan data dari cache dan main memory.;70;56;74,5
3;Apa fungsi dari RAM dalam sebuah komputer?;RAM berfungsi untuk menyimpan, dan secara konsekuen, mengakses data tersebut dalam jangka pendek/sementara. Hal ini dilakukan dengan menjembatani cache dan main memory.;75;70;71,5
3;Apa fungsi dari RAM dalam sebuah komputer?;RAM berfungsi untuk tempat penyimpanan data sementara antara cache yang memiliki kecepatan tinggi dan ukuran yang kecil dan storage eksternal seperti hard drive yang cukup lambat namun memiliki penyimpanan yang besar;70;70;71,5
3;Apa fungsi dari RAM dalam sebuah komputer?;berfubgsi sebagai memori sementara yang menyimpan data dan instruksi yg sedang dijalankan;75;70;66,5
3;Apa fungsi dari RAM dalam sebuah komputer?;"Seingat saya, RAM atau Random Access Memory adalah untuk mengakses memori secara tidak berurutan/sequential. Jadi, suatu data dapat ""dibuka"" tanpa harus memperhatikan urutan data tersebut.";70;60;68,5
3;Apa fungsi dari RAM dalam sebuah komputer?;RAM atau Random Access Memory adalah tempat menyimpan data sementara setelah di eksekusi oleh prosesor;65;70;67
3;Apa fungsi dari RAM dalam sebuah komputer?;RAM berfungsi sebagai tempat data yang ingin digunakan pada saat itu diisimpan.;50;56;56
3;Apa fungsi dari RAM dalam sebuah komputer?;RAM (Random Access Memory) berfungsi menyimpan data yang diperlukan oleh prosesor komputer untuk program yang sedang berjalan.;80;60;82
3;Apa fungsi dari RAM dalam sebuah komputer?;Fungsi dari RAM dalam sebuah komputer adalah untuk menyimpan data secara sementara jika ada beberapa program dalam komputer yang dijalankan secara bersamaan dalam satu waktu yang sama.;75;70;70
4;Apa yang dimaksud dengan algoritma dan mengapa penting dalam ilmu komputer?;algoritma merupakan cara atau instruksi yang digunakan dalam mengolah data pada komputer. algoritma penting karena pengolahan data menjadi lebih efisien dan sistematis;80;56;85
4;Apa yang dimaksud dengan algoritma dan mengapa penting dalam ilmu komputer?;Algoritma merupakan suatu prosedural yang ditujukan untuk menyelesaikan suatu masalah yang spesifik. Algoritma penting dalam ilmu komputer karena komputer bekerja sesuai dengan prosedur tertentu, yakni algoritma itu sendiri;75;70;78,5
4;Apa yang dimaksud dengan algoritma dan mengapa penting dalam ilmu komputer?;Algoritma adalah langkah-langkah sistematis untuk menyelesaikan masalah dalam ilmu komputer. Penting karena menentukan efisiensi program, mengoptimalkan kinerja, dan menjadi dasar dalam pemrograman. Algoritma digunakan dalam pencarian data, enkripsi, kecerdasan buatan, dan optimasi proses, serta membantu mengevaluasi kompleksitas solusi dengan notasi Big-O.;80;100;77,75
4;Apa yang dimaksud dengan algoritma dan mengapa penting dalam ilmu komputer?;Algoritma adalah serangkaian langkah atau instruksi yang digunakan untuk menyelesaikan suatu masalah atau menjalankan tugas tertentu dalam pemrograman. Dalam ilmu komputer, algoritma penting karena menentukan efisiensi dan kecepatan pemrosesan data. Algoritma yang baik membantu komputer menyelesaikan tugas dengan cara yang lebih optimal, menghemat waktu dan sumber daya.;80;100;83
4;Apa yang dimaksud dengan algoritma dan mengapa penting dalam ilmu komputer?;serangkaian instruksi yang logis dan sistematis untuk menyelesaikan masalah atau menjalankan suatu proses;75;90;71,75
4;Apa yang dimaksud dengan algoritma dan mengapa penting dalam ilmu komputer?;Algoritma adalah sebuah proses yang memproses sebuah input menjadi output yang diinginkan. Algoritma penting dalam ilmu komputer karena setiap tindakan yang dilakukan oleh komputer merupakan algoritma.;75;80;72,5
4;Apa yang dimaksud dengan algoritma dan mengapa penting dalam ilmu komputer?;Algoritma adalah langkah-langkah atau instruksi terstruktur untuk menyelesaikan suatu masalah atau menjalankan tugas. Dalam ilmu komputer, algoritma penting karena menentukan efisiensi dan kecepatan pemrosesan data dalam program, serta memastikan solusi yang sistematis dan dapat diandalkan.;85;100;90,75
4;Apa yang dimaksud dengan algoritma dan mengapa penting dalam ilmu komputer?;Algoritma adalah rangkaian langkah logis yang menyelesaikan masalah secara sistematis, sehingga mendukung efisiensi dan efektivitas pemrograman.;80;100;85,75
4;Apa yang dimaksud dengan algoritma dan mengapa penting dalam ilmu komputer?;Algoritma adalah langkah sistematis untuk menyelesaikan masalah, penting untuk efisiensi dan keakuratan.;80;90;83,75
4;Apa yang dimaksud dengan algoritma dan mengapa penting dalam ilmu komputer?;Algoritma adalah rangkaian langkah-langkah yang sistematis untuk menjalankan suatu perintah yang sebelumnya sudah ditentukan. Hal tersebut menjadi penting pada ilmu komputer karena akan menjadi acuan bagi komputer ketika akan menjalankan suatu perintah.;80;90;87
4;Apa yang dimaksud dengan algoritma dan mengapa penting dalam ilmu komputer?;instruksi yang digunakan untuk menyelesaikan masalah;60;50;59
4;Apa yang dimaksud dengan algoritma dan mengapa penting dalam ilmu komputer?;urutan langkah-langkah yang logis dan sistematis untuk menyelesaikan masalah atau mencapai tujuan tertentu;80;75;78,75
4;Apa yang dimaksud dengan algoritma dan mengapa penting dalam ilmu komputer?;Algoritma adalah beberapa instruksi yang mengambil input dan menghasilkan output. Algoritma penting dalam ilmu komputer karena komputer tidak mampu melakukan apapun tanpa algoritma, dan ia penting dipelajari untuk mengoptimasi komputasi menggunakan komputer ;70;50;68,25
4;Apa yang dimaksud dengan algoritma dan mengapa penting dalam ilmu komputer?;Algoritma adalah serangkaian langkah-langkah atau instruksi yang jelas dan terstruktur untuk menyelesaikan suatu masalah atau mencapai tujuan tertentu. Dalam konteks ilmu komputer, algoritma digunakan untuk memecahkan masalah secara efisien, mulai dari pengolahan data, pengambilan keputusan, hingga proses pemrograman.  Algoritma sangat penting dalam ilmu komputer karena memberikan solusi yang terencana dan terstruktur untuk berbagai permasalahan. Dengan algoritma yang baik, proses komputasi menjadi lebih cepat dan efisien, menghemat waktu dan sumber daya. Selain itu, algoritma juga mendasari pembuatan program komputer, aplikasi, dan sistem yang kompleks, sehingga kemampuan merancang algoritma yang efektif sangat penting bagi para pengembang perangkat lunak.;80;90;85,75
4;Apa yang dimaksud dengan algoritma dan mengapa penting dalam ilmu komputer?;algoritma adalah proses secara berurut dari awal sampai akhir yang menjelaskan suatu hal;50;50;50
4;Apa yang dimaksud dengan algoritma dan mengapa penting dalam ilmu komputer?;yang dimaksud algoritma adalah urutan perintah yang digunakan untuk menyelesaikan maslaah;60;50;62,25
4;Apa yang dimaksud dengan algoritma dan mengapa penting dalam ilmu komputer?;Algoritma adalah serangkaian instruksi yang digunakan untuk memecahkan masalah atau melakukan tugas, berdasarkan pemahaman terhadap alternatif yang tersedia. Algoritma penting dalam ilmu komputer karena membantu menyelesaikan masalah, meningkatkan efisiensi program, dan memastikan keakuratan hasil.   ;80;70;82,5
4;Apa yang dimaksud dengan algoritma dan mengapa penting dalam ilmu komputer?;algoritma merupakan serangkaian metode atau langkah langkah yang sistematis. Algoritma penting dalma komputer karena dapat membantu dalam efisiensi program/penyelesaian masalah;80;100;85
4;Apa yang dimaksud dengan algoritma dan mengapa penting dalam ilmu komputer?;urutan intruksi yang dapat di gunakan untuk menyelesaikan suatu tugas sesuai instruksi;70;50;68
4;Apa yang dimaksud dengan algoritma dan mengapa penting dalam ilmu komputer?;Urutan instruksi atau tahapan dalam menyelesaikan masalah;70;50;72,5
4;Apa yang dimaksud dengan algoritma dan mengapa penting dalam ilmu komputer?;Algoritma merupakan step-step atau langkah-langkah dari sebuah instruksi atau perintah yang ingin diberikan ;70;50;68,5
4;Apa yang dimaksud dengan algoritma dan mengapa penting dalam ilmu komputer?;Algoritma sangat penting karena itu adalah langkah2 komputer untuk menjalankan tugas, kalau gk ada algoritma nanti komputer gk tau gimana nyeselaiin permasalahan sehingga terjadi error;60;50;60
4;Apa yang dimaksud dengan algoritma dan mengapa penting dalam ilmu komputer?;algoritma adalah serangkaian instruksi berurutan yang digunakan ubntuk memecahkan masalah atau menyelesaikan tugas secara efisien. Algoritma penting karena merupakan fondasi setiap program dan sistem komputer yang memungkinkan pemrosesan data, perhitungan, dan pengambilan keputusan otomatis..;80;56;79,25
4;Apa yang dimaksud dengan algoritma dan mengapa penting dalam ilmu komputer?;pemecahan masalah dengan efisien ;40;56;34
4;Apa yang dimaksud dengan algoritma dan mengapa penting dalam ilmu komputer?;Dalam ilmu komputer, algoritma berfungsi sebagai dasar bagi pembuatan program dan sistem perangkat lunak. Setiap perintah yang dijalankan oleh komputer melalui perangkat lunak didasarkan pada algoritma yang telah dirancang agar proses pengolahan data berjalan efisien dan akurat.;70;65;68
4;Apa yang dimaksud dengan algoritma dan mengapa penting dalam ilmu komputer?;Algoritma adalah serangkaian langkah atau instruksi yang terstruktur dan berurutan untuk menyelesaikan suatu masalah atau tugas tertentu. Dalam ilmu komputer, algoritma digunakan untuk mengembangkan solusi pemrograman yang efisien dan optimal. Algoritma membantu dalam merancang solusi yang sistematis dan terorganisir, sehingga memudahkan pemrogram dalam menulis kode yang rapi dan mudah dipahami.;75;100;75,75
4;Apa yang dimaksud dengan algoritma dan mengapa penting dalam ilmu komputer?;Algoritma adalah susunan cara berpikir bahasa komputer;40;60;42,5
4;Apa yang dimaksud dengan algoritma dan mengapa penting dalam ilmu komputer?;algoritma merupakan langkah penyelesaian. kasus atau problema yang terjadi dalam dunia komputer dapat diselesaikan dengan membuat atau menyusun algoritma. karenanya, algoritma berperan penting.;50;56;47,5
4;Apa yang dimaksud dengan algoritma dan mengapa penting dalam ilmu komputer?;Secara umum, algoritma adalah cara berpikir. Dalam sebuah sistem komputer, algoritma digunakan untuk membuat dan menjalankan sebuah proses dalam sebuah program. Ini penting karena semua program memerlukan algoritma, dan tanpa algoritma, program tidak akan berjalan;70;56;71,75
4;Apa yang dimaksud dengan algoritma dan mengapa penting dalam ilmu komputer?;algoritma adalah runtutan berpikir yang berupa serangkaaian langkah langkah intruksi yang terstruktur dan logiss untuk menyelesaiakan suatu tugass atau permasalahan tertentu. Ini sangat penting untuk dalam ilmu kedokteran komputer karena komponen komputer sangat membutuhkan algoritma ini untuk mengerjakan suatu tugas yang diberikan oleh user ;80;70;87,25
4;Apa yang dimaksud dengan algoritma dan mengapa penting dalam ilmu komputer?;Algoritma adalah bagian dari berpikir secara komputasional dimana komputer berpikir dengan step by step yang sudah dirancang.;70;50;69,75
4;Apa yang dimaksud dengan algoritma dan mengapa penting dalam ilmu komputer?;Algoritma adalah serangkaian langkah atau instruksi yang terstruktur dan sistematis untuk menyelesaikan suatu masalah atau melakukan tugas tertentu. Dalam ilmu komputer, algoritma digunakan untuk mengembangkan program yang dapat berjalan secara efisien dan akurat.;90;100;90
4;Apa yang dimaksud dengan algoritma dan mengapa penting dalam ilmu komputer?;algoritma adalah langkah langkah logika yang terstruktur untuk menjalankan suatu perintah atau melaksanakan program. algoritma penting karena merupakan fondasi utama dari proses komputasi pada komputer yang memungkinkan komputer untuk menjalankan program secara cepat efisien.;80;85;84
4;Apa yang dimaksud dengan algoritma dan mengapa penting dalam ilmu komputer?;Algoritma adalah cara berpikir suatu komputer. Dengan adanya algoritma, maka suatu tugas akan dikerjakan dengan cara algoritma yang digunakan. Algoritma sangatlah penting karena tanpanya, suatu komputer tidak bisa berpikir sehingga tugas tidak bisa dikerjakan;70;60;75,5
4;Apa yang dimaksud dengan algoritma dan mengapa penting dalam ilmu komputer?;Alagorimat merupakkan serangalai instruktur yang dapat dibaca Dan diproses oleh komputer, ini berisis berbagai perintah untuk melakukkan ,memperoses, mengolah, suatu data sehingga sesuai apa yg didinginkan oleh user;60;50;58,75
4;Apa yang dimaksud dengan algoritma dan mengapa penting dalam ilmu komputer?;Algoritma adalah urutan instruksi yang digunakan untuk memecah suatu masalah atau melaksanakan tugas tertentu di dalam komputer. Algoritma berperan penting agar komputer bisa bekerja lebih efektif dan lebih efisien.;80;50;74,25
4;Apa yang dimaksud dengan algoritma dan mengapa penting dalam ilmu komputer?;Algoritma adalah serangkaian instruksi yang berurutan dan logis untuk memecahkan masalah atau menyelesaikan tugas tertentu. Algoritma penting karena itu adalah dasar untuk hampir semua proses komputasi;80;50;86,75
4;Apa yang dimaksud dengan algoritma dan mengapa penting dalam ilmu komputer?;algoritma itu urutan langkah-langkah untuk menyelesaikan suatu masalah atau tugas pada ilmu komputer;80;60;73,75
4;Apa yang dimaksud dengan algoritma dan mengapa penting dalam ilmu komputer?;Algoritma adalah langkah langkah sistematis untuk memecahkan suatu masalah. Algoritma sangatlah penting karena komputer bekerja sequential, mirip seperti algoritma;80;70;81,5
4;Apa yang dimaksud dengan algoritma dan mengapa penting dalam ilmu komputer?;Algoritma merupakan kumpulan instruksi yang memiliki suatu tujuan. Algoritma biasanya diusahakan untuk dibuat se-efisien mungkin.;80;50;76
4;Apa yang dimaksud dengan algoritma dan mengapa penting dalam ilmu komputer?;Algoritma adalah serangkaian instruksi untuk menyelesaikan masalah dan tugas tertentu. Hal ini sangat pentiny karena algoritma membantu kita untuk memahami bagaimana suatu perangkat lunak bekerja dan bagaimana untuk merancang solusi untuk masalah tertentu.;85;60;89,75
4;Apa yang dimaksud dengan algoritma dan mengapa penting dalam ilmu komputer?;Algoritma dapat diibaratkan seperti resep dalam koding. Ketika ingin membuat kode, kita dapat mengimplementasikan resep tersebut untuk membuat blok kode. Contoh blok kode tersebut adalah pencarian biner. Algoritma sangat penting dalam mengimplementasikan dan membuat kode sesuai kebutuhan;75;70;78,5
4;Apa yang dimaksud dengan algoritma dan mengapa penting dalam ilmu komputer?;Algoritma adalah fungsi atau persamaan yang menjalankan perintah. Algoritma akan berjalan sesuai dengan input pengguna dan memilih jalur mana yang memenuhi untuk melanjutkan pemrosesan data. ;70;50;77
4;Apa yang dimaksud dengan algoritma dan mengapa penting dalam ilmu komputer?;Algoritma adalah langkah-langkah atau instruksi yang sistematis untuk menyelesaikan suatu masalah atau menjalankan tugas. Dalam ilmu komputer, algoritma digunakan untuk mengembangkan perangkat lunak, mengolah data, dan mengoptimalkan kinerja sistem;85;90;91,75
4;Apa yang dimaksud dengan algoritma dan mengapa penting dalam ilmu komputer?;Algoritma merupakan suatu sistematika dalam dalam menyelesaikan suatu kasus secara sistematis dan terurut. Dalam ilmu komputer algoritma digunakan untuk menyelesaikan suatu operasi, melakukan otomasi, dan pelaksana suatu program yang berjalan berulang.;85;90;83
4;Apa yang dimaksud dengan algoritma dan mengapa penting dalam ilmu komputer?;Algoritma merupakan beberapa rangkaian untuk menuelesaikan suatu masalah atau tugas yang ada. Sehingga dapat mencapai suatu hasil dengan program dan sistem yang efisien. Algoritma penting dalam ilmu komputer karena mempermudah dalam mencari solusi dalam ilmu komputer.;80;100;83,75
4;Apa yang dimaksud dengan algoritma dan mengapa penting dalam ilmu komputer?;Algoritma adalah langkah-langkah logis yang digunakan untuk menyelesaikan suatu masalah atau menjalankan tugas dalam pemrograman. Algoritma penting dalam ilmu komputer karena menentukan efisiensi dan kecepatan pemrosesan suatu program.;80;100;88,5
4;Apa yang dimaksud dengan algoritma dan mengapa penting dalam ilmu komputer?;Algoritma adalah sekumpulan langkah langkah yang urut yang digunakan untuk mengerjakan suatu tugas tertentu. Komputer tidak seperti manusia yang bisa memahami ide ide abstrak dan berpikir lalu mengolah sendiri. Komputer membutuhkan sekumpulan perintah dan langkah yang urut untuk melakukan suatu tugas.;80;100;80
4;Apa yang dimaksud dengan algoritma dan mengapa penting dalam ilmu komputer?;serangkaian instruksi atau langkah-langkah yang sistematis dan logis untuk menyelesaikan masalah atau tugas tertentu, dan sangat penting dalam ilmu komputer karena mendasari bagaimana komputer memproses data dan menyelesaikan tugas;85;100;79,25
4;Apa yang dimaksud dengan algoritma dan mengapa penting dalam ilmu komputer?;algoritma penting untuk mengubah sebuah input menjadi output yg diinginkan, algoritma berfungsi bagi kita untuk mengubah bahasa-bahasa seperti biner, menjadi bahasa yang dapat kita pahami seperti huruf;50;56;52,25
4;Apa yang dimaksud dengan algoritma dan mengapa penting dalam ilmu komputer?;Algoritma adalah langkah-langkah sistematis untuk menyelesaikan suatu masalah atau menjalankan tugas dalam bentuk instruksi yang jelas. Dalam ilmu komputer, algoritma penting karena digunakan untuk mengembangkan program yang efisien, mengoptimalkan pemrosesan data, dan menyelesaikan berbagai permasalahan komputasi dengan cara yang terstruktur dan efektif.;85;100;90,25
4;Apa yang dimaksud dengan algoritma dan mengapa penting dalam ilmu komputer?;Algoritma adalah serangkaian langkah atau instruksi yang sistematis untuk menyelesaikan suatu masalah atau tugas.;80;65;77
4;Apa yang dimaksud dengan algoritma dan mengapa penting dalam ilmu komputer?;Algoritma merupakan bentuk memasukkan suatu input dengan output yang diinginkan. Penting karena komputer berfungsi untuk memudahkan hidup manusia;60;50;61,5
4;Apa yang dimaksud dengan algoritma dan mengapa penting dalam ilmu komputer?;Algoritma adalah serangkaian langkah atau instruksi yang digunakan untuk menyelesaikan suatu masalah atau menjalankan suatu tugas secara sistematis. Dalam ilmu komputer, algoritma sangat penting karena menjadi dasar dalam pemrograman dan pengembangan perangkat lunak. Dengan algoritma yang efisien, sebuah program dapat menyelesaikan tugas dengan lebih cepat dan menggunakan sumber daya secara optimal. Algoritma juga memungkinkan pemecahan masalah yang kompleks dengan cara yang terstruktur, sehingga mempermudah pengembangan teknologi seperti kecerdasan buatan, pemrosesan data, dan sistem keamanan.;90;100;92
4;Apa yang dimaksud dengan algoritma dan mengapa penting dalam ilmu komputer?;Algoritma adalah urutan langkah-langkah yang digunakan untuk memecahkan masalah atau melakukan tugas dalam ilmu komputer. Algoritma penting dalam ilmu komputer karena menjadi dasar dari berbagai aspek ilmu komputer.;80;70;83,75
4;Apa yang dimaksud dengan algoritma dan mengapa penting dalam ilmu komputer?;Algoritma merupakan langkah langkah sistematis dalam menentukan suatu program dari input sampai output sehingga dapat berjalan sesaui fungsi dengan baik.;75;70;72
4;Apa yang dimaksud dengan algoritma dan mengapa penting dalam ilmu komputer?;Sangat penting agar komputer bisa memahami instruksi;40;50;40,5
4;Apa yang dimaksud dengan algoritma dan mengapa penting dalam ilmu komputer?;Algoritma adalah serangkaian langkah atau instruksi yang digunakan untuk menyelesaikan suatu masalah secara sistematis. Dalam ilmu komputer, algoritma menjadi dasar dalam pemrograman karena menentukan cara sebuah program bekerja dalam memproses data dan menghasilkan output yang diinginkan. Pentingnya algoritma terletak pada efisiensi dan optimasi dalam menyelesaikan masalah. Dengan algoritma yang baik, sebuah program dapat berjalan lebih cepat, menggunakan lebih sedikit sumber daya, dan memberikan hasil yang lebih akurat. Algoritma digunakan dalam berbagai aspek ilmu komputer, seperti pencarian data, pengurutan, kecerdasan buatan, hingga keamanan siber. Oleh karena itu, pemahaman tentang algoritma sangat krusial bagi siapa saja yang ingin mengembangkan perangkat lunak atau memecahkan masalah komputasi dengan cara yang efektif.;85;100;95
4;Apa yang dimaksud dengan algoritma dan mengapa penting dalam ilmu komputer?;Sebagai alur dari suatu kondisi yang diberikan.;20;56;11,5
4;Apa yang dimaksud dengan algoritma dan mengapa penting dalam ilmu komputer?;algoritma adalah langkah langkah pada sistem yang terurut;60;60;65,5
4;Apa yang dimaksud dengan algoritma dan mengapa penting dalam ilmu komputer?;algoritma adalah susunan langkah langkah logis guna menyelesaikan atau menjalankan sesuatu, hal ini sangat penting karena merupakan dasar pemrograman;70;60;65
4;Apa yang dimaksud dengan algoritma dan mengapa penting dalam ilmu komputer?;Algoritma adalah serangkaian langkah atau instruksi yang terstruktur untuk menyelesaikan suatu masalah atau menjalankan tugas. Dalam ilmu komputer, algoritma penting karena menjadi dasar pemrograman dan pemrosesan data, memungkinkan efisiensi dalam penyelesaian masalah. Algoritma yang baik dapat meningkatkan kinerja perangkat lunak, mengoptimalkan penggunaan sumber daya, dan memastikan solusi yang cepat serta akurat dalam berbagai aplikasi teknologi.;80;100;79,5
4;Apa yang dimaksud dengan algoritma dan mengapa penting dalam ilmu komputer?;algoritma adalah urutan dari sejumlah langkah logis dan sistematis untuk memecahkan suatu masalah tertentu. digunakan untuk menemukan cara terbaik untuk memecahkan masalah, berdasarkan penyimpanan data, penyortiran dan pemrosesan, serta pembelajaran mesin . Dengan demikian, algoritma meningkatkan efisiensi program.;80;100;84
4;Apa yang dimaksud dengan algoritma dan mengapa penting dalam ilmu komputer?;Algoritma merupakan suatu langkah atau instruksi yang logis untuk memecahkan masalah, algoritma dapat defisiensikan sehingga pemrosesan data dapat berjalan denhan lebih cepat;75;70;75
4;Apa yang dimaksud dengan algoritma dan mengapa penting dalam ilmu komputer?;Algoritma adalah serangkaian langkah atau aturan logis yang digunakan untuk menyelesaikan masalah atau menjalankan tugas dalam komputasi. Dalam ilmu komputer, algoritma penting karena menentukan efisiensi dan kecepatan pemrosesan data, mempengaruhi performa perangkat lunak, serta menjadi dasar dalam pengembangan kecerdasan buatan, kriptografi, dan pemrosesan data besar. Algoritma yang baik memungkinkan solusi yang optimal, hemat sumber daya, dan dapat diterapkan pada berbagai masalah secara sistematis.;80;90;74,5
4;Apa yang dimaksud dengan algoritma dan mengapa penting dalam ilmu komputer?;Algoritma penting dalam ilmu komputer karena membantu memecahkan masalah, meningkatkan efisiensi, dan mengurangi kesalahan. Algoritma juga menjadi dasar bagi banyak teknologi yang digunakan sehari-hari.;70;56;70,5
4;Apa yang dimaksud dengan algoritma dan mengapa penting dalam ilmu komputer?;Dalam konteks pemrograman komputer, algoritma merujuk pada serangkaian instruksi atau perintah yang diberikan kepada komputer untuk menyelesaikan tugas atau perhitungan tertentu.;70;56;65,25
4;Apa yang dimaksud dengan algoritma dan mengapa penting dalam ilmu komputer?;algoritma sangat penting dalam ilmu komputer untuk membuat penrograman yang sistematis sehingga fitur dalam komputer dapat bekerja dengan baik;75;70;81,25
4;Apa yang dimaksud dengan algoritma dan mengapa penting dalam ilmu komputer?;Algoritma adalah rangkaian instruksi atau langkah-langkah terstruktur untuk menyelesaikan suatu masalah atau mencapai tujuan tertentu. Algoritma penting dalam ilmu komputer karena membantu memastikan bahwa solusi yang diberikan efisien, sistematis, dan dapat diandalkan dalam pemecahan masalah.;90;85;85,75
4;Apa yang dimaksud dengan algoritma dan mengapa penting dalam ilmu komputer?;Algoritma adalah serangkaian langkah atau instruksi logis yang dirancang untuk menyelesaikan suatu masalah atau menjalankan tugas secara sistematis. Dalam ilmu komputer, algoritma sangat penting karena menjadi dasar dalam pemrosesan data, pengembangan perangkat lunak, dan optimasi kinerja. Algoritma yang efisien dapat meningkatkan kecepatan dan akurasi dalam menyelesaikan berbagai masalah komputasi.;90;100;86,75
4;Apa yang dimaksud dengan algoritma dan mengapa penting dalam ilmu komputer?;Algoritma membentuk dasar pemrograman komputer dan digunakan untuk memecahkan masalah mulai dari penyortiran dan pencarian sederhana hingga tugas kompleks seperti Artificial Intelligence (AI) dan Machine Learning.;60;56;64
4;Apa yang dimaksud dengan algoritma dan mengapa penting dalam ilmu komputer?;Algoritma kurang lebih merepresentasikan SOP/order-of-operations dari sebuah proses yang akan dilakukan oleh komputer sesuai keinginan pengguna, sangat penting karena algoritma membantu kita dalam memecahkan sebuah masalah dengan proses yang tepat dan cepat, karena komputer sangatlah precise dan pasti;70;80;74,5
4;Apa yang dimaksud dengan algoritma dan mengapa penting dalam ilmu komputer?;Algoritma adalah proses/instruksi untuk memecahkan masalah atau mencapai suatu tujuan.;75;60;72,25
4;Apa yang dimaksud dengan algoritma dan mengapa penting dalam ilmu komputer?;Urutan langkah yang digunakan untuk menyelesaikan suatu masalah.;75;60;71,5
4;Apa yang dimaksud dengan algoritma dan mengapa penting dalam ilmu komputer?;Algoritma adalah bagaimana kita menyusun sebuah logika dan tentunya dipahami komputer untuk mengerjakan suatu tugas atau perintah.;70;56;69,5
4;Apa yang dimaksud dengan algoritma dan mengapa penting dalam ilmu komputer?;Algortitma adalah sebuah langkah atau aturan untuk melakukan sebuah tugas. Ini sangat penting karena dapat mempercepat kerja sebuah komputer;75;60;80,5
4;Apa yang dimaksud dengan algoritma dan mengapa penting dalam ilmu komputer?;algoritma sangat lah penting karena dapat mempersingkat waktu kerja cpu;20;56;11
4;Apa yang dimaksud dengan algoritma dan mengapa penting dalam ilmu komputer?;algoritma adalah suatu tools atau framework yang berfungsi untuk menggambarkan cara berpikir kita. algoritma sangat oenting didalam ilmu komputer karena di dalam dunia konputer logika suatu user sangat di andalkan dalam menggunakan suatu komputer;40;56;47
4;Apa yang dimaksud dengan algoritma dan mengapa penting dalam ilmu komputer?;Algoritma adalah sebuah fungsi yang dibuat berdasarkan kriteria ataupun keinginan yang dimiliki. Sebuah Algoritma sangat penting karena dapat menjelaskan step-by-step jalannya suatu program, serta memastikan bahwa program berjalan sesuai dengan keinginan.;70;65;68,5
4;Apa yang dimaksud dengan algoritma dan mengapa penting dalam ilmu komputer?;langkah atau instruksi yang dirancang untuk menyelesaikan suatu masalah atau menjalankan tugas secara sistematis.;75;60;77
4;Apa yang dimaksud dengan algoritma dan mengapa penting dalam ilmu komputer?;Algoritma adalah langkah-langkah atau instruksi yang dijalankan komputer untuk mencapai output tertentu.;70;60;64,5
4;Apa yang dimaksud dengan algoritma dan mengapa penting dalam ilmu komputer?;merupakan langkah langkah logis untuk menyelesaikan suatu masalah;75;56;75
4;Apa yang dimaksud dengan algoritma dan mengapa penting dalam ilmu komputer?;Dalam ilmu komputer, algoritma adalah urutan instruksi yang digunakan untuk memecahkan masalah atau melakukan tugas. Ini penting karena membantu komputer melakukan tugasnya dengan baik.;75;56;79
4;Apa yang dimaksud dengan algoritma dan mengapa penting dalam ilmu komputer?;Algoritma adalah rangkaian langkah atau prosedur yang digunakan untuk menyelesaikan suatu masalah atau tugas tertentu. Dalam ilmu komputer, algoritma sangat penting karena menjadi dasar untuk pemrograman dan pengembangan perangkat lunak yang efisien dan optimal;90;100;96,25
4;Apa yang dimaksud dengan algoritma dan mengapa penting dalam ilmu komputer?;Algoritma merupakan suatu program yang diatur dan ditulis sesuai dengan alur dan perintah yang diinginkan. Algoritma penting dalam ilmu komputer karena menentukan cara dan kecepatan komputer dapat beroperasi.;75;70;79
4;Apa yang dimaksud dengan algoritma dan mengapa penting dalam ilmu komputer?;Algoritma adalah prosedur atau langkah-langkah menyelesaikan suatu masalah. Algoritma ini penting karena dalam ilmu komputer, kita selalu menyelesaikan masalah-masalah yang ada dan ini merupakan dasar dari segala perintah yang kita berikan.;75;60;79
4;Apa yang dimaksud dengan algoritma dan mengapa penting dalam ilmu komputer?;;0;0;0
4;Apa yang dimaksud dengan algoritma dan mengapa penting dalam ilmu komputer?;Algoritma adalah alur sistematis untuk menyelesaikan suatu permasalahan dan mencapai tujuan tertentu.;75;60;74
4;Apa yang dimaksud dengan algoritma dan mengapa penting dalam ilmu komputer?;algoritma adalah langkah-langkah untuk menyelesaikan masalah, dalam komputer algoritma sebagai langkah menyelesaikan masalah yang akan diikuti komputer;75;60;80
4;Apa yang dimaksud dengan algoritma dan mengapa penting dalam ilmu komputer?;Algoritma adalah sebuah instruksi atau serangkaian perintah yang urut dan logis untuk menyelesaikan suatu masalah. Algoritma penting didalam ilmu komputer karena untuk mendapatkan suatu hasil komputasi yang efektif, diperlukan sebuah algoritma yang efisien sehingga kemampuan komputasi lebih cepat. Keuntungan sebuah algoritma adalah secara teori, urutan perintah yang disebur algoritma adalah urutan perintah yang memang teruji memiliki kemampuan komputasi yang baik dsn efisisen;80;60;80,75
4;Apa yang dimaksud dengan algoritma dan mengapa penting dalam ilmu komputer?;Dalam ilmu komputer, algoritma penting karena menentukan bagaimana suatu masalah bisa diselesaikan dengan cara yang efisien. Misalnya, ketika kamu mencari sesuatu di Google, ada algoritma yang bekerja untuk menampilkan hasil yang paling relevan. Semakin baik algoritmanya, semakin cepat dan akurat hasil yang diperoleh. Jadi, tanpa algoritma, komputer tidak akan tahu bagaimana menjalankan tugas dengan benar;80;75;90
4;Apa yang dimaksud dengan algoritma dan mengapa penting dalam ilmu komputer?;algoritma merupakan sebuat instruksi untuk melakukan suatu proses;50;50;50
4;Apa yang dimaksud dengan algoritma dan mengapa penting dalam ilmu komputer?;Algoritma adalah sekumpulan instruksi atau langkah-langkah yang digunakan untuk menyelesaikan suatu masalah atau menjalankan tugas dalam komputer. Algoritma penting dalam ilmu komputer karena menentukan efisiensi dan kecepatan pemrosesan dalam berbagai aplikasi, seperti pencarian data, enkripsi, dan kecerdasan buatan.;80;65;76,25
4;Apa yang dimaksud dengan algoritma dan mengapa penting dalam ilmu komputer?;Algoritma adalah tentang bagaimana suatu hal dapat bekerja, Algoritma penting untuk menyelesaikan berbagai masalah di dalam dunia komputasi;75;56;71,75
4;Apa yang dimaksud dengan algoritma dan mengapa penting dalam ilmu komputer?;Algoritma adalah langkah-langkah sistematis untuk menyelesaikan masalah dalam pemrograman. Algoritma yang baik membuat program lebih efisien, cepat, dan optimal dalam penggunaan sumber daya.;80;90;82
4;Apa yang dimaksud dengan algoritma dan mengapa penting dalam ilmu komputer?;Serangkaian logika untuk memecahkan masalah;60;60;49
4;Apa yang dimaksud dengan algoritma dan mengapa penting dalam ilmu komputer?;Membantu mengolah, menyelesaikan, membuat data program;40;50;38,25
4;Apa yang dimaksud dengan algoritma dan mengapa penting dalam ilmu komputer?;Instruksi sistematis dan terdefinisi dengan baik untuk menyelesaikan suatu masalah, penting karena sebagai dasar daei pemecahan masalah;75;50;68,25
4;Apa yang dimaksud dengan algoritma dan mengapa penting dalam ilmu komputer?;Algoritma adalah metode dan langkah dalam melakukan sesuatu. Algoritma penting dalam ilmu komputer sebab komputer memerlukan instruksi yang berupa metode bertahap dan teratur untuk dapat bekerja;75;60;73,25
4;Apa yang dimaksud dengan algoritma dan mengapa penting dalam ilmu komputer?;Algoritma adalah suatu rangkaian perintah untuk menjalankan suayu operasi, pentingnya dalam ilmu komputer adalah menentukan cara penyelesaian masalah secara efisien, terstruktur, dan otomatis, sehingga program dapat berjalan dengan optimal.;80;70;84
4;Apa yang dimaksud dengan algoritma dan mengapa penting dalam ilmu komputer?;Algoritma adalah serangkaian langkah atau instruksi logis yang terstruktur dan terorganisir yang dirancang untuk menyelesaikan masalah atau mencapai tujuan tertentu. penting untuk menjalankan komputer;85;70;91,5
4;Apa yang dimaksud dengan algoritma dan mengapa penting dalam ilmu komputer?;Algoritma adalah urutan instruksi yang berfungsi untuk menyelesaikan masalah atau menyelesaikan tugas.;80;56;76,75
4;Apa yang dimaksud dengan algoritma dan mengapa penting dalam ilmu komputer?;Algoritma adalah serangkaian instruksi atau perintah yang Kita berika pada komputer dan komputer tersebut dapat menjalankan tugas atau instruksi tersebut.;75;50;79,25
4;Apa yang dimaksud dengan algoritma dan mengapa penting dalam ilmu komputer?;urutan langkah2 logis;50;56;39
4;Apa yang dimaksud dengan algoritma dan mengapa penting dalam ilmu komputer?;Algoritma adalah langkah atau step yang terstuktur untuk menyelesaikannya masalah atau untuk mencapai.tujuan tertentu;75;60;69
4;Apa yang dimaksud dengan algoritma dan mengapa penting dalam ilmu komputer?;Algortima penting dalam ilmu komputer karena berguna untuk optimasi dari program yang dijalankan;70;56;67,25
4;Apa yang dimaksud dengan algoritma dan mengapa penting dalam ilmu komputer?;;0;0;0
4;Apa yang dimaksud dengan algoritma dan mengapa penting dalam ilmu komputer?;Algoritma adalah sebuah langkah langkah yang terstruktur untuk menyelesaikan suatu problem penting karena membantu menyelesaikan masalah dengan efisien;80;70;76,75
4;Apa yang dimaksud dengan algoritma dan mengapa penting dalam ilmu komputer?;Algoritma merupakan serangkaian instruksi atau tugas atau perhitungan tersebut.perintah yang diberikan kepada komputer untuk menyelesaikan;75;50;75,5
4;Apa yang dimaksud dengan algoritma dan mengapa penting dalam ilmu komputer?;Algoritma adalah cara berpikir dalam komputer dan penting karena itulah cara komputer bekerja;70;50;65,75
4;Apa yang dimaksud dengan algoritma dan mengapa penting dalam ilmu komputer?;Algoritma itu runtutan perhitungan. Perannya penting agar komputer dapat melakukan tugasnya dengan baik;50;56;48,75
4;Apa yang dimaksud dengan algoritma dan mengapa penting dalam ilmu komputer?;Algoritma itu langkah-langkah atau aturan yang dipakai buat nyelesain masalah. Dalam ilmu komputer, algoritma dipakai buat ngerjain tugas secara sistematis, misalnya nyari data, ngurutkan angka, atau ngejalanin program.;75;70;74
4;Apa yang dimaksud dengan algoritma dan mengapa penting dalam ilmu komputer?;Algoritma adalah suatu langkah yang terstruktur dan logis untuk menyelesaikan suatu masalah. Kenapa penting, karena komputer kita gunakan untuk menyelesaikan banyak masalah yg dimana masalah ini membutuhkan algortima agar masalah tersebut selesai;85;60;85,25
4;Apa yang dimaksud dengan algoritma dan mengapa penting dalam ilmu komputer?;algoritma adalah teknik untuk menyelesaikan suatu masalah;40;60;37
4;Apa yang dimaksud dengan algoritma dan mengapa penting dalam ilmu komputer?;Algoritma adalah urutan langkah-langkah yang digunakan untuk memecahkan suatu masalah dan penting dalam ilmu komputer karena algoritma dapat membantuk komputer dalam menghasilkan hasil yang dibutuhkan;80;70;82
4;Apa yang dimaksud dengan algoritma dan mengapa penting dalam ilmu komputer?;Algoritma itu langkah untuk mengerjakan sesuatu secara sistematis di komputer berfungsi untuk menjalankan komputernya;80;56;74
4;Apa yang dimaksud dengan algoritma dan mengapa penting dalam ilmu komputer?;Algoritma adalah instruksi logis untuk menyelesaikan suatu masalah. Dalam ilmu komputer, algoritma penting karena untuk mencapai solusi yang efisien;85;65;85,25
4;Apa yang dimaksud dengan algoritma dan mengapa penting dalam ilmu komputer?;algoritma adalah serangkaian intruksi untuk menyelesaikan masalah atau mencapai tujuan tertentu. Algoritma sering digunakan untuk memproses data, menjalankan perhitungan, dan menyelesaikan berbagai masalah;85;56;88,5
4;Apa yang dimaksud dengan algoritma dan mengapa penting dalam ilmu komputer?;Algoritma adalah sebuah Kejadian yang akan terulang ulang dalam sebuah sistem yang dapat membantu berbagai macam hal, seperti merekomendasikan hal yang diperlukan, membantu mencari data dengan lebih mudah dan lain lain;40;50;39,75
4;Apa yang dimaksud dengan algoritma dan mengapa penting dalam ilmu komputer?;untuk mengetahui minat;0;20;0
4;Apa yang dimaksud dengan algoritma dan mengapa penting dalam ilmu komputer?;Algoritma merupakan tahapan instruksi agar komputer dapat memproses input dan mengeluarkan output yang sesuai.;40;50;33,25
4;Apa yang dimaksud dengan algoritma dan mengapa penting dalam ilmu komputer?;Proses sitematis yang mengolah input untuk mendalatkan output yg diinginkan;50;56;52,75
4;Apa yang dimaksud dengan algoritma dan mengapa penting dalam ilmu komputer?;Algoritma secara singkat adalah langkah-langkah. Kita tidak bisa memerintahkan komputer seperti kita memerintahkan manusia. Butuh langkah-langkah logika yang disebut algoritma agar komputer dapat mengerjakan apa yang kita inginkan.;60;70;66
4;Apa yang dimaksud dengan algoritma dan mengapa penting dalam ilmu komputer?;karena algoritma merupakan perintah yang diberikan kepada komputer untuk selesein tugas;50;50;43
4;Apa yang dimaksud dengan algoritma dan mengapa penting dalam ilmu komputer?;Karena algoritma dapat memberikan cara / jalan bagaimana suatu komputer mengolah data atau operasi apapun yang ada dalam komputer tersebut.;60;56;54
4;Apa yang dimaksud dengan algoritma dan mengapa penting dalam ilmu komputer?;Algoritma adalah langkah-langkah terstruktur untuk menyelesaikan masalah atau mencapai tujuan tertentu. Dalam ilmu komputer, algoritma penting karena memberikan cara efisien dan sistematis untuk memproses data dan menjalankan program dengan baik.;90;90;89
4;Apa yang dimaksud dengan algoritma dan mengapa penting dalam ilmu komputer?;Algoritma adalah serangkaian langkah atau prosedur yang terdefinisi dengan baik untuk menyelesaikan suatu problem. Dalam ilmu kompuer, algoritma memberikan solusi efisien dan sistmasi dalam masalah komputasi.;80;80;84
4;Apa yang dimaksud dengan algoritma dan mengapa penting dalam ilmu komputer?;Algoritma adalah langkah - langkah yang ada untuk menyelesaikan tugas atau mencapai tujuan;75;56;75
4;Apa yang dimaksud dengan algoritma dan mengapa penting dalam ilmu komputer?;Algoritma adalah pemecahan masalah besar menjadi masalah yg kecil2 agar mudah dipecahkan di algoritma;30;56;30,5
4;Apa yang dimaksud dengan algoritma dan mengapa penting dalam ilmu komputer?;Algoritma komputer adalah bagaimana cara komputer dalam menyelesaikan suatu task yang spesifik misalnya untuk proses searching, sorting, dsb. Algoritma penting dalam ilmu komputer karena algoritma merupakan dasar dari sistem komputer dan berbagai bagian software dalam komputer.;70;65;70
4;Apa yang dimaksud dengan algoritma dan mengapa penting dalam ilmu komputer?;Algoritma adalah langkah langkah logis dan sistematis untuk menyelesaikan suatu masalah atau mencapai tujuan tertentu. Algoritma penting karena menjadi dasar dalam pemrograman untuk membuat program yang efisien, dan efektif.;85;90;84,5
4;Apa yang dimaksud dengan algoritma dan mengapa penting dalam ilmu komputer?;Algoritma adalah alur ataupun proses berpikir dan mengerjakan hal-hal. Algoritma penting dalam ilmu komputer karena komputer dapat berfungsi sesuai dengan apa yang kita perintahkan dan hanya sesuai apa yang kita perintahkan.;75;65;70,5
4;Apa yang dimaksud dengan algoritma dan mengapa penting dalam ilmu komputer?;Kurang tau;0;0;0
4;Apa yang dimaksud dengan algoritma dan mengapa penting dalam ilmu komputer?;Alur sistematis, penting karena komputer hanya akan menjalankan yang ada pada program;70;40;72
4;Apa yang dimaksud dengan algoritma dan mengapa penting dalam ilmu komputer?;Algoritma bisa meng-organize suatu perintah atau proses, agar dapat dipahami juga oleh manusia;50;0;48
4;Apa yang dimaksud dengan algoritma dan mengapa penting dalam ilmu komputer?;Langkah langkah sistenatis ubtuk menjalankan suatu program;60;56;52
4;Apa yang dimaksud dengan algoritma dan mengapa penting dalam ilmu komputer?;Algoritma itu langkah-langkah buat nyelesain masalah atau tugas tertentu dalam komputer. Penting banget di ilmu komputer karena jadi dasar buat bikin program yang efisien, cepet, dan nggak boros resource, kayak nyari rute tercepat atau ngurutin data.;75;70;70,75
4;Apa yang dimaksud dengan algoritma dan mengapa penting dalam ilmu komputer?;Algoritma adalah skematik yang berupa isi perintah langkah dan keputusan yang harus dijalankan secara sekuential dalam sebuah program untuk dieksekusi. Algoritma penting untuk menentukan logika output dari sebuah program.;75;40;81,75
4;Apa yang dimaksud dengan algoritma dan mengapa penting dalam ilmu komputer?;Algoritma adalah urutan instruksi yang jelas untuk memecahkan masalah atau melakukan tugas di komputer. Algoritma penting dalam ilmu komputer karena membantu komputer memahami apa yang harus dilakukan.;75;60;76,75
4;Apa yang dimaksud dengan algoritma dan mengapa penting dalam ilmu komputer?;Langkah buat nyusun perintah;40;56;38,5
4;Apa yang dimaksud dengan algoritma dan mengapa penting dalam ilmu komputer?;Algoritma adalah metode yang digunakan untuk melakukan suatu tugas dalam komputer dengan optimisasi tertentu;70;50;71
4;Apa yang dimaksud dengan algoritma dan mengapa penting dalam ilmu komputer?;Algoritma adalah suatu cara dalam memproses suatu data yang akan menghasil suatu hasi akhir;40;50;41,75
4;Apa yang dimaksud dengan algoritma dan mengapa penting dalam ilmu komputer?;Algoritma adalah suatu peraturan tertentu yang diikuti oleh variabel atau faktor eksternal lainnya, algoritma selalu sama walaupun input berbeda. Suatu output unik dengan suatu input setelah melewati algoritma;50;50;52,25
4;Apa yang dimaksud dengan algoritma dan mengapa penting dalam ilmu komputer?;penting karena caranyq komluter bekerja;0;20;0
4;Apa yang dimaksud dengan algoritma dan mengapa penting dalam ilmu komputer?;karena langkah-langkah (algoritma) untuk menyelesaikan masalah;60;56;58,25
4;Apa yang dimaksud dengan algoritma dan mengapa penting dalam ilmu komputer?;Algoritma itu alur berpikir, jadi kita menjabarkan bagaimana kita menjalankan suatu hal dengan step dan penjelasan sedikit. Penting karena dalam berpikir untuk kpmputer kita harus memiliki alur yang jelas, tdk boleh lompat-lompat krn komputer tidak paham;60;60;63
4;Apa yang dimaksud dengan algoritma dan mengapa penting dalam ilmu komputer?;sangat penting karena untuk menentukan bagaimana sebuah program dapat berjalan, dan berjalannya seperti apa;60;56;55,75
4;Apa yang dimaksud dengan algoritma dan mengapa penting dalam ilmu komputer?;Algoritma adalah tata cara yang terurut. Dalam ilmu komputer, kita melakukan operasi tertentu pada data dengan tata cara dan urutan tertentu, itu yang dinamakan algoritma.;70;56;72,5
4;Apa yang dimaksud dengan algoritma dan mengapa penting dalam ilmu komputer?;Algoritma merupakan langkah-langkah sistematis yang dibuat untuk menyelesaikan suatu masalah. Misalnya algoritma untuk meng-sort sebuah list. Algoritma penting karena merupakan representasi logika yang kemudian akan diimplementasikan dalam sebuah program. Selain itu, algoritma memungkinkan analisis sebuah masalah tanpa harus menghiraukan bahasa pemrograman spesifik yang kemudian akan digunakan.;75;90;71
4;Apa yang dimaksud dengan algoritma dan mengapa penting dalam ilmu komputer?;algoritma itu serangkaian langkah buat nyelesain masalah. penting banget biar komputer bisa ngerjain tugas dengan cara yang efisien.;75;56;80
4;Apa yang dimaksud dengan algoritma dan mengapa penting dalam ilmu komputer?;Algoritma adalah suatu langkah penyelesaian yang disusun secara sistematis untuk menyelesaikan suatu masalah. Algoritma penting karena hal inilah yang menentukan bagaimana komputer menyelesaikan suatu masalah atau berproses sesuatu.;80;60;80,5
4;Apa yang dimaksud dengan algoritma dan mengapa penting dalam ilmu komputer?;Algoritma adalah suatu langkah berurutan yang dilakukan untuk melakukan suatu operasi matematika dalam komputer. Algoritma penting karena digunakan untuk menyelesaikan operasi matematika dari yang paling sederhana sampai yang kompleks;70;50;72
4;Apa yang dimaksud dengan algoritma dan mengapa penting dalam ilmu komputer?;Algoritma adalah langkah logis menyelesaikan masalah, penting untuk efisiensi komputasi.;80;60;80,5
4;Apa yang dimaksud dengan algoritma dan mengapa penting dalam ilmu komputer?;langkah-langkah logis dan sistematis untuk menyelesaikan suatu masalah. Dalam ilmu komputer, algoritma penting karena menentukan efisiensi dan kecepatan suatu program dalam memproses data.;80;70;87
4;Apa yang dimaksud dengan algoritma dan mengapa penting dalam ilmu komputer?;Algoritma adalah proses sistematis untuk menyelesaikan suatu masalah. Algoritma dalam ilmu komputer digunakan sebagai fundamental atau proses pertama dalam pembuatan program.;75;65;72
4;Apa yang dimaksud dengan algoritma dan mengapa penting dalam ilmu komputer?;Algoritma adalah langkah-langkah sistematis untuk menyelesaikan masalah atau melakukan tugas. Dalam ilmu komputer, algoritma penting karena menjadi dasar pemrograman, memungkinkan komputer memproses data secara efisien, mengoptimalkan kinerja, dan menyelesaikan tugas kompleks seperti pencarian, pengurutan, atau analisis data. Tanpa algoritma, komputer tidak dapat berfungsi secara efektif.;80;80;80
4;Apa yang dimaksud dengan algoritma dan mengapa penting dalam ilmu komputer?;algoritma adalah instruksi-instruksi untuk mesin, ini penting agar sebuah komputer dapat berjalan dengan baik.;75;40;68,75
4;Apa yang dimaksud dengan algoritma dan mengapa penting dalam ilmu komputer?;algoritma adalah urutan instruksi yang jelas untuk melakukan tugas di komputer. Algoritma penting karena membantu komputer memahami apa yang harus dilakukan;80;56;76,75
4;Apa yang dimaksud dengan algoritma dan mengapa penting dalam ilmu komputer?;Algoritma digunakan sebagai proses pemecahan masalah atau logika dalam komputer;70;50;64
4;Apa yang dimaksud dengan algoritma dan mengapa penting dalam ilmu komputer?;sebagai alur berpikir, krn komputer perlu instruksi detail;60;56;54,5
4;Apa yang dimaksud dengan algoritma dan mengapa penting dalam ilmu komputer?;algoritma adalah langkah yang terstruktur, penting dalam ilmu komputer karena bisa membuat komputer menjalankan program secara disiplin;80;60;71,75
4;Apa yang dimaksud dengan algoritma dan mengapa penting dalam ilmu komputer?;Langkah2 untuk menyelesaikan sesuatu di komputer. Penting karena program akan tidak jelas;70;50;63
4;Apa yang dimaksud dengan algoritma dan mengapa penting dalam ilmu komputer?;Algoritma adalah langkah logis untuk menyelesaikan masalah, penting dalam pemrograman, efisiensi, dan pemrosesan data.;80;56;76
4;Apa yang dimaksud dengan algoritma dan mengapa penting dalam ilmu komputer?;algoritma merupakan cara suatu komputer menyelesaikan suatu masalah;70;50;69,75
4;Apa yang dimaksud dengan algoritma dan mengapa penting dalam ilmu komputer?;Langkah-langkah logis terstruktur untuk menyelesaikan masalah. Penting karena menjadi dasar pemrograman dan efisiensi solusi komputasi.;80;60;83,75
4;Apa yang dimaksud dengan algoritma dan mengapa penting dalam ilmu komputer?;Algoritma adalah sekumpulan langkah atau instruksi yang dirancang untuk menyelesaikan suatu masalah secara sistematis. Dalam ilmu komputer, algoritma penting karena menentukan efisiensi dan kecepatan pemrosesan data dalam program, sehingga mempengaruhi kinerja perangkat lunak dan sistem secara keseluruhan.;85;80;82,25
4;Apa yang dimaksud dengan algoritma dan mengapa penting dalam ilmu komputer?;Algoritma adalah serangkaian langkah atau instruksi yang digunakan untuk menyelesaikan suatu masalah atau menjalankan suatu tugas secara sistematis.;85;60;86
4;Apa yang dimaksud dengan algoritma dan mengapa penting dalam ilmu komputer?;algoritma merupakan suatu alur pada suatu hal yang berjalan, termasuk program pada ilmu komputer membutuhkan alur yang tepat;75;56;76
4;Apa yang dimaksud dengan algoritma dan mengapa penting dalam ilmu komputer?;teknik menyelesaikan masalah, penting karena ada masalah yang harus diselesaikan;70;56;67
4;Apa yang dimaksud dengan algoritma dan mengapa penting dalam ilmu komputer?;urutan instruksi yang jelas untuk memecahkan masalah atau melakukan tugas di komputer.;70;56;67,25
4;Apa yang dimaksud dengan algoritma dan mengapa penting dalam ilmu komputer?;Algoritma adalah langkah-langkah terstruktur untuk menyelesaikan suatu masalah atau mencapai tujuan tertentu. Dalam ilmu komputer, algoritma penting karena membantu merancang solusi yang efisien dan dapat diimplementasikan dalam kode program. Algoritma yang baik mengoptimalkan penggunaan sumber daya dan mempercepat pemrosesan data dalam sistem komputer.;80;90;77,75
4;Apa yang dimaksud dengan algoritma dan mengapa penting dalam ilmu komputer?;Algoritma adalah langkah-langkah untuk menyelesaikan suatu problem, penting dalam komputer karena algoritma mempermudah untuk berkomunikasi dengan komputer;80;60;73
4;Apa yang dimaksud dengan algoritma dan mengapa penting dalam ilmu komputer?;Menurut saya, algoritma adalah serangkaian langkah atau instruksi terstruktur yang digunakan untuk menyelesaikan masalah atau mencapai tujuan tertentu.;80;60;86,75
4;Apa yang dimaksud dengan algoritma dan mengapa penting dalam ilmu komputer?;supaya berjalan;20;0;19,25
4;Apa yang dimaksud dengan algoritma dan mengapa penting dalam ilmu komputer?;algoritma merupakan sebuah susunan atau alur, penting karena ilmu komputer membutuhkan suatu tatanan alur atau struktur yang benar;70;56;69
4;Apa yang dimaksud dengan algoritma dan mengapa penting dalam ilmu komputer?;Algoritma adalah langkah langkah yang diperlukan untuk menyelesaikan masalah. Penting dalam ilmu komputer sebab berguna untuk melaksana program dengan benar;75;56;79
4;Apa yang dimaksud dengan algoritma dan mengapa penting dalam ilmu komputer?;suatu proses untuk menghasilkan hasil;40;50;38,75
4;Apa yang dimaksud dengan algoritma dan mengapa penting dalam ilmu komputer?;algoritma penting untuk memahami alur berjalannya komputer;40;50;34,5
4;Apa yang dimaksud dengan algoritma dan mengapa penting dalam ilmu komputer?;algoritma penting karena merupakan suatu cara atau fungsi untuk menyelesaikan sesuaru dengan cara efisien;70;56;63,75
4;Apa yang dimaksud dengan algoritma dan mengapa penting dalam ilmu komputer?;Algoritma adalah urutan instruksi yang jelas untuk memecahkan masalah atau melakukan tugas di komputer. Algoritma penting dalam ilmu komputer karena membantu komputer memahami apa yang harus dilakukan;80;60;74,5
4;Apa yang dimaksud dengan algoritma dan mengapa penting dalam ilmu komputer?;Algoritma adalah suatu alur proses pengerjaan suatu hal. Hal ini penting karena komputer memang bekerja dengan cara mengerjakan intruksi-intruksi yang diberikan secara berurutan (umumnya).;70;60;62,5
4;Apa yang dimaksud dengan algoritma dan mengapa penting dalam ilmu komputer?;Algoritma adalah sebuah langkah atau instruksi untuk menyelesaikan suatu masalah. Hal ini penting karena komputer memerlukan instruksi untuk mengerjakan suatu perintah.;75;56;75
4;Apa yang dimaksud dengan algoritma dan mengapa penting dalam ilmu komputer?;Algoritma adalah urutan instruksi yang jelas untuk memecahkan masalah atau melakukan tugas di komputer. Algoritma penting dalam ilmu komputer karena membantu komputer memahami apa yang harus dilakukan;80;56;75
4;Apa yang dimaksud dengan algoritma dan mengapa penting dalam ilmu komputer?;prosedur yang digunakan untuk menyelesaikan suatu masalah atau menjalankan suatu tugas secara sistematis. Dalam ilmu komputer, algoritma penting karena menentukan efisiensi dan kecepatan penyelesaian masalah dalam pemrograman dan komputasi.;80;65;75
4;Apa yang dimaksud dengan algoritma dan mengapa penting dalam ilmu komputer?;Algoritma adalah langkah-langkah terstruktur yang dijalankan setiap kali kita melakukan komputasi. Algortima penting dalam ilmu komputer karena setiap bagian dari berpikir komputasional membutuhkan algoritma untuk bekerja;70;60;77
4;Apa yang dimaksud dengan algoritma dan mengapa penting dalam ilmu komputer?;Algoritma adalah serangkaian langkah atau prosedur yang digunakan untuk menyelesaikan masalah atau menjalankan tugas tertentu dalam pemrograman. Algoritma penting dalam ilmu komputer karena menentukan efisiensi dan kecepatan penyelesaian masalah dalam berbagai aplikasi, termasuk pencarian, pengurutan, dan kecerdasan buatan.;80;70;78,25
4;Apa yang dimaksud dengan algoritma dan mengapa penting dalam ilmu komputer?;algoritma adalah daftar instruksi yang tidak ambigu yang menentukan langkah-langkah berurutan untuk memecahkan masalah atau melakukan tugas.;75;56;74
4;Apa yang dimaksud dengan algoritma dan mengapa penting dalam ilmu komputer?;Algoritma adalah logika berpikir atau rangkaian berpikir dalam menyelesaikan suatu masalah contoh dari algoritma seperti bubble sort greedy dan penting untuk mengembangkan fungsi lanjut dari suatu algoritma;75;60;79
4;Apa yang dimaksud dengan algoritma dan mengapa penting dalam ilmu komputer?;Algoritma adalah urutan langkah logis yang sistematis untuk memecahkan masalah. Algoritma penting dalam sistem komputer karena meningkatkan efisiensi program dan membantu mengotomatiskan keputusan komputer. ;80;75;81,75
4;Apa yang dimaksud dengan algoritma dan mengapa penting dalam ilmu komputer?;Algoritma adalah sebuah langkah atau instruksi yang jelas dan terstruktur untuk menyelesaikan suatu masalah atau tugas. Algoritma sangat penting karena merupakan dasar bagi pembuatan program komputer.;85;65;89
4;Apa yang dimaksud dengan algoritma dan mengapa penting dalam ilmu komputer?;algoritma adalah sejumlah perintah dalam komputer yang menjalankan sebuah program;70;20;72,25
4;Apa yang dimaksud dengan algoritma dan mengapa penting dalam ilmu komputer?;Sangat penting karena menjadi petunjuk bagi komputer dalam mepakukan suatu program.;70;30;72
4;Apa yang dimaksud dengan algoritma dan mengapa penting dalam ilmu komputer?;Set instruksi atau peraturan yang diikuti, penting agar komputer memahami keinginan dari programmer dan bisa menjalani apa yg diinginkan dengan sesuai;70;50;72,75
4;Apa yang dimaksud dengan algoritma dan mengapa penting dalam ilmu komputer?;langkah2 untuk menyelesaikan masalah;50;56;47,75
4;Apa yang dimaksud dengan algoritma dan mengapa penting dalam ilmu komputer?;Algoritma adalah serangkaian langkah atau instruksi yang terstruktur dan logis untuk menyelesaikan suatu masalah atau tugas tertentu. algoritma penting karena digunakan untuk mengembangkan solusi yang efisien dalam bentuk kode pemrograman.;85;65;81,5
4;Apa yang dimaksud dengan algoritma dan mengapa penting dalam ilmu komputer?;Dalam ilmu komputer, algoritma penting karena jadi dasar dari semua program. Kalau algoritmanya efisien, programnya bakal jalan lebih cepat dan hemat sumber daya. Jadi, makin bagus algoritmanya, makin optimal kinerja programnya.;70;65;68,75
4;Apa yang dimaksud dengan algoritma dan mengapa penting dalam ilmu komputer?;Algortima adalah urutan instruksi untuk memecahkan suatu masalah. Algoritma penting agar komputer bisa memahami apa yang perlu dilakukan.;75;60;77,5
4;Apa yang dimaksud dengan algoritma dan mengapa penting dalam ilmu komputer?;Algoritma penting dalam ilmu komputer karena merupakan cara kerja atau langkah kerja dari sebuah komputer, menentukan seberapa cepat dan panjang kerja sistem tersebut.;70;60;76
4;Apa yang dimaksud dengan algoritma dan mengapa penting dalam ilmu komputer?;Algoritma merupakan urutan kerja dalam mengerjakan suatu aktivitas, algoritma penting karena kerja Komputer dalam menjalankan program sangat sistematis dan perlu urutan.;75;65;72,5
4;Apa yang dimaksud dengan algoritma dan mengapa penting dalam ilmu komputer?;algoritma berfungsi untuk mendeskripsikan proses komputasi yang bisa dijalankan oleh komputer, algoritma dapat mengefisiensikan pemrosesan data, menjadi dasar pemrograman;70;60;71,25
4;Apa yang dimaksud dengan algoritma dan mengapa penting dalam ilmu komputer?;algoritma merupakan langkah-langkah dan cara berpikir seseorang yang dapat diaplikasikan dalam ilmu komputer;70;60;62
4;Apa yang dimaksud dengan algoritma dan mengapa penting dalam ilmu komputer?;Algoritma menurut saya merupakan susan program untuk menyelsaikan suatu task. Penting karena algoritma merupakan sistem/langkah langkah pemrosesan suatu data.;70;56;76,5
4;Apa yang dimaksud dengan algoritma dan mengapa penting dalam ilmu komputer?;Algoritma adalah langkah-langkah logis untuk menyelesaikan masalah, dan penting dalam ilmu komputer karena jadi dasar pemrograman dan efisiensi sistem.;80;75;77,25
4;Apa yang dimaksud dengan algoritma dan mengapa penting dalam ilmu komputer?;Algoritma adalah urutan atau langkah langkah dari suatu perintah atau program. Algoritma sangat penting karena suatu perintah harus dilakukan secara berurut atau tidak acak. Algoritma juga penting untuk menghindari kesalahan logika dalam pemrograman.;75;80;78,5
4;Apa yang dimaksud dengan algoritma dan mengapa penting dalam ilmu komputer?;algoritma adalah langkah langkah sistematis dan logis untuk menyelesaikan masalah.;75;65;70
4;Apa yang dimaksud dengan algoritma dan mengapa penting dalam ilmu komputer?;Algoritma adalah cara atau langkah-langkah yang digunakan untuk menyelesaikan masalah;70;56;62
4;Apa yang dimaksud dengan algoritma dan mengapa penting dalam ilmu komputer?;Rangkaian instruksi terstruktur untuk menyelesaikan suatu masalah. Penting untuk menentukan efisiensi pemrosesan sebuah program;75;60;77
4;Apa yang dimaksud dengan algoritma dan mengapa penting dalam ilmu komputer?;Algoritma adalah prosedur yang dilakukan untuk memecahkan suatu masalah atau mencapai tujuan tertentu. Algoritma penting karena komputer membutuhkan prosedur yang pasti untuk melakukan sesuatu.;80;60;76,5
4;Apa yang dimaksud dengan algoritma dan mengapa penting dalam ilmu komputer?;Algortima merupakan struktur kerja dalam menjalankan berbagai operasi ataupun program. Algortima ini sangat penting karena dalam menjalankan komputer, butuh suatu prosedur yang jelas dan tentunya dapat dimengerti oleh manusia ataupun komputer;70;60;63,75
4;Apa yang dimaksud dengan algoritma dan mengapa penting dalam ilmu komputer?;Algoritma adalah alur berjalannya program atau instruksi dalam komputer;60;60;63,25
4;Apa yang dimaksud dengan algoritma dan mengapa penting dalam ilmu komputer?;Algoritma adalah langkah-langkah dalam melakukan sesuatu dengan jelas. Hal ini penting dalam ilmu komputer karena komputer membaca suatu kode secara sequential atau berurutan.;75;56;71,75
4;Apa yang dimaksud dengan algoritma dan mengapa penting dalam ilmu komputer?;Algoritma adalah bagaimana program tersebut berjalan. Prosedur yang dijalankan oleh komputer yang melibatkan input, memprosesnya, dan mengoutputnya;70;50;74,5
4;Apa yang dimaksud dengan algoritma dan mengapa penting dalam ilmu komputer?;algoritma adalah instruksi instruksi yang dijalankan sebuah komputer untuk mencapai tujuan tertentu;75;40;71,75
4;Apa yang dimaksud dengan algoritma dan mengapa penting dalam ilmu komputer?;membantu cara berpimir kita agar lebih terstruktur dan efisien;70;56;76
4;Apa yang dimaksud dengan algoritma dan mengapa penting dalam ilmu komputer?;Algoritma dapat dikatakan sebagai langkah-langkah melakukan sesuatu. Algoritma merupakan hal yang penting untuk efisiensi operasi dalam komputer. Misal apabila ada suatu instruksi, instruksi tersebut lebih baik dijalankan menggunakan algoritma A daripada algoritma B karena algoritma A membutuhkan waktu yang lebih sedikit;70;80;68,5
4;Apa yang dimaksud dengan algoritma dan mengapa penting dalam ilmu komputer?;Algoritma adalah sebuah cara atau langkah-langkah bagaimana sesuatu bekerja;70;60;69,5
4;Apa yang dimaksud dengan algoritma dan mengapa penting dalam ilmu komputer?;Algoritma adalah sebuah metode berpikir yang dimiliki komputer untuk mengeksekusi sebuah perintah.;70;56;70,5
4;Apa yang dimaksud dengan algoritma dan mengapa penting dalam ilmu komputer?;Algoritma merupakan instruksi-instruksi yang disusun secara sistematis untuk menyelesaikan suatu masalah. Hal tersebut penting dalam ilmu komputer karena sangat berguna dalam perancangan suatu sistem digital ataupun aplikasi.;80;60;83
4;Apa yang dimaksud dengan algoritma dan mengapa penting dalam ilmu komputer?;Algoritma adalah pondasi dasar dalam komputer agar komputer bisa menyelesaikan suatu masalah secara sistematis dan logis.;80;50;83,5
5;Apa yang dimaksud dengan compiler dalam konteks bahasa pemrograman?;compiler merupakan program dalam menerjemahkan kode agar dapat dieksekusi oleh komputer;80;65;74,25
5;Apa yang dimaksud dengan compiler dalam konteks bahasa pemrograman?;"Compiler merupakan ""mesin"" yang berguna untuk memproses bahasa pemrograman yang ditulis manusia menjadi bahasa yang bisa dipahami mesin (yakni biner). ";70;56;68,5
5;Apa yang dimaksud dengan compiler dalam konteks bahasa pemrograman?;Compiler merupakan software khusus untuk menerjemahkan bahasa pemrograman tingkat tinggi (kode sumber) menjadi kode mesin yang bisa dipahami dan dijalankan oleh komputer.;75;70;69,25
5;Apa yang dimaksud dengan compiler dalam konteks bahasa pemrograman?;Compiler adalah program yang menerjemahkan kode sumber (source code) yang ditulis dalam bahasa pemrograman tingkat tinggi (seperti C, Java, atau Python) menjadi bahasa mesin yang bisa dipahami dan dijalankan oleh komputer. Proses ini biasanya dilakukan secara keseluruhan sebelum program dijalankan, sehingga program bisa berjalan lebih cepat dibanding interpreter yang menerjemahkan kode baris per baris saat eksekusi.;80;90;83,25
5;Apa yang dimaksud dengan compiler dalam konteks bahasa pemrograman?;program komputer yang menerjemahkan kode sumber yang ditulis dalam bahasa pemrograman tingkat tinggi (seperti C++, Java, atau Python) menjadi kode mesin yang dapat dipahami dan dijalankan oleh komputer;80;70;81,25
5;Apa yang dimaksud dengan compiler dalam konteks bahasa pemrograman?;Compiler berperan sebagai pengubah bahasa manusia menjadi machine code yang dapat dimengerti oleh komputer.;70;65;64,75
5;Apa yang dimaksud dengan compiler dalam konteks bahasa pemrograman?;Compiler adalah program yang menerjemahkan kode sumber dari bahasa pemrograman tingkat tinggi ke bahasa mesin agar dapat dieksekusi oleh komputer. Compiler bekerja dengan memproses seluruh kode sekaligus, mendeteksi kesalahan, dan menghasilkan file biner yang dapat dijalankan.;85;95;91,5
5;Apa yang dimaksud dengan compiler dalam konteks bahasa pemrograman?;Compiler adalah program yang menerjemahkan kode sumber dari bahasa tingkat tinggi ke bahasa mesin, memungkinkan komputer menjalankan instruksi secara langsung.;70;70;70,25
5;Apa yang dimaksud dengan compiler dalam konteks bahasa pemrograman?;Compiler adalah program yang menerjemahkan kode sumber ke bahasa mesin agar dapat dieksekusi oleh komputer.;80;70;76
5;Apa yang dimaksud dengan compiler dalam konteks bahasa pemrograman?;Komputer hanya memahami bahasa biner, namun ketika manusia akan membuat program untuk melakukan sesuatu, komputer sebenarnya tidak memahaminya, maka dibutuhkan compiler sebagai penerjemah untuk menerjemahkan high language ke low language (biner) ;60;70;62
5;Apa yang dimaksud dengan compiler dalam konteks bahasa pemrograman?;program komputer yang berguna untuk menafsirkan program komputer yang ditulis dalam bahasa pemrograman tertentu menjadi program yang ditulis dalam bahasa pemrograman lain (;75;56;67
5;Apa yang dimaksud dengan compiler dalam konteks bahasa pemrograman?;Aplikasi untuk menjalankan bahasa pemrograman;40;50;36,5
5;Apa yang dimaksud dengan compiler dalam konteks bahasa pemrograman?;compiler adalah sebuah software yang menerjemahkan bahasa pemrograman ke bahasa mesin;70;70;66
5;Apa yang dimaksud dengan compiler dalam konteks bahasa pemrograman?;Compiler adalah sebuah program yang berfungsi untuk menerjemahkan kode sumber yang ditulis dalam bahasa pemrograman tingkat tinggi (seperti C, Java, atau Python) menjadi kode mesin atau bahasa mesin yang dapat dipahami dan dijalankan oleh komputer. Proses ini memungkinkan program yang ditulis oleh pengembang dalam bahasa yang mudah dipahami untuk dijalankan oleh komputer yang hanya memahami bahasa mesin. Compiler bekerja dengan membaca seluruh kode sumber, menganalisisnya, dan mengubahnya menjadi file eksekusi atau program yang dapat dijalankan tanpa perlu menerjemahkan ulang setiap kali dijalankan. Proses ini biasanya lebih cepat dibandingkan dengan interpreter, yang menerjemahkan kode sumber baris demi baris pada saat program dijalankan.;80;90;86,25
5;Apa yang dimaksud dengan compiler dalam konteks bahasa pemrograman?;aplikasi untuk menjalankan program yang sudah dibuat;40;50;37,5
5;Apa yang dimaksud dengan compiler dalam konteks bahasa pemrograman?;compiler dalam konteks bahasa pemrograman adalah penerjemah yang menjalankan bahasa pemrograman ;70;50;73
5;Apa yang dimaksud dengan compiler dalam konteks bahasa pemrograman?;Compiler adalah software khusus untuk menerjemahkan bahasa pemrograman tingkat tinggi (kode sumber) menjadi kode mesin yang bisa dipahami dan dijalankan oleh komputer.;70;70;70
5;Apa yang dimaksud dengan compiler dalam konteks bahasa pemrograman?;sederhananya compailer berguna untuk menerjemahkan bahasa tingkat tinggi ke bahasa mesin;60;70;51
5;Apa yang dimaksud dengan compiler dalam konteks bahasa pemrograman?;perangkat lunak yang digunakan untuk mengubah sumber software menjadi hardware;40;20;38
5;Apa yang dimaksud dengan compiler dalam konteks bahasa pemrograman?;Compiler dlm konteks bahasa pemrograman adalah software atau program komputer yang digunakan untuk mengubah kode pemrograman ke kode mesin;70;65;65
5;Apa yang dimaksud dengan compiler dalam konteks bahasa pemrograman?;Setahu saya compiler merupakan suatu hal yang dapat memproses atau menerjemahkan bahasa pemrograman ke mesin yang di beri perintah;70;56;72
5;Apa yang dimaksud dengan compiler dalam konteks bahasa pemrograman?;Untuk menerjemahkan suatu bahasa pemprograman;60;56;63,5
5;Apa yang dimaksud dengan compiler dalam konteks bahasa pemrograman?;program komputer yang menerjemahkan bahasa pemrograman ke kode mesin untuk dipahami dan dieksekusi oleh komputer.;75;70;75,5
5;Apa yang dimaksud dengan compiler dalam konteks bahasa pemrograman?;compiler merupakan transformasi bahasa digital;30;50;25,75
5;Apa yang dimaksud dengan compiler dalam konteks bahasa pemrograman?;Compiler adalah program komputer yang menerjemahkan kode sumber (source code) yang ditulis dalam bahasa pemrograman tingkat tinggi menjadi kode mesin atau bahasa yang dapat dipahami dan dieksekusi oleh komputer.;90;70;87
5;Apa yang dimaksud dengan compiler dalam konteks bahasa pemrograman?;Compiler adalah program yang menerjemahkan kode sumber (source code) yang ditulis dalam bahasa pemrograman tingkat tinggi (seperti C, C++, atau Java) menjadi bahasa mesin (machine code) yang dapat dieksekusi oleh komputer.;90;70;97
5;Apa yang dimaksud dengan compiler dalam konteks bahasa pemrograman?;Compiler adalah alat untuk menerjemahkan sebuah fungsi atau kodingan;60;56;61
5;Apa yang dimaksud dengan compiler dalam konteks bahasa pemrograman?;compiler adalah penerjemah dari bahasa kode pemograman ke bahasa mesin atau biner.;60;65;58,5
5;Apa yang dimaksud dengan compiler dalam konteks bahasa pemrograman?;Compiler adalah suatu software komputer yang mentranslasikan dan mengeksekusikan sebuah kode yang kita buat dalam bahasa C, python, atau bahasa pemrograman lainnya;70;50;71,5
5;Apa yang dimaksud dengan compiler dalam konteks bahasa pemrograman?;Compiler adalah penerjemah dari bahasa pemrograman seperti c,python, dan sejenisnya menjadi bahasa tingkat rendah yang dapat dipahami oleh komputer ;70;65;77,25
5;Apa yang dimaksud dengan compiler dalam konteks bahasa pemrograman?;Compiler adalah sebuah alat untuk menerjemahkan bahasa pemrograman ke sebuah fungsi atau codingan;60;65;54
5;Apa yang dimaksud dengan compiler dalam konteks bahasa pemrograman?;Compiler adalah sebuah program yang berfungsi untuk menerjemahkan kode sumber (source code) yang ditulis dalam bahasa pemrograman tingkat tinggi (seperti C, C++, Java) ke dalam bahasa mesin (machine code atau binary code) yang dapat dieksekusi oleh komputer.;90;70;90,75
5;Apa yang dimaksud dengan compiler dalam konteks bahasa pemrograman?;program yang menerjemahkan bahasa pemrograman dari programmer menjadi bahasa yang bisa dimengerti komputer;70;65;71,5
5;Apa yang dimaksud dengan compiler dalam konteks bahasa pemrograman?; Compiler adalah cara suatu komputer untuk menejermahkan bahasa manusia menjadi bahasa komputer. Contoh kompiler adalah bahasa phyton, c++, c, dan sebagainya;70;50;73,75
5;Apa yang dimaksud dengan compiler dalam konteks bahasa pemrograman?;Adalah program penting dlam komputer yang menerjemahkan suatu bahasa pemmograman ke suatonkode yang dapat dibaca mesin( biasanya biner) sehingga dapat diproses oleh komputer;75;65;77,75
5;Apa yang dimaksud dengan compiler dalam konteks bahasa pemrograman?;Complier adalah suatu penerjemah bahasa yang mengubah kode sumber menjadi suatu kode mesin ;70;65;68,5
5;Apa yang dimaksud dengan compiler dalam konteks bahasa pemrograman?;Mentranslate program komputer ke bahasa pemrograman lain;60;56;60,25
5;Apa yang dimaksud dengan compiler dalam konteks bahasa pemrograman?;program pada komputer yang mengubah kode sumber ke kode mesin;70;65;65
5;Apa yang dimaksud dengan compiler dalam konteks bahasa pemrograman?;Compiler mengubah bahasa pemrograman source code ke bahasa tujuan. Biasanya bahasa tujuannya adalah host device yang bisa dimengerti komputer.;80;50;81
5;Apa yang dimaksud dengan compiler dalam konteks bahasa pemrograman?;Compiler merupakan suatu program atau objek yang dapat mengubah instruksi bahasa pemrograman ke instruksi yang dapat dibaca komputer.;75;56;77
5;Apa yang dimaksud dengan compiler dalam konteks bahasa pemrograman?;Compiler adalah program komputer yang menerjemahkan kode sumber dalam bahasa pemrograman tingkat tinggi, menjadi kode mesin yang dapat dipahami dan dijalankan oleh komputer;80;70;73,5
5;Apa yang dimaksud dengan compiler dalam konteks bahasa pemrograman?;Compiler adalah program yang dibuat untuk menerjemahkan bahasa pemrograman seperti python, C, C++, dsb. menjadi bahasa yang dapat dipahami oleh bahasa mesin. Compiler ini terdapat pada semua bahasa pemrograman.;75;70;80,75
5;Apa yang dimaksud dengan compiler dalam konteks bahasa pemrograman?;Compiler adalah penerjemah yang mengubah input menjadi bahasa komputer sehingga dapat dijalankan atau diproses. ;70;55;66
5;Apa yang dimaksud dengan compiler dalam konteks bahasa pemrograman?;Compiler adalah program yang menerjemahkan kode sumber (source code) yang ditulis dalam bahasa pemrograman tingkat tinggi (seperti C, Java, atau Python) menjadi kode mesin (machine code) atau bahasa assembly yang dapat dijalankan oleh komputer.;80;70;75,75
5;Apa yang dimaksud dengan compiler dalam konteks bahasa pemrograman?;Compiler adalah suatu program yang dapat menerjemahkan bahasa pemrograman yang ditulis menjadi bahasa mesin yang dapat dieksekusi oleh komputer.;80;70;75,75
5;Apa yang dimaksud dengan compiler dalam konteks bahasa pemrograman?;Compiler merupakan program yang menerjemahkan source code atau sumber code awal yang menggunakan bahasa pemrograman tingkat tinggi. yang dapat dieksekusi oleh sebuah komputer. Cara kerjanya yaitu memeriksa code, mengoptimalkam, hingga mengubah kode.;80;75;89
5;Apa yang dimaksud dengan compiler dalam konteks bahasa pemrograman?;Compiler adalah program yang menerjemahkan kode sumber dari bahasa pemrograman tingkat tinggi ke bahasa mesin agar dapat dieksekusi oleh komputer. Dengan compiler, program dapat berjalan lebih cepat karena sudah dikonversi sepenuhnya sebelum dijalankan.;80;80;85,5
5;Apa yang dimaksud dengan compiler dalam konteks bahasa pemrograman?;Compiler adalah suatu program yang bisa menerjemahkan bahasa tingkat tinggi ke dalam bahasa mesin sehingga mesin bisa memahami code yang telah ditulis.;80;70;83,25
5;Apa yang dimaksud dengan compiler dalam konteks bahasa pemrograman?;program komputer yang berfungsi untuk mengubah kode sumber menjadi kode mesin;70;65;72
5;Apa yang dimaksud dengan compiler dalam konteks bahasa pemrograman?;compiler adalah pembaca dan pengeksekusi sebuah program kode, dimana kode akan dibaca dalam bahaya tertentu dan di jalankan sesuai keinginan pembuat kode;70;50;69,25
5;Apa yang dimaksud dengan compiler dalam konteks bahasa pemrograman?;Compiler adalah program yang menerjemahkan kode sumber dari bahasa pemrograman tingkat tinggi ke bahasa mesin agar dapat dieksekusi oleh komputer. Compiler juga memeriksa kesalahan dalam kode dan mengoptimalkan performa program sebelum dijalankan.;80;80;87,25
5;Apa yang dimaksud dengan compiler dalam konteks bahasa pemrograman?;Compiler adalah program yang menerjemahkan kode sumber (source code) yang ditulis dalam bahasa pemrograman menjadi bahasa yang dapat dieksekusi oleh komputer. Proses ini memungkinkan program dapat berjalan tanpa perlu menerjemahkan ulang setiap kali dijalankan.;85;80;92,25
5;Apa yang dimaksud dengan compiler dalam konteks bahasa pemrograman?;Yang mengecek kesalahan dalam pemrogaman;30;55;34,5
5;Apa yang dimaksud dengan compiler dalam konteks bahasa pemrograman?;Compiler adalah program yang berfungsi untuk menerjemahkan kode sumber (source code) yang ditulis dalam bahasa pemrograman tingkat tinggi menjadi kode mesin yang dapat dieksekusi oleh komputer. Proses ini dilakukan agar program dapat berjalan tanpa memerlukan interpreter saat dieksekusi. Compiler juga melakukan optimasi kode agar lebih efisien dan mendeteksi kesalahan sintaks dalam program sebelum dijalankan. Contoh bahasa pemrograman yang menggunakan compiler adalah C, C++, dan Java.;80;100;78,5
5;Apa yang dimaksud dengan compiler dalam konteks bahasa pemrograman?;Compiler adalah program komputer yang berfungsi untuk mengubah kode sumber menjadi kode mesin.;70;70;73,25
5;Apa yang dimaksud dengan compiler dalam konteks bahasa pemrograman?;Compiler adalah sebuah prorgram yang terdapat dalam komputer yang berfungsi sebagai penerjemah atau mengkompile kode sesaui language/bahasa yang digunakan, misal bahasa C, C++, dll.;70;65;70
5;Apa yang dimaksud dengan compiler dalam konteks bahasa pemrograman?;Compiler mengubah bahasa pemrogramman menjadi bahasa mesin yang dapat dibaca komputer;70;70;72
5;Apa yang dimaksud dengan compiler dalam konteks bahasa pemrograman?;Compiler adalah program yang berfungsi untuk menerjemahkan kode sumber yang ditulis dalam bahasa pemrograman tingkat tinggi menjadi bahasa mesin agar dapat dieksekusi oleh komputer. Proses ini dilakukan dalam beberapa tahap, seperti analisis leksikal, parsing, optimasi kode, dan akhirnya menghasilkan file biner yang dapat dijalankan. Compiler bekerja secara keseluruhan sebelum program dijalankan, berbeda dengan interpreter yang menerjemahkan kode baris per baris saat program berjalan. Contoh bahasa pemrograman yang menggunakan compiler adalah C, C++, dan Java (dengan kompilasi ke bytecode untuk dijalankan oleh Java Virtual Machine). Keberadaan compiler sangat penting dalam pengembangan perangkat lunak karena memungkinkan kode yang ditulis oleh programmer dikonversi menjadi instruksi yang dapat dimengerti oleh komputer dengan efisien. Compiler juga sering dilengkapi dengan fitur optimasi untuk meningkatkan kinerja program serta alat untuk mendeteksi kesalahan sintaksis dalam kode sumber.;85;100;88,5
5;Apa yang dimaksud dengan compiler dalam konteks bahasa pemrograman?;Menerjemahkan kode menjadi kode mesin untuk dipahami komputer;60;65;64
5;Apa yang dimaksud dengan compiler dalam konteks bahasa pemrograman?;program komputer yang berfungsi mengubah data dari bahasa sunber men da;50;50;46,5
5;Apa yang dimaksud dengan compiler dalam konteks bahasa pemrograman?;compiler adalah penerjemah antara bahasa pemrograman dengan bahasa komputer, setelah programmer menuliakan kode, compiler akan mengubah kode tersebut menjadi bahasa komputer;60;65;63
5;Apa yang dimaksud dengan compiler dalam konteks bahasa pemrograman?;Compiler adalah program yang menerjemahkan kode sumber dari bahasa pemrograman tingkat tinggi ke dalam bahasa mesin yang dapat dieksekusi oleh komputer. Proses ini mencakup analisis, optimasi, dan konversi kode agar dapat dijalankan dengan efisien. Compiler memungkinkan pengembang menulis program dalam bahasa yang lebih mudah dipahami manusia, seperti C atau Java, tanpa harus menulis langsung dalam bahasa mesin.;80;100;80,75
5;Apa yang dimaksud dengan compiler dalam konteks bahasa pemrograman?;Compiler adalah software khusus untuk menerjemahkan bahasa pemrograman tingkat tinggi (kode sumber) menjadi kode mesin yang bisa dipahami dan dijalankan oleh komputer.;75;70;77
5;Apa yang dimaksud dengan compiler dalam konteks bahasa pemrograman?;Penerjemah dari bahasa pemrograman tingkat tinggi ke bahasa mesin;60;60;63
5;Apa yang dimaksud dengan compiler dalam konteks bahasa pemrograman?;Compiler adalah program yang menerjemahkan kode sumber dari bahasa pemrograman tingkat tinggi ke dalam bahasa mesin agar dapat dieksekusi oleh komputer.;85;70;90,75
5;Apa yang dimaksud dengan compiler dalam konteks bahasa pemrograman?;Compiler adalah program komputer yang berfungsi untuk mengubah kode sumber menjadi kode mesin. Kode sumber adalah bahasa pemrograman tingkat tinggi yang dapat dibaca manusia, sedangkan kode mesin adalah bahasa pemrograman tingkat rendah yang dapat dipahami komputer.;75;65;80,25
5;Apa yang dimaksud dengan compiler dalam konteks bahasa pemrograman?;Compiler dalam pemrograman adalah program komputer yang menerjemahkan kode sumber (kode yang ditulis programmer) ke dalam kode mesin (kode yang dapat dieksekusi oleh komputer);80;70;74,25
5;Apa yang dimaksud dengan compiler dalam konteks bahasa pemrograman?;compiler berfungsi untuk mengcompile/menjalankan suatu bahasa pemrograman;60;56;57,5
5;Apa yang dimaksud dengan compiler dalam konteks bahasa pemrograman?;Compiler adalah program yang menerjemahkan kode sumber dari bahasa pemrograman tingkat tinggi ke dalam bahasa mesin yang bisa langsung dijalankan oleh komputer.;75;70;74,75
5;Apa yang dimaksud dengan compiler dalam konteks bahasa pemrograman?;Compiler dalam konteks bahasa pemrograman adalah program yang berfungsi menerjemahkan kode sumber (source code) yang ditulis dalam bahasa pemrograman tingkat tinggi menjadi bahasa mesin atau kode biner yang dapat dimengerti dan dijalankan oleh komputer. Compiler penting karena memungkinkan program berjalan lebih cepat dan efisien setelah dikompilasi, serta memeriksa kesalahan sintaksis sebelum eksekusi.;80;80;80,5
5;Apa yang dimaksud dengan compiler dalam konteks bahasa pemrograman?;Compiler adalah program yang menerjemahkan kode sumber dari bahasa pemrograman tingkat tinggi ke bahasa mesin agar dapat dieksekusi oleh komputer. Prosesnya mencakup analisis sintaksis, optimasi, dan pembuatan kode biner. Berbeda dengan interpreter, compiler menerjemahkan seluruh kode sekaligus sebelum dijalankan, meningkatkan efisiensi eksekusi.;80;100;80,5
5;Apa yang dimaksud dengan compiler dalam konteks bahasa pemrograman?;Compiler mengubah sebuah bahasa pemrograman yang lebih high-level menjadi sebuah machine code (kurang lebih biner) yang bisa dibaca oleh sebuah komputer;60;70;54,5
5;Apa yang dimaksud dengan compiler dalam konteks bahasa pemrograman?;Compiler adalah alat untuk menerjemahkan bahasa pemrograman ke bahasa mesin untuk dieksekusi.;70;65;73,25
5;Apa yang dimaksud dengan compiler dalam konteks bahasa pemrograman?;compiler berguna sebagai penerjemah dari bahasa pemrograman menjadi bahasa mesin.;60;60;57
5;Apa yang dimaksud dengan compiler dalam konteks bahasa pemrograman?;Compiler adalah translator dari bahasa yang lebih manusia agar dipahami oleh mesin atau komputer.;60;56;53
5;Apa yang dimaksud dengan compiler dalam konteks bahasa pemrograman?;program yang menerjemahkan kode sumber (yang ditulis oleh programmer dalam bahasa pemrograman seperti C++ atau Java) menjadi bahasa mesin yang bisa dipahami dan dijalankan oleh komputer.;75;70;79,25
5;Apa yang dimaksud dengan compiler dalam konteks bahasa pemrograman?;mengubah text menjadi bilangan biner yg di mengerti komouter;0;40;0
5;Apa yang dimaksud dengan compiler dalam konteks bahasa pemrograman?;suatu software khusus yang dipakai untuk membaca bahasa pemrograman;60;50;61,5
5;Apa yang dimaksud dengan compiler dalam konteks bahasa pemrograman?;Compiler adalah sebuah proses dimana kode yang ada disiapkan (di compile) untuk dijadikan sebuah file executable (.exe) yang dapat dijalankan oleh pengguna. Compiler juga berfungsi untuk mengecek bug atau kesalahan syntax dalam program sehingga tidak terjadi error saat runtime.;60;80;56,25
5;Apa yang dimaksud dengan compiler dalam konteks bahasa pemrograman?;Compiler digunakan sebagai penerjemah dari bahasa manusia ke bahasa komputer;60;60;59,25
5;Apa yang dimaksud dengan compiler dalam konteks bahasa pemrograman?;Compiler adalah sebuah software yang digunakan untuk mentranslasi bahasa pemrograman agar bisa dibaca dan dijalankan oleh komputer.;60;70;66,5
5;Apa yang dimaksud dengan compiler dalam konteks bahasa pemrograman?;untuk menerjemahkan code;65;55;57,5
5;Apa yang dimaksud dengan compiler dalam konteks bahasa pemrograman?;Software yang disebut compiler berfungsi untuk menerjemahkan kode sumber, atau bahasa pemrograman tingkat tinggi, menjadi kode mesin yang dapat dibaca dan digunakan oleh komputer.;70;70;69
5;Apa yang dimaksud dengan compiler dalam konteks bahasa pemrograman?;Compiler adalah sebuah program yang berfungsi untuk menerjemahkan kode mentah yang ditulis oleh user dengan bahasa pemrograman ke bahasa mesin sehingga dapat dimengerti oleh komputer. Compiler memungkinkan kode yang ditulis oleh manusia dapat dijalankan oleh komputer;75;70;73,25
5;Apa yang dimaksud dengan compiler dalam konteks bahasa pemrograman?;Compiler adalah peogram yang berfungsi sebagai penerjemah bahasa kode sumber (source code) menjadi bahasa mesin yang dapat dibaca oleh komputer.;75;65;78
5;Apa yang dimaksud dengan compiler dalam konteks bahasa pemrograman?;Compiler adalah program yang berfungsi untuk menerjemahkan kode-kode dalam suatu pemrograman supaya mudah dibaca oleh mesin kodenya.;70;65;64,25
5;Apa yang dimaksud dengan compiler dalam konteks bahasa pemrograman?;Compiler adalah program yang menerjemahkan kode sumber dari bahasa pemrograman tingkat tinggi ke kode mesin agar dapat dijalankan oleh komputer. Compiler berfungsi untuk menerjemahkan, mengoptimalkan kode, mendeteksi kesalahan, dan menghasilkan file eksekusi. Contoh compiler yang paling akrab kita kenal mungkin adalh GCC. Dengan compiler, program dapat berjalan lebih cepat tanpa memerlukan kode sumber saat dieksekusi.;75;95;72
5;Apa yang dimaksud dengan compiler dalam konteks bahasa pemrograman?;Compiler adalah penerjemah kode dalam suatu bahasa pemrograman.;70;56;69,5
5;Apa yang dimaksud dengan compiler dalam konteks bahasa pemrograman?;Compiler adalah perubah yang mengubah kode sumber menjadi kode yang bisa dipahami komputer;70;65;61,75
5;Apa yang dimaksud dengan compiler dalam konteks bahasa pemrograman?;Compiler pada dasarnya bekerja sebagai kamus bagi komputer. Dari program yang sudah ditulis, kompiler bertugas menejermahkan program tersebut menjadi data biner yang dapat dimengerti oleh komputer. Data tersebut kemudian diolah oleh komputer dan hasilnya akan diterima oleh kompiler untuk kemudian kembali diterjemahkan sebagai tipe data yang dapat dimengerti oleh manusia;70;50;72,5
5;Apa yang dimaksud dengan compiler dalam konteks bahasa pemrograman?;Compiler itu seperti penerjemah dalam dunia pemrograman. Tugasnya mengubah kode yang ditulis oleh programmer dalam bahasa pemrograman (seperti C++ atau Java) menjadi bahasa mesin yang bisa dimengerti oleh komputer. Tanpa compiler, komputer tidak bisa menjalankan program yang kita buat. Jadi, compiler memastikan bahwa kode kita bisa diproses dengan benar dan berjalan sesuai yang diinginkan;75;65;72,5
5;Apa yang dimaksud dengan compiler dalam konteks bahasa pemrograman?;compiler itu merupakan program yang emenrjemahkan sebuah bahasa pemrograman ke bahasa mesin;70;65;65,25
5;Apa yang dimaksud dengan compiler dalam konteks bahasa pemrograman?;Compiler adalah program yang menerjemahkan kode sumber yang ditulis dalam bahasa pemrograman tingkat tinggi ke dalam bahasa mesin yang dapat dieksekusi oleh komputer. Proses ini dilakukan sebelum program dijalankan, berbeda dengan interpreter yang menerjemahkan kode saat program berjalan.;80;70;82
5;Apa yang dimaksud dengan compiler dalam konteks bahasa pemrograman?;compiler adalah sebuah perangkat lunak untuk menjalankan suatu program agar program tersebut bisa berjalan dengan baik;60;50;58
5;Apa yang dimaksud dengan compiler dalam konteks bahasa pemrograman?;Compiler adalah program yang mengubah kode sumber dari bahasa pemrograman menjadi bahasa mesin agar dapat dijalankan oleh komputer.;70;70;70
5;Apa yang dimaksud dengan compiler dalam konteks bahasa pemrograman?;Mengubah kode sumber jadi kode lunak;0;50;0
5;Apa yang dimaksud dengan compiler dalam konteks bahasa pemrograman?;Penafsiran program komputer;40;50;31
5;Apa yang dimaksud dengan compiler dalam konteks bahasa pemrograman?;Menerjemahkan sumber kode;40;56;37,5
5;Apa yang dimaksud dengan compiler dalam konteks bahasa pemrograman?;Compiler adalah komponen dalam perangkat lunak yang mengumpulkan dan menjalankan skrip programming yang ditulis di komputer tersebut;70;50;71,75
5;Apa yang dimaksud dengan compiler dalam konteks bahasa pemrograman?;Compiler adalah pengubah dari suatu bahasa pemograman dan diubah menjadi suatu machine code sesuai bahasa pemograman tertentu;70;65;70,75
5;Apa yang dimaksud dengan compiler dalam konteks bahasa pemrograman?;sebuah alat untuk menjalankan program yang telah dirancang;40;40;39,5
5;Apa yang dimaksud dengan compiler dalam konteks bahasa pemrograman?;Compiler adalah perangkat lunak yang mengubah bahasa sumber menjadi bahasa mesin.;60;60;58,5
5;Apa yang dimaksud dengan compiler dalam konteks bahasa pemrograman?;Compiler pada pemrograman adalah perangkat lunak pada komputer untuk mengubah kode sumber menjadi kode yang dapat dibaca oleh mesin;60;60;53,25
5;Apa yang dimaksud dengan compiler dalam konteks bahasa pemrograman?;yg mebgubah bahasa manusia ke bahasa komputer;60;60;58,25
5;Apa yang dimaksud dengan compiler dalam konteks bahasa pemrograman?;Program yg bisa menerjemahkan bahasa pemograman yang bisa menerjemahkan menjadi bahasa komputer;70;60;60,25
5;Apa yang dimaksud dengan compiler dalam konteks bahasa pemrograman?;Compiler digunakan untuk menerjemahkan kode dari yang kita buat ke bahasa mesin yang dapat dibaca oleh komputer;75;65;72,5
5;Apa yang dimaksud dengan compiler dalam konteks bahasa pemrograman?;;0;0;0
5;Apa yang dimaksud dengan compiler dalam konteks bahasa pemrograman?;Compiler adalah program untuk menerjemahkan suatu kode dalam berbagai bahasa;70;55;71,5
5;Apa yang dimaksud dengan compiler dalam konteks bahasa pemrograman?;Compiler merupakan perangkat lunak di mana ia mengubah kode sumber menjadi kode mesin.;50;60;54
5;Apa yang dimaksud dengan compiler dalam konteks bahasa pemrograman?;program komputer yang menerjemahkan kode sumber (yang ditulis dalam bahasa tingkat tinggi) ke dalam kode mesin;75;60;78,5
5;Apa yang dimaksud dengan compiler dalam konteks bahasa pemrograman?;Compiler adalah sebuah alat untuk menjalankan dan memeriksa program dapat berjalan;60;50;53,25
5;Apa yang dimaksud dengan compiler dalam konteks bahasa pemrograman?;Compiler itu kayak penerjemah buat kode program. Jadi, pas lo nulis kode pake bahasa pemrograman (kayak C++ atau Java), komputer sebenernya nggak langsung ngerti. Nah, compiler ini yang ngeubah kode lo jadi bahasa mesin (biner) biar bisa dijalanin sama komputer.;60;70;65,75
5;Apa yang dimaksud dengan compiler dalam konteks bahasa pemrograman?;Compiler merupakan suatu proses dimana kita akan menerjemahkan dari suatu bahasa pemrograman tertentu, menganalisisnya dan menghasilkan kode mesin yang setara yg dapat diaplikasikan di bahasa yg kita mau(mesin);70;60;69
5;Apa yang dimaksud dengan compiler dalam konteks bahasa pemrograman?;compiler adalah perangkat untuk menjalankan suatu perangkat lunak;0;40;0
5;Apa yang dimaksud dengan compiler dalam konteks bahasa pemrograman?;Compiler adalah suatu perangkat lunak yang mengubah kode sumber menjadi kode mesin;60;60;65,5
5;Apa yang dimaksud dengan compiler dalam konteks bahasa pemrograman?;Program penerjemah kode sumber dari bahasa pemrograman tingkat tinggi ke kode binary;65;60;58,5
5;Apa yang dimaksud dengan compiler dalam konteks bahasa pemrograman?;Compiler berguna menerjemahkan kode sumber dari bahasa pemrograman tingkat tinggi ke bahasa mesin;65;60;60,5
5;Apa yang dimaksud dengan compiler dalam konteks bahasa pemrograman?;Compiler adalah sebuah program dalam konteks bahasa pemrograman yang bertugas untuk menerjemahkan kode sumber menjadi kode mesin;70;60;71,75
5;Apa yang dimaksud dengan compiler dalam konteks bahasa pemrograman?;.;0;0;0
5;Apa yang dimaksud dengan compiler dalam konteks bahasa pemrograman?;Compiler adalah program yang menerjemahkan kode sumber dari bahasa pemrograman tingkat tinggi ke bahasa mesin atau kode objek.;70;60;64,75
5;Apa yang dimaksud dengan compiler dalam konteks bahasa pemrograman?;Compiler adalah software khusus untuk menerjemahkan bahasa pemrograman tingkat tinggi (kode sumber) menjadi kode mesin yang bisa dipahami dan dijalankan oleh komputer;70;70;70
5;Apa yang dimaksud dengan compiler dalam konteks bahasa pemrograman?;Mengubah kode sumber menjadi kode untuk komputer;20;60;12,25
5;Apa yang dimaksud dengan compiler dalam konteks bahasa pemrograman?;Perangkat yang berfungsi untuk mengubah bahasa programing tingkat tinggi menjadi bahasa yang dapat dimengerti komputerm;60;60;63,75
5;Apa yang dimaksud dengan compiler dalam konteks bahasa pemrograman?;software khusus untuk menerjemahkan bahasa pemrograman tingkat tinggi (kode sumber) menjadi kode mesin yang bisa dipahami dan dijalankan oleh komputer.;70;70;72,25
5;Apa yang dimaksud dengan compiler dalam konteks bahasa pemrograman?;Compiler berfungsi untuk menerjemahkan / menjalankan program yang ditulis atau berasal daro source code yang ada;75;56;73
5;Apa yang dimaksud dengan compiler dalam konteks bahasa pemrograman?;Compiler adalah program yang mengubah kode sumber dari bahasa pemrograman tingkat tinggi menjadi kode mesin yang dapat dijalankan oleh komputer. Proses ini memungkinkan program untuk dieksekusi setelah ditulis dalam bahasa pemrograman seperti C atau Java.;75;70;85
5;Apa yang dimaksud dengan compiler dalam konteks bahasa pemrograman?;Compiler adalah program yang bertugas menerjemahkan kode sumber bahasa pemograman menjadi bahasa yg dapat dimengerti komputet;70;60;66
5;Apa yang dimaksud dengan compiler dalam konteks bahasa pemrograman?;Compiler adalah sesuatu yang digunakan untuk men-translate kode yang diketik menjadi perintah untuk komputer terima;60;56;67,5
5;Apa yang dimaksud dengan compiler dalam konteks bahasa pemrograman?;Compiler adalah program yang menerjemahkan kode sumber agar program bisa di run;70;60;63,25
5;Apa yang dimaksud dengan compiler dalam konteks bahasa pemrograman?;Compiler dalam pemrograman mengacu pada program yang mengubah kode menjadi instruksi yang dapat dipahami oleh mesin komputer.;75;60;72,25
5;Apa yang dimaksud dengan compiler dalam konteks bahasa pemrograman?;Menerjemahkan kode sumber dari bahasa pemograman ke bahasa mesin yang dipahami dan dijalankan komputer.;75;70;78,25
5;Apa yang dimaksud dengan compiler dalam konteks bahasa pemrograman?;Compiler adalah sebuah program yang mengkumpulkadan mengkonversikan code dalam bahasa satu ke bahasa lainnya agar dapat digunakan untuk komunikasi antar bagian komputer;75;40;73,25
5;Apa yang dimaksud dengan compiler dalam konteks bahasa pemrograman?;Compiler adalah sistem perangkat lunak yang digunakan komputer untuk mengkonversi pemrograman ke bahasa komputer agar dapat dijalani oleh komputer yersebut;75;70;79
5;Apa yang dimaksud dengan compiler dalam konteks bahasa pemrograman?;Pengurai, kurang lebih begitu?;0;20;0
5;Apa yang dimaksud dengan compiler dalam konteks bahasa pemrograman?;Compiler digunakan untuk melakukan proses eksekusi program, atau untuk melakukan debugging;60;40;58
5;Apa yang dimaksud dengan compiler dalam konteks bahasa pemrograman?;Penjalan program dari bahasa pemograman yang dibuat;60;40;61,75
5;Apa yang dimaksud dengan compiler dalam konteks bahasa pemrograman?;Compiler itu program yang nerjemahin kode dari bahasa pemrograman yang dimengerti manusia, kayak C++ atau Java, jadi bahasa mesin yang dimengerti komputer. Jadi, kode yang kita tulis bisa dijalanin sama hardware setelah diubah sama compiler.;60;70;64,25
5;Apa yang dimaksud dengan compiler dalam konteks bahasa pemrograman?;Compiler untuk mengelaborasi syntax dalam suatu kode sehingga program bisa di link terhadap suatu library preprocessor.;60;56;59,5
5;Apa yang dimaksud dengan compiler dalam konteks bahasa pemrograman?;Compiler digunakan programmer untuk menerjemahkan kode sumber menjadi bahasa mesin sehingga komputer dapat memahaminya.;60;65;58,5
5;Apa yang dimaksud dengan compiler dalam konteks bahasa pemrograman?;Ngubah bahasa kita ke bahasa komputer;40;56;41,5
5;Apa yang dimaksud dengan compiler dalam konteks bahasa pemrograman?;Compiler adalah yang mengubah kode menjadi bahasa mesin;60;60;59,25
5;Apa yang dimaksud dengan compiler dalam konteks bahasa pemrograman?;Compiler adalah tempat dimana code kita di execute;60;40;60
5;Apa yang dimaksud dengan compiler dalam konteks bahasa pemrograman?;Compiler adalah sesuatu yang mentransaksikan bahasa code yang ditulis oleh manusia menjadi bahasa mesin yang dapat dimengerti komputer;70;60;69,5
5;Apa yang dimaksud dengan compiler dalam konteks bahasa pemrograman?;untuk mengcompile data;20;10;10,5
5;Apa yang dimaksud dengan compiler dalam konteks bahasa pemrograman?;menejermahkan kode (di compile);20;10;17,25
5;Apa yang dimaksud dengan compiler dalam konteks bahasa pemrograman?;Dia itu merubah code yang dalam tulisan bahasa manusia menjadi bahasa mesin sehingga bs diproses oleh mesin (0101011);60;65;57,5
5;Apa yang dimaksud dengan compiler dalam konteks bahasa pemrograman?;compiler untuk mengubah sebuah program dari bahasa pemrograman tertentu menjadi bahasa yang dipahami oleh mesin;60;65;57
5;Apa yang dimaksud dengan compiler dalam konteks bahasa pemrograman?;Compiler adalah bagaikan translator, menerjemahkan suatu bentuk data ke bentuk lainnya yang seringkali dari yang lebih mudah dibaca manusia ke yang lebih dekat dengan yang dipahami komputer.;75;65;77,25
5;Apa yang dimaksud dengan compiler dalam konteks bahasa pemrograman?;Sebuah compiler merupakan program yang menerima sebuah program (atau program-program) hasil editan pemrogram dan menyusunnya menjadi bentuk machine code yang bisa dijalankan komputer. Contoh compiler adalah compiler bahasa C.;75;70;70,5
5;Apa yang dimaksud dengan compiler dalam konteks bahasa pemrograman?;compiler itu program yang nerjemahin kode yang kita tulis dalam bahasa pemrograman ke bahasa mesin yang bisa dimengerti komputer.;75;65;74,5
5;Apa yang dimaksud dengan compiler dalam konteks bahasa pemrograman?;Compiler adalah alat untuk mengubah bahasa yang sudah dibuat menjadi bahasa yang dimengerti mesin.;70;65;70,5
5;Apa yang dimaksud dengan compiler dalam konteks bahasa pemrograman?;Compiler adalah software yang digunakan untuk mengubah bahasa pemrograman menjadi bahasa mesin yang benar-benar dimengerti oleh komputer;60;65;59
5;Apa yang dimaksud dengan compiler dalam konteks bahasa pemrograman?;Compiler menerjemahkan kode sumber ke biner agar komputer bisa eksekusi.;70;65;63,25
5;Apa yang dimaksud dengan compiler dalam konteks bahasa pemrograman?;Compiler adalah program yang menerjemahkan kode sumber (source code) dalam bahasa pemrograman tingkat tinggi menjadi kode mesin agar bisa dijalankan oleh komputer.;80;70;81,25
5;Apa yang dimaksud dengan compiler dalam konteks bahasa pemrograman?;Compiler adalah program untuk mengubah bahasa pemrogramman tingkat tinggi menjadi bahasa mesin;60;60;56,5
5;Apa yang dimaksud dengan compiler dalam konteks bahasa pemrograman?;Compiler adalah program yang menerjemahkan kode sumber dari bahasa pemrograman tingkat tinggi (seperti C atau Java) ke dalam bahasa mesin yang dapat dieksekusi oleh komputer. Compiler penting karena memastikan kode bebas dari kesalahan, mengoptimalkan kinerja, dan menghasilkan file executable yang efisien untuk dijalankan pada perangkat keras tertentu.;70;90;71
5;Apa yang dimaksud dengan compiler dalam konteks bahasa pemrograman?;Compiler adalah suatu program yang dapat mentranslasi dari bahasa kode (seperti c, python, java, dll) menjadi bahasa yang bisa dimengerti oleh mesin.;70;65;70,5
5;Apa yang dimaksud dengan compiler dalam konteks bahasa pemrograman?;compiler adalah program komputer yang menerjemahkan kode sumber (yang ditulis dalam bahasa tingkat tinggi) menjadi kode mesin (yang dapat dipahami dan dieksekusi oleh komputer;80;70;82,25
5;Apa yang dimaksud dengan compiler dalam konteks bahasa pemrograman?;Software khusus untuk menerjemahkan bahasa pemrograman tingkat tinggi;60;55;52,25
5;Apa yang dimaksud dengan compiler dalam konteks bahasa pemrograman?;tempat kompilasi program;20;50;15
5;Apa yang dimaksud dengan compiler dalam konteks bahasa pemrograman?;compiler adalah sesuatu yang akan mengubah kode kita menjadi bahasa yang lebih dipahami oleh komputer;60;65;56,5
5;Apa yang dimaksud dengan compiler dalam konteks bahasa pemrograman?;pengubah bahasia manusia (code) ke bahasa mesin;60;60;54,25
5;Apa yang dimaksud dengan compiler dalam konteks bahasa pemrograman?;Algoritma adalah langkah-langkah logis dan sistematis untuk menyelesaikan suatu masalah atau tugas. Penting dalam Ilmu Komputer karena: 1. Efisiensi ? Mengoptimalkan pemrosesan data dan penggunaan sumber daya. 2. Struktur & Logika ? Membantu dalam pemrograman dan pengembangan perangkat lunak. 3. Pemecahan Masalah ? Digunakan dalam AI, pencarian ata, dan komputasi kompleks.;50;0;47
5;Apa yang dimaksud dengan compiler dalam konteks bahasa pemrograman?;compiler merupakan software yang mengubah bahasa pemrograman menjadi bahasa mesin/komputer (0 1);60;60;51
5;Apa yang dimaksud dengan compiler dalam konteks bahasa pemrograman?;Program yang mengubah kode sumber (bahasa pemrograman) menjadi kode mesin yang dapat dijalankan komputer.;70;70;76,5
5;Apa yang dimaksud dengan compiler dalam konteks bahasa pemrograman?;Compiler adalah program yang menerjemahkan kode sumber dari bahasa pemrograman tingkat tinggi ke dalam bahasa mesin agar bisa dieksekusi oleh komputer. Proses ini dilakukan secara keseluruhan sebelum program dijalankan, sehingga program yang telah dikompilasi biasanya lebih cepat dibandingkan yang menggunakan interpreter.;70;80;77,25
5;Apa yang dimaksud dengan compiler dalam konteks bahasa pemrograman?;untuk mengubah bahasa pemrograman menjadi bahasa yang dimengerti oleh komputer;60;65;56,5
5;Apa yang dimaksud dengan compiler dalam konteks bahasa pemrograman?;software khusus untuk menerjemahkan bahasa pemrograman tingkat tinggi (kode sumber) menjadi kode mesin yang bisa dipahami dan dijalankan oleh komputer;60;70;64,75
5;Apa yang dimaksud dengan compiler dalam konteks bahasa pemrograman?;untuk mengeksekusi program tsb;20;0;19,25
5;Apa yang dimaksud dengan compiler dalam konteks bahasa pemrograman?;program komputer yang menerjemahkan kode sumber (yang ditulis dalam bahasa tingkat tinggi) menjadi kode mesin (yang dapat dipahami dan dieksekusi oleh komputer);80;70;77
5;Apa yang dimaksud dengan compiler dalam konteks bahasa pemrograman?;Compiler adalah program yang mengubah kode sumber dalam bahasa pemrograman tingkat tinggi menjadi bahasa mesin yang dapat dipahami oleh komputer. Proses ini memungkinkan program untuk dieksekusi oleh perangkat keras. Compiler memeriksa sintaksis, mengoptimalkan kode, dan menghasilkan file eksekusi yang siap dijalankan oleh sistem.;80;90;84,5
5;Apa yang dimaksud dengan compiler dalam konteks bahasa pemrograman?;Compiler digunakan untuk mentranslasi bahasa pemrogramakan ke dalam bahasa mesin yang bisa dipahami komputer.;65;65;62
5;Apa yang dimaksud dengan compiler dalam konteks bahasa pemrograman?;Menurut saya, compiler mengubah kode yang mudah dibaca manusia menjadi kode yang dapat dijalankan oleh komputer;65;65;62
5;Apa yang dimaksud dengan compiler dalam konteks bahasa pemrograman?;memasukkan data;0;0;0
5;Apa yang dimaksud dengan compiler dalam konteks bahasa pemrograman?;compiler adalah suatu fungsi untuk memproses algoritma atau code yang dibuat untuk mrnghasilkan output yang diinginkan;60;0;60,75
5;Apa yang dimaksud dengan compiler dalam konteks bahasa pemrograman?;Compiler berfungsi menerjemahkankode sumber menjadi kode biner agar bisa dibaca oleh komputer.;50;60;52,5
5;Apa yang dimaksud dengan compiler dalam konteks bahasa pemrograman?;translator suatu bahasa pemrograman;50;50;41
5;Apa yang dimaksud dengan compiler dalam konteks bahasa pemrograman?;untuk menafsirkan/mentranslate bahasa pemrograman ke bahasa yang dipahami mesin;50;56;49,75
5;Apa yang dimaksud dengan compiler dalam konteks bahasa pemrograman?;alat untuk meneksekusikan suatu kode;30;0;32,25
5;Apa yang dimaksud dengan compiler dalam konteks bahasa pemrograman?;software khusus untuk menerjemahkan bahasa pemrograman tingkat tinggi (kode sumber) menjadi kode mesin yang bisa dipahami dan dijalankan oleh komputer.;70;70;73,75
5;Apa yang dimaksud dengan compiler dalam konteks bahasa pemrograman?;Compiler bisa dibilang suatu software atau sistem yang digunakan untuk mengubah bahasa pemrograman menjadi bahasa mesin.;65;60;66,5
5;Apa yang dimaksud dengan compiler dalam konteks bahasa pemrograman?;Compiler adalah sebuah sistem yang menterjemahkan program komputer yang dibuat oleh manusia menjadi instruksi, berupa bilangan biner, yang dimengerti oleh komputer.;70;65;62,25
5;Apa yang dimaksud dengan compiler dalam konteks bahasa pemrograman?;Compiler adalah software khusus untuk menerjemahkan bahasa pemrograman tingkat tinggi (kode sumber) menjadi kode mesin yang bisa dipahami dan dijalankan oleh komputer.;70;70;63,75
5;Apa yang dimaksud dengan compiler dalam konteks bahasa pemrograman?;Penerjermah kode sumber (source code) yang ditulis dalam bahasa pemrograman tingkat tinggi menjadi bahasa mesin agar dapat dieksekusi oleh komputer. Compiler memungkinkan program dijalankan dengan lebih cepat karena kode telah dikonversi sebelum eksekusi.;75;80;76,5
5;Apa yang dimaksud dengan compiler dalam konteks bahasa pemrograman?;Compiler adalah suatu program yang mengumpulkan dan mengubah sebuah program yang dapat dimengerti manusia menjadi bahasa mesin yang dapat dimengerti oleh komputer;75;65;66,25
5;Apa yang dimaksud dengan compiler dalam konteks bahasa pemrograman?;Compiler adalah program yang menerjemahkan kode sumber dari bahasa pemrograman tingkat tinggi (seperti C, Java, atau Python) menjadi kode mesin yang dapat dieksekusi oleh komputer. Compiler memungkinkan program berjalan lebih cepat dibandingkan interpreter karena seluruh kode diterjemahkan sekaligus sebelum dieksekusi.;75;80;71
5;Apa yang dimaksud dengan compiler dalam konteks bahasa pemrograman?;compiler adalah program komputer yang menerjemahkan kode sumber (yang ditulis dalam bahasa tingkat tinggi) menjadi kode mesin (yang dapat dipahami dan dieksekusi oleh komputer).;80;70;79
5;Apa yang dimaksud dengan compiler dalam konteks bahasa pemrograman?;Compiler adalah unit yang berfungsi untuk menjalankan program atau mengecek problem dari suatu kode;60;50;53
5;Apa yang dimaksud dengan compiler dalam konteks bahasa pemrograman?;Compiler adalah perangkat lunak yang menerjemahkan kode pemrograman tingkat tinggi menjadi kode mesin;60;60;55
5;Apa yang dimaksud dengan compiler dalam konteks bahasa pemrograman?;Compiler adalah program yang mengubah kode sumber yang ditulis dalam bahasa pemrograman tingkat tinggi menjadi kode mesin atau bahasa mesin yang dapat dijalankan oleh komputer.;75;65;71
5;Apa yang dimaksud dengan compiler dalam konteks bahasa pemrograman?;compiler mengubah kode menjadi bahasa mesin;40;56;36,5
5;Apa yang dimaksud dengan compiler dalam konteks bahasa pemrograman?;Compiler berfungsi untuk menerjemakan bahasa tingkat tinggi ke bahasa tingkat rendah afar bisa di baca komouter;60;56;59,5
5;Apa yang dimaksud dengan compiler dalam konteks bahasa pemrograman?;Mentranslate kode program menjadi bahasa mesin agar dipahami komputer;60;60;58,25
5;Apa yang dimaksud dengan compiler dalam konteks bahasa pemrograman?;"me-""translate"" bahasa coding ke bahasa komputer";50;60;38,75
5;Apa yang dimaksud dengan compiler dalam konteks bahasa pemrograman?;penerjemah bahasa pemrograman menjadi bahasa mesin;50;60;51
5;Apa yang dimaksud dengan compiler dalam konteks bahasa pemrograman?;Compiler itu kayak penerjemah yang ngubah kode program dari bahasa pemrograman (misalnya C, C++) ke bahasa mesin yang bisa dipahami dan dijalankan oleh komputer. Jadi, tanpa compiler, kode yang kita tulis nggak bakal bisa dieksekusi. Contohnya, Dev-C++ punya compiler buat ngejalanin program C/C++.;70;75;67,75
5;Apa yang dimaksud dengan compiler dalam konteks bahasa pemrograman?;Compiler adalahprogram komputer yang menerjemahkan kode sumber yang ditulis dalam bahasa tingkat tinggi menjadi kode mesin yang dapat dipahami dan dieksekusi oleh komputer.;75;70;67
5;Apa yang dimaksud dengan compiler dalam konteks bahasa pemrograman?;Compiler dalam konteks bahasa pemograman mengumpulkan sebuah kode untuk dijalankan dengan runner.;60;60;55,5
5;Apa yang dimaksud dengan compiler dalam konteks bahasa pemrograman?;Compiler merupakan program yang berfungsi untuk mentranslasi bahasa dari suatu bahasa pemrograman ke bahasa mesin;70;60;67,75
5;Apa yang dimaksud dengan compiler dalam konteks bahasa pemrograman?;berfungsi untuk mentranslate source code ke machine code yang bisa langsung di run oleh komputer;75;65;73
5;Apa yang dimaksud dengan compiler dalam konteks bahasa pemrograman?;compiler adalah sebuah program yang fungsinya menerjemahkan suatu kode yg bahasanya tingkat tinggi ke bahasa yg dimengerti oleh mesin/komputer;75;65;69,75
5;Apa yang dimaksud dengan compiler dalam konteks bahasa pemrograman?;Program yang menerjemahkan bahasa pemrograman ke bahasa mesin;70;60;68
5;Apa yang dimaksud dengan compiler dalam konteks bahasa pemrograman?;Compiler merupakan program yang menerjemahkan kode sumber dari bahasa pemrograman ke bahasa mesin agar bisa dijalankan komputer.;70;65;68,5
5;Apa yang dimaksud dengan compiler dalam konteks bahasa pemrograman?;Compiler adalah perangkat lunak yang mengubah kode bahasa pemrograman ke bahasa mesin sehingga dapat dibaca oleh komputer. Compiler ini penting ketika ingin menjalankan bahasa tingkat tinggi;70;60;67,5
5;Apa yang dimaksud dengan compiler dalam konteks bahasa pemrograman?;compailer adalah program yang menerjemahkan kode sumber dari bahasa pemrograman ke bahasa mesin.;70;60;72,25
5;Apa yang dimaksud dengan compiler dalam konteks bahasa pemrograman?;Compiler untuk membentuk suatu object dari code yang dibuat oleh programmer;75;60;68,25
5;Apa yang dimaksud dengan compiler dalam konteks bahasa pemrograman?;program yang menerjemahkan kode sumber dari bahasa pemrograman tingkat tinggi ke dalam bahasa mesin agar dapat dieksekusi oleh komputer.;75;70;81,75
5;Apa yang dimaksud dengan compiler dalam konteks bahasa pemrograman?;Compiler adalah program yang mengubah seluruh bahasa pemrograman menjadi machine code.;75;60;74
5;Apa yang dimaksud dengan compiler dalam konteks bahasa pemrograman?;Compiler merupakan software untuk menerjemahkan bahasa tingkat tinggi menjadi kode mesin yang bisa dipahami dan dijalankan oleh komputer.;75;70;82,75
5;Apa yang dimaksud dengan compiler dalam konteks bahasa pemrograman?;Compiler adalah alat untuk menerjemahkan bahasa pemrograman menjadi bahasa mesin;60;60;54,5
5;Apa yang dimaksud dengan compiler dalam konteks bahasa pemrograman?;Compiler adalah alat untuk mentraslate kode yang kita tulis menjadi bahasa mesin atau komputer.;60;60;60,5
5;Apa yang dimaksud dengan compiler dalam konteks bahasa pemrograman?;Compiler adalah mengkompile kode yang telah kita buat menjadi bahasa yang bisa dipahami dan dijalani mesin;60;65;58
5;Apa yang dimaksud dengan compiler dalam konteks bahasa pemrograman?;compiler adalah sebuah program yang menerjemahkan sebuah kode yang kita tulis dalam sebuah bahasa pemrograman tertentu menjadi bahasa mesin yang dapat dimengerti oleh komputer;70;65;72,25
5;Apa yang dimaksud dengan compiler dalam konteks bahasa pemrograman?;program yang menerjemahkan source code;70;60;72,5
5;Apa yang dimaksud dengan compiler dalam konteks bahasa pemrograman?;Seingat saya, compiler itu seperti translator dari bahasa pemrograman ke bahasa mesin. Bahasa mesin tersebut menggunakan sistem bilangan biner yang hanya mengenal 0 dan 1;60;60;66
5;Apa yang dimaksud dengan compiler dalam konteks bahasa pemrograman?;Compiler adalah penerjemah dari high level language ke dalam bahasa mesin, agar kode kita dapat dipahami oleh komputer;65;65;60,5
5;Apa yang dimaksud dengan compiler dalam konteks bahasa pemrograman?;Compiler adalah perangkat lunak yang bekerja sebagai perajut kode yang artinya bekerja untuk menyatukan kode agar dapat melakukan kerja.;65;65;63,25
5;Apa yang dimaksud dengan compiler dalam konteks bahasa pemrograman?;Compiler merupakan program yang mengubah program dalam satu bahasa ke bahasa lain yang dipahami oleh komputer.;70;56;69
5;Apa yang dimaksud dengan compiler dalam konteks bahasa pemrograman?;Compiler adalah suatu program dalam komputer yang mampu mengubah kode dengan bahasa pemograman tinggi ataupun rendah menjadi bahasa mesin sehingga komputer bisa dengan mudah menjalankan perintah yang dibuat oleh developer.;70;70;71
6;Apa yang dimaksud dengan struktur data dan mengapa penting dalam pengembangan perangkat lunak?;struktur data adalah cara mengorganisir suatu data sehingga lebih efisien dan memepermudah algoritma;85;70;81
6;Apa yang dimaksud dengan struktur data dan mengapa penting dalam pengembangan perangkat lunak?;Struktur data merupakan suatu konsep yang membahas mengenai algoritma data meliputi bentuk dan cara penggunaannya. Hal ini penting bagi pengembangan perangkat lunak karena software membutuhkan berbagai tipe struktur data;70;40;73,5
6;Apa yang dimaksud dengan struktur data dan mengapa penting dalam pengembangan perangkat lunak?;Struktur data adalah cara menyusun, menyimpan, dan mengatur data dalam komputer agar dapat diakses dan diolah secara efisien, sangat penting dalam pengembangan perangkat lunak karena memungkinkan program untuk bekerja lebih cepat dan efisien. ;90;80;95
6;Apa yang dimaksud dengan struktur data dan mengapa penting dalam pengembangan perangkat lunak?;Struktur data adalah cara menyimpan, mengatur, dan mengelola data agar bisa digunakan secara efisien. Dalam pengembangan perangkat lunak, struktur data penting karena mempengaruhi kecepatan dan efisiensi algoritma dalam mengakses atau memproses data. Contohnya, array cocok untuk penyimpanan berurutan, sedangkan linked list lebih fleksibel untuk manipulasi data. Memilih struktur data yang tepat membantu meningkatkan performa aplikasi dan menghemat penggunaan sumber daya.;85;100;83,25
6;Apa yang dimaksud dengan struktur data dan mengapa penting dalam pengembangan perangkat lunak?;cara menyusun, menyimpan, dan mengatur data dalam komputer agar dapat diakses, diolah, dan dimanipulasi secara efisien;85;80;81,75
6;Apa yang dimaksud dengan struktur data dan mengapa penting dalam pengembangan perangkat lunak?;Struktur data merupakan jenis data (integer, char, array, string). Hal tersebut penting dalam pengembangan perangkat lunak karena struktur data merupakan basis dari algoritma.;70;70;69,25
6;Apa yang dimaksud dengan struktur data dan mengapa penting dalam pengembangan perangkat lunak?;Struktur data adalah cara mengorganisir, menyimpan, dan mengelola data agar dapat diakses dan dimodifikasi secara efisien. Dalam pengembangan perangkat lunak, struktur data penting karena mempengaruhi kinerja algoritma, penggunaan memori, dan kecepatan pemrosesan, sehingga memungkinkan program berjalan lebih optimal.;90;100;87,75
6;Apa yang dimaksud dengan struktur data dan mengapa penting dalam pengembangan perangkat lunak?;Struktur data adalah cara mengatur dan menyimpan data agar dapat diakses dan diolah secara efisien. Penting karena pemilihan struktur data yang tepat dapat meningkatkan kinerja dan memudahkan pengembangan perangkat lunak.;90;100;89,75
6;Apa yang dimaksud dengan struktur data dan mengapa penting dalam pengembangan perangkat lunak?;Struktur data mengorganisir data untuk efisiensi, mempengaruhi kinerja perangkat lunak.;80;60;75
6;Apa yang dimaksud dengan struktur data dan mengapa penting dalam pengembangan perangkat lunak?;Struktur data adalah cara untuk mengatur, menyimpan, dan mengorganisir data dalam komputer agar dapat diakses, diolah, dan dimanipulasi secara efisien, sehingga program dapat berjalan lebih cepat dan efisien. ;90;80;96,25
6;Apa yang dimaksud dengan struktur data dan mengapa penting dalam pengembangan perangkat lunak?;cara atau metode untuk menyusun, menyimpan, dan mengorganisir data dalam komputer agar dapat diakses, diolah, dan dimanipulasi secara efisien;80;80;80,75
6;Apa yang dimaksud dengan struktur data dan mengapa penting dalam pengembangan perangkat lunak?;Untuk mengatur jalannya proses dalam komputer;50;20;39,25
6;Apa yang dimaksud dengan struktur data dan mengapa penting dalam pengembangan perangkat lunak?;struktur data adalah cara-cara menyimpan data yang mengikuti beberapa aturan, seperti array, Linked list, queue, stack graph dan lain lain. Ia penting dalam pengembangan perangkat lunak karena tergantung softwarenya, struktur data yang optimal berbeda untuk komputasi yang berbeda.;70;65;74,25
6;Apa yang dimaksud dengan struktur data dan mengapa penting dalam pengembangan perangkat lunak?;Struktur data adalah cara atau metode untuk menyimpan dan mengorganisasi data dalam komputer agar dapat digunakan secara efisien. Struktur data memungkinkan kita untuk menyusun data sehingga mempermudah operasi seperti pencarian, penyisipan, penghapusan, dan pengurutan. Beberapa contoh struktur data yang umum digunakan antara lain array, linked list, stack, queue, tree, dan graph.  Struktur data penting dalam pengembangan perangkat lunak karena mempengaruhi efisiensi program dalam mengelola data. Pemilihan struktur data yang tepat dapat meningkatkan kinerja program, seperti mempercepat waktu akses atau pengolahan data. Tanpa struktur data yang baik, pengembangan perangkat lunak bisa menjadi lebih rumit dan kurang efisien, terutama dalam menangani data dalam jumlah besar atau aplikasi yang kompleks. Dengan struktur data yang tepat, pengembang dapat mengoptimalkan penggunaan memori dan waktu proses, sehingga aplikasi berjalan lebih cepat dan responsif.;90;100;88,25
6;Apa yang dimaksud dengan struktur data dan mengapa penting dalam pengembangan perangkat lunak?;tidak tahu;0;0;0
6;Apa yang dimaksud dengan struktur data dan mengapa penting dalam pengembangan perangkat lunak?;Struktur data adalah cara mengatur, menyimpan, dan mengelola data dalam komputer. Struktur data penting dalam pengembangan perangkat lunak karena dapat meningkatkan kinerja dan efisiensi program. ;90;80;84,75
6;Apa yang dimaksud dengan struktur data dan mengapa penting dalam pengembangan perangkat lunak?;Struktur data adalah cara mengatur, menyimpan, dan mengelola data dalam komputer. Struktur data penting dalam pengembangan perangkat lunak karena dapat meningkatkan kinerja program. Struktur data penting karena Memungkinkan pengelolaan data dengan baik Mempercepat kinerja program Membantu memahami hubungan antara data Memudahkan mencari dan memanipulasi data.;85;90;84,25
6;Apa yang dimaksud dengan struktur data dan mengapa penting dalam pengembangan perangkat lunak?;struktur data merupakan struktur untuk mengatur atau menyusun data. Hal ini penting untuk efisiensi penyimpanan;70;70;73
6;Apa yang dimaksud dengan struktur data dan mengapa penting dalam pengembangan perangkat lunak?;cara mengatur penyimpanan data;50;50;42,5
6;Apa yang dimaksud dengan struktur data dan mengapa penting dalam pengembangan perangkat lunak?;struktur data adalah metode untuk menyimpan, menyusun dan mengatur data agar dapat digunakan secara efisien. Hal tersebut penting dalam pengembangan perangkat lunak karena perangkat lunak memerlukan pengelolaan data yang baik dan kinerja program yang cepat serta efisien dalam memproses informasi;75;80;83,5
6;Apa yang dimaksud dengan struktur data dan mengapa penting dalam pengembangan perangkat lunak?;Dari namanya yaitu struktur data dimana tempat untuk mengorganize data2 yang disimpan agar mudah diakses dan diolah;70;50;67
6;Apa yang dimaksud dengan struktur data dan mengapa penting dalam pengembangan perangkat lunak?;Struktur data itu cara mengatur suatu data dalam komputer kenapa penting untuk dikembangkan karena semakin canggih struktur data semakin cepat komputer untuk menjalankan suatu aplikasi atau tugas;60;55;58
6;Apa yang dimaksud dengan struktur data dan mengapa penting dalam pengembangan perangkat lunak?;struktur data adalah cara menyusun, menyimpan dan mengatur data dalam perangkat lunak agar dapat diakses dan diolah secara efisien. Struktur data penting karena mempengaruhi efisensi dan kompleksitas kode.;90;75;83,75
6;Apa yang dimaksud dengan struktur data dan mengapa penting dalam pengembangan perangkat lunak?;proses pengarsipan data sehingga dapat mengelola nya dengan efisien ;70;55;64
6;Apa yang dimaksud dengan struktur data dan mengapa penting dalam pengembangan perangkat lunak?;Struktur data adalah metode untuk mengatur, menyimpan, dan mengelola data dalam sistem komputer agar dapat diakses dan dimodifikasi secara efisien. Dalam pengembangan perangkat lunak, pemilihan struktur data yang tepat sangat penting karena memengaruhi efisiensi algoritma dan kinerja program secara keseluruhan.;90;80;86,5
6;Apa yang dimaksud dengan struktur data dan mengapa penting dalam pengembangan perangkat lunak?;Struktur data adalah cara menyimpan, mengatur, dan mengelola data secara efisien agar dapat digunakan secara optimal dalam program komputer. Struktur data digunakan untuk mempermudah akses, pemrosesan, dan manipulasi data dalam berbagai aplikasi pemrograman.;85;75;86,5
6;Apa yang dimaksud dengan struktur data dan mengapa penting dalam pengembangan perangkat lunak?;Dikutip dari asisten lab digileb DTE UI 2024/2025. Brian hendrianto, struktur data adalah cara menyusun,meyimpan dan mengorganisir data.;70;65;69,25
6;Apa yang dimaksud dengan struktur data dan mengapa penting dalam pengembangan perangkat lunak?;struktur data adalah suatu algoritma pemograman yang mengatur penyusunan data secara teratur. penting karena memungkinkan pengelolaan data yang efisien dan meningkatkan kinerja program.;75;75;70,75
6;Apa yang dimaksud dengan struktur data dan mengapa penting dalam pengembangan perangkat lunak?;Struktur data merupakan jenis data yang tersimpan secara umum dalam sebuah bahasa pemrograman yang bisa menyimpan variabel data tertentu. Contohnya adalah int dalam bahasa C, yang menyimpan sebuah variabel integer atau bilangan bulat;60;40;57,5
6;Apa yang dimaksud dengan struktur data dan mengapa penting dalam pengembangan perangkat lunak?;cara untuk menyimpan, mengatur, dan organisir data agar dapat diakses diolah dan diprosses oleh komputer secara lebih baik dan efisien ;85;65;77,75
6;Apa yang dimaksud dengan struktur data dan mengapa penting dalam pengembangan perangkat lunak?;Struktur data adalah sebuah fungsi main dari sebuah codingan untuk kerja komputer ;50;20;46
6;Apa yang dimaksud dengan struktur data dan mengapa penting dalam pengembangan perangkat lunak?;Struktur data adalah cara penyimpanan, pengorganisasian, dan pengelolaan data dalam komputer agar dapat diakses dan dimodifikasi secara efisien. Struktur data menentukan bagaimana data disusun dan bagaimana operasi terhadap data dapat dilakukan dengan optimal. Mengapa penting karena efisiensi algoritma, penggunaan memori yang optimal, kemudahan dalam pengelolaan data, penyelesaian masalah yang kompleks, skalabilitas aplikasi;85;100;90
6;Apa yang dimaksud dengan struktur data dan mengapa penting dalam pengembangan perangkat lunak?;struktur data adalah cara untuk menyusun, menyimpan data dengan efisien dan cepat agar mudah diakses serta menghemat memori pada komputer.;85;85;87
6;Apa yang dimaksud dengan struktur data dan mengapa penting dalam pengembangan perangkat lunak?;Struktur data sangatlah penting agar suatu perangkat lunak bisa mengolah data dengan benar. Contohnya adalah string, integer, dan char. String berguna untuk menyimpan dalam bentuk alphabet (tidak bisa dihitung). Integrr berguna untuk menyimpan data dalam bentuk angka (bisa dihitung). Char berguna untuk menyimpan satu alphabet atau amgka;70;60;66,5
6;Apa yang dimaksud dengan struktur data dan mengapa penting dalam pengembangan perangkat lunak?;Struktur data adalah metode dalam menyompan suatu data Dan mengkordinirnya sehingga me jadi lebih rapih Dan dapat diakses lebih mudah, selain itu, Hal ini juga meningkatkan efesiensi proses data;75;70;79
6;Apa yang dimaksud dengan struktur data dan mengapa penting dalam pengembangan perangkat lunak?;Struktur data adalah teknik menyimpan, mengatur, dan mengelola suatu data yang ada di komputer.  Struktur data berperan penting agar kinerja komputer bisa lebih efektif dan efisien.;80;65;88,25
6;Apa yang dimaksud dengan struktur data dan mengapa penting dalam pengembangan perangkat lunak?;Cara komputer/progam mengatur, menyimpan, dan mengorganisir data. Struktur data yang baik meningkatkan efisiensi, fleksibilitas, dan kode yang lebih simple;85;70;83,5
6;Apa yang dimaksud dengan struktur data dan mengapa penting dalam pengembangan perangkat lunak?;struktur data merupakan cara mengatur dan menyimpan data di komputer sehingga dapat diakses dan diolah. Penting karena dapat membantu mengembangkan program;85;60;84,25
6;Apa yang dimaksud dengan struktur data dan mengapa penting dalam pengembangan perangkat lunak?;Struktur data adalah cara untuk menyusun data. Struktur data memberikan kita cara yang relatif mudah untuk implementasi ide kita dalam bentuk program.;75;56;75,75
6;Apa yang dimaksud dengan struktur data dan mengapa penting dalam pengembangan perangkat lunak?;Struktur data merupakan cara sekumpulan data disusun. Struktur data penting dalam pengembangan perangkat lunak karena perangkat lunak akan menjalankan suatu program dengan lebih baik dengan struktur data tertentu.;85;65;83,75
6;Apa yang dimaksud dengan struktur data dan mengapa penting dalam pengembangan perangkat lunak?;Struktur data adalah cara untuk menyusun, menyimpan, dan mengatur data dalam komputer agar dapat diakses dan diolah dengan efisien. Struktur data sangat penting dalam pengembangan perangkat lunak, hal ini karena program akan bisa jalan lebih cepat dan efisien;90;80;89,5
6;Apa yang dimaksud dengan struktur data dan mengapa penting dalam pengembangan perangkat lunak?;Struktur data adalah bentuk dalam menyusun data dalam pemrograman. Contohnya adalah linked list, stack, dan queue. Struktur data ini berguna untuk berbagai macam kebutuhan. Masing-masing mempunyai kelebihan dan kekurangan. Struktur bahasa sangat penting dalam perangkat lunak, buktinya banyak sekali program yang mengimplementasikan struktur data yang berbeda-beda. Struktur data ini dapat mengelola memori sesuai kebutuhan;75;60;71
6;Apa yang dimaksud dengan struktur data dan mengapa penting dalam pengembangan perangkat lunak?;Struktur data adalah struktur yang berisi banyak data dari berbagai tipe yang digabungkan. Struktur data berfungsi untuk membantu menyimpan data, mengubah data, dan lain lain dengan lebih efisien;75;56;69
6;Apa yang dimaksud dengan struktur data dan mengapa penting dalam pengembangan perangkat lunak?;Struktur data adalah cara penyimpanan, pengorganisasian, dan pengelolaan data agar dapat digunakan secara efisien. Dalam pengembangan perangkat lunak, struktur data digunakan untuk menyusun dan memproses data dengan cara yang optimal sesuai dengan kebutuhan program.;85;70;90,75
6;Apa yang dimaksud dengan struktur data dan mengapa penting dalam pengembangan perangkat lunak?;Struktur data adalah suatu cara penyimpanan, organisasi, dan pengelolaan data dalam komputer agar dapat dijalankan secara efektif dan efisien.;75;65;73,25
6;Apa yang dimaksud dengan struktur data dan mengapa penting dalam pengembangan perangkat lunak?;Struktur data merupakan suatu cara dalam menyimpan, mengelola,  dan mengatur data yang ada dalam komputer sehingga nantinya dapat digunakan dengan efisien. Nantinya data yang ada akan terorganisir dengan baik.;75;65;74,75
6;Apa yang dimaksud dengan struktur data dan mengapa penting dalam pengembangan perangkat lunak?;Struktur data adalah cara mengorganisir dan menyimpan data agar dapat diakses serta dikelola secara efisien. Struktur data penting dalam pengembangan perangkat lunak karena mempengaruhi kinerja algoritma, efisiensi penyimpanan, dan kecepatan pemrosesan data.;90;90;88,5
6;Apa yang dimaksud dengan struktur data dan mengapa penting dalam pengembangan perangkat lunak?;Struktur data adalah cara komputer menyimpan data secara efisien;80;56;84
6;Apa yang dimaksud dengan struktur data dan mengapa penting dalam pengembangan perangkat lunak?;cara menyusun, menyimpan, dan mengatur data dalam komputer agar dapat diakses, diolah, dan dimanipulasi secara efisien, yang sangat penting dalam pengembangan perangkat lunak karena memengaruhi kinerja dan efisiensi algoritma;90;70;95,25
6;Apa yang dimaksud dengan struktur data dan mengapa penting dalam pengembangan perangkat lunak?;struktur data penting untuk menyimpan lebih banyak data dalam sewaktu, sejalan dengan perkembangan, data yang perlu di simpan pun akan semakin banyak;75;50;64,5
6;Apa yang dimaksud dengan struktur data dan mengapa penting dalam pengembangan perangkat lunak?;Struktur data adalah cara penyimpanan dan pengorganisasian data agar dapat diakses dan dikelola secara efisien. Dalam pengembangan perangkat lunak, struktur data penting karena mempengaruhi kinerja program, memungkinkan pengolahan data yang lebih cepat, serta mendukung implementasi algoritma yang optimal.;85;85;87
6;Apa yang dimaksud dengan struktur data dan mengapa penting dalam pengembangan perangkat lunak?;Struktur data adalah cara penyimpanan, pengorganisasian, dan pengelolaan data agar dapat digunakan secara efisien. Struktur data penting dalam pengembangan perangkat lunak karena mempengaruhi kinerja program dalam hal pencarian, penyimpanan, dan manipulasi data.;85;75;89,75
6;Apa yang dimaksud dengan struktur data dan mengapa penting dalam pengembangan perangkat lunak?;Struktur data dipakai untuk memudahkan pengaksesan data yang jumlahnya banyak;50;56;41,75
6;Apa yang dimaksud dengan struktur data dan mengapa penting dalam pengembangan perangkat lunak?;Struktur data adalah cara mengorganisir, menyimpan, dan mengelola data agar dapat digunakan secara efisien. Dalam pengembangan perangkat lunak, struktur data sangat penting karena mempengaruhi kinerja program dalam hal kecepatan pencarian, penyimpanan, dan pengelolaan data. Struktur data yang baik memungkinkan program berjalan lebih cepat dan menggunakan sumber daya secara optimal. Beberapa contoh struktur data yang umum digunakan adalah array, linked list, stack, queue, tree, dan graph. Pemilihan struktur data yang tepat sangat bergantung pada jenis masalah yang ingin diselesaikan dan bagaimana data tersebut akan diakses dan dimanipulasi.;85;100;82
6;Apa yang dimaksud dengan struktur data dan mengapa penting dalam pengembangan perangkat lunak?;Struktur data adalah cara mengatur data dalam komputer agar dapat diakses, diolah, dan dimanipulasi secara efisien.;85;65;77,25
6;Apa yang dimaksud dengan struktur data dan mengapa penting dalam pengembangan perangkat lunak?;-;0;0;0
6;Apa yang dimaksud dengan struktur data dan mengapa penting dalam pengembangan perangkat lunak?;Struktur data memungkinkan kite mengorganisir/mengatur data untuk dimodifikasi atau rekayasa dengan cara yang kita inginkan lebih mudah;75;56;65,75
6;Apa yang dimaksud dengan struktur data dan mengapa penting dalam pengembangan perangkat lunak?;Struktur data adalah cara mengorganisir, menyimpan, dan mengelola data agar dapat diakses dan diproses secara efisien. Dalam pengembangan perangkat lunak, struktur data digunakan untuk menyusun informasi sehingga dapat diolah dengan lebih optimal, baik dalam hal kecepatan pencarian, efisiensi penyimpanan, maupun kemudahan manipulasi data. Struktur data terdiri dari berbagai jenis, seperti array, linked list, stack, queue, tree, dan graph, yang masing-masing memiliki keunggulan tergantung pada jenis operasi yang dibutuhkan. Misalnya, stack digunakan untuk sistem undo/redo, queue dalam pemrosesan antrian data, dan tree dalam penyimpanan hierarkis seperti database. Pentingnya struktur data dalam pengembangan perangkat lunak terletak pada kemampuannya untuk meningkatkan efisiensi algoritma. Dengan menggunakan struktur data yang tepat, program dapat berjalan lebih cepat dan mengonsumsi sumber daya lebih sedikit. Oleh karena itu, pemahaman tentang struktur data menjadi dasar penting bagi pengembang perangkat lunak dalam membangun sistem yang handal dan optimal.;90;100;92,5
6;Apa yang dimaksud dengan struktur data dan mengapa penting dalam pengembangan perangkat lunak?;Penting agar data yang data dapat diakses secara efisien;75;56;82
6;Apa yang dimaksud dengan struktur data dan mengapa penting dalam pengembangan perangkat lunak?;tempat menyimpan data pada komputer yang dapat diubah dan dimanipulasi sesuai dengan kebutuhan;75;20;76
6;Apa yang dimaksud dengan struktur data dan mengapa penting dalam pengembangan perangkat lunak?;suatu cara untuk mengatur data ke dalam suatu variabel sehingga akan meningkatkan efisiensi program;75;40;66
6;Apa yang dimaksud dengan struktur data dan mengapa penting dalam pengembangan perangkat lunak?;Struktur data adalah cara mengorganisir, menyimpan, dan mengelola data agar dapat diakses dan dimodifikasi dengan efisien. Dalam pengembangan perangkat lunak, struktur data penting karena mempengaruhi kinerja algoritma, optimasi penggunaan memori, dan kecepatan pemrosesan data. Penggunaan struktur data yang tepat, seperti array, linked list, stack, dan tree, memungkinkan program berjalan lebih cepat dan lebih efisien dalam menangani berbagai operasi.;90;100;95
6;Apa yang dimaksud dengan struktur data dan mengapa penting dalam pengembangan perangkat lunak?;Struktur data adalah cara atau metode untuk menyusun, menyimpan, dan mengorganisir data dalam komputer agar dapat diakses, diolah, dan dimanipulasi secara efisien.;85;70;81,25
6;Apa yang dimaksud dengan struktur data dan mengapa penting dalam pengembangan perangkat lunak?;Agar data dapat disimpan dan diakses dengan lebih efisien;85;55;81
6;Apa yang dimaksud dengan struktur data dan mengapa penting dalam pengembangan perangkat lunak?;Struktur data adalah cara menyimpan dan mengatur data secara efisien dalam komputer untuk mendukung pemrosesan dan manipulasi data. Penting dalam pengembangan perangkat lunak karena mempengaruhi kinerja, efisiensi pencarian, dan pengelolaan data dalam aplikasi.;85;75;86
6;Apa yang dimaksud dengan struktur data dan mengapa penting dalam pengembangan perangkat lunak?;Struktur data adalah cara mengatur data dalam komputer agar dapat diakses, diolah, dan dimanipulasi secara efisien. Struktur data penting dalam pengembangan perangkat lunak karena dapat meningkatkan kinerja dan efisiensi program.;90;75;87,75
6;Apa yang dimaksud dengan struktur data dan mengapa penting dalam pengembangan perangkat lunak?;Struktur data adalah cara atau metode untuk menyusun, menyimpan, dan mengorganisir data dalam komputer agar dapat diakses, diolah, dan dimanipulasi secara efisien. Hal ini memungkinkan pengelolaan data dengan baik dan mempercepat kinerja program dalam pemrosesan informasi.;90;75;89,75
6;Apa yang dimaksud dengan struktur data dan mengapa penting dalam pengembangan perangkat lunak?;struktur data sangat penting untuk menyimpan data dalam komputer sehingga data menjadi terususn secara sistematis dan bersifat dinamis;70;60;67
6;Apa yang dimaksud dengan struktur data dan mengapa penting dalam pengembangan perangkat lunak?;Struktur data adalah cara mengorganisasikan, menyimpan, dan mengelola data sehingga memudahkan akses dan modifikasi. Hal ini penting dalam pengembangan perangkat lunak karena struktur data yang tepat dapat meningkatkan efisiensi program, mengoptimalkan penggunaan sumber daya, dan menyederhanakan proses pemecahan masalah.;85;85;87,75
6;Apa yang dimaksud dengan struktur data dan mengapa penting dalam pengembangan perangkat lunak?;Struktur data adalah cara penyusunan dan penyimpanan data dalam komputer agar dapat diakses dan dikelola secara efisien. Dalam pengembangan perangkat lunak, struktur data sangat penting karena memengaruhi kinerja aplikasi, memungkinkan pengolahan data yang cepat, serta membantu dalam menyelesaikan masalah kompleks seperti pencarian, pengurutan, dan pengelolaan informasi.;85;80;93
6;Apa yang dimaksud dengan struktur data dan mengapa penting dalam pengembangan perangkat lunak?;Struktur data adalah cara mengorganisir dan menyimpan data agar dapat diakses dan dimodifikasi secara efisien. Penting dalam pengembangan perangkat lunak karena mempengaruhi kinerja algoritma, penggunaan memori, dan kecepatan pemrosesan. Contohnya termasuk array, linked list, stack, queue, dan tree, yang digunakan sesuai kebutuhan aplikasi.;85;90;92
6;Apa yang dimaksud dengan struktur data dan mengapa penting dalam pengembangan perangkat lunak?;Struktur data memungkinkan komputer dan pengguna untuk menyortir dan merapikan data sesuai dengan keinginan;75;55;73,5
6;Apa yang dimaksud dengan struktur data dan mengapa penting dalam pengembangan perangkat lunak?;Struktur data adalah bentuk data tersebut disimpan;40;50;34,75
6;Apa yang dimaksud dengan struktur data dan mengapa penting dalam pengembangan perangkat lunak?;Struktur data adalah cara mengelola dan menyimpan data agar data dapat digunakan secara efisien.;85;60;86,75
6;Apa yang dimaksud dengan struktur data dan mengapa penting dalam pengembangan perangkat lunak?;Struktur data adalah salah satu cara menyimpan/mengatur data dalam komputer, dan tentunya penting untuk pengembangan perangkat lunak karena dapat meningkatkan/manipulasi data sehingga perangkat lunak lebih efisien.;85;65;79,25
6;Apa yang dimaksud dengan struktur data dan mengapa penting dalam pengembangan perangkat lunak?;Struktur data adalah cara menyimpan dan mengatur data dalam program agar dapat digunakan secara efisien.;85;60;88
6;Apa yang dimaksud dengan struktur data dan mengapa penting dalam pengembangan perangkat lunak?;struktur data adalah cara untuk menyimpan data supaya tidak terceceran;60;55;56,25
6;Apa yang dimaksud dengan struktur data dan mengapa penting dalam pengembangan perangkat lunak?;struktur data yang baik dapat mengoptimalkan suatu program dan juga membuat suatu program menjadi lebih efesien;85;56;82
6;Apa yang dimaksud dengan struktur data dan mengapa penting dalam pengembangan perangkat lunak?;Struktur data sangat penting karena mempermudah penyimpanan data dalam format - format tertentu sesuai dengan keinginan;70;55;72
6;Apa yang dimaksud dengan struktur data dan mengapa penting dalam pengembangan perangkat lunak?;Struktur data adalah cara menyimpan dan mengorganisir data secara efisien untuk mendukung akses, manipulasi, dan pemrosesan yang optimal;75;60;77,75
6;Apa yang dimaksud dengan struktur data dan mengapa penting dalam pengembangan perangkat lunak?;Cara untuk mengumpulkan data yang terorganisir agar bisa diakses dengan mudah, hal ini digunakan agar bisa mengolah dan mengembalikkan data di software.;75;56;72,75
6;Apa yang dimaksud dengan struktur data dan mengapa penting dalam pengembangan perangkat lunak?;untuk menyimpan dan memproses data secara terorganisir;70;56;70
6;Apa yang dimaksud dengan struktur data dan mengapa penting dalam pengembangan perangkat lunak?;Struktur data merupakan metode untuk mengorganisir data di komputer sehingga dapat diakses, diproses, dan dimanipulasi dengan efisien. Struktur data memainkan peran penting dalam pengembangan perangkat lunak karena dapat meningkatkan efisiensi dan kinerja program.;90;70;84,75
6;Apa yang dimaksud dengan struktur data dan mengapa penting dalam pengembangan perangkat lunak?;Struktur data adalah cara penyimpanan, pengoperasian, dan pengelolaan data agar dapat digunakan secara efisien. Hal ini penting karena memengaruhi kinerja program dan memungkinkan manipulasi data yang lebih cepat;85;70;83,5
6;Apa yang dimaksud dengan struktur data dan mengapa penting dalam pengembangan perangkat lunak?;Struktur data adalah cara menyusun dan mengatur data dalam program agar dapat digunakan secara efisien. Struktur data sangat penting dalam pemrograman karena mempengaruhi cara data disimpan, diakses, dan diproses.;85;70;84
6;Apa yang dimaksud dengan struktur data dan mengapa penting dalam pengembangan perangkat lunak?;Struktur data adalah format-format penyimpanan, pengolahan, dan memproses data yang diberi. Data struktur ini penting karena di dalam komputer kita selalu menyimpan data-data yang kita berikan ke dalam harddisk sehingga data struktur ini sangat penting.;75;56;83
6;Apa yang dimaksud dengan struktur data dan mengapa penting dalam pengembangan perangkat lunak?;Struktur data adalah cara menyimpan dan juga mengorganisir data supaya dapat diakses dan dikelola secara efisien. Struktur data penting dalam pengembangan perangkat lunak karena mempengaruhi kecepatan, efisiensi, dan skalabilitas program. Contohnya array, linked list, stack dan queue. Dengan struktur data yang tepat, algoritma dapat berjalan lebih optimal, mengurangi penggunaan memori, serta meningkatkan kinerja aplikasi secara keseluruhan.;90;100;91
6;Apa yang dimaksud dengan struktur data dan mengapa penting dalam pengembangan perangkat lunak?;Struktur data adalah kumpulan data-data yang digunakan dalam program. Hal ini penting untuk diketahui karena berpengaruh pada proses pengolahan data pada program.;85;50;87,5
6;Apa yang dimaksud dengan struktur data dan mengapa penting dalam pengembangan perangkat lunak?;Struktur data adalah cara menyusun dan menyimpan data di dalam komputer agar kita mudah mengaksesnya. Hal ini penting karena ini menjadikan efisiensi akses dan pengelolaan data, penyimpanan data pun jadi terorganisir.;75;56;76
6;Apa yang dimaksud dengan struktur data dan mengapa penting dalam pengembangan perangkat lunak?;Struktur data, dilihat dari namanya adalah sebuah cara untuk menyusun data. Struktur data digunakan untuk menyusun, mengolah, dan;75;56;71,25
6;Apa yang dimaksud dengan struktur data dan mengapa penting dalam pengembangan perangkat lunak?;Struktur data itu seperti cara mengatur dan menyimpan data agar bisa digunakan dengan efisien. Dalam pengembangan perangkat lunak, struktur data penting karena memengaruhi kecepatan dan kinerja program. Misalnya, kalau kita ingin mencari nama dalam daftar kontak, menggunakan struktur data yang tepat bisa membuat pencarian lebih cepat. Beberapa contoh struktur data yang sering dipakai adalah array, linked list, stack, queue, dan tree. Pemilihan struktur data yang tepat bisa membuat program lebih efisien dalam penggunaan memori dan waktu pemrosesan.;85;100;90,75
6;Apa yang dimaksud dengan struktur data dan mengapa penting dalam pengembangan perangkat lunak?;karena data structure esensial dalam mengolah data dan operasi yang bisa kita lakukan ke data tersebut;70;55;74,25
6;Apa yang dimaksud dengan struktur data dan mengapa penting dalam pengembangan perangkat lunak?;Struktur data adalah cara menyimpan, mengatur, dan mengelola data agar dapat diakses dan dimodifikasi dengan efisien. Struktur data penting dalam pengembangan perangkat lunak karena mempengaruhi kinerja program, termasuk kecepatan pencarian, penyisipan, dan penghapusan data. Contoh struktur data meliputi array, linked list, stack, queue, dan tree.;85;90;88
6;Apa yang dimaksud dengan struktur data dan mengapa penting dalam pengembangan perangkat lunak?;struktur data adalah suatu organisasi data yang berguna untuk menyimpan suatu data;70;56;70,5
6;Apa yang dimaksud dengan struktur data dan mengapa penting dalam pengembangan perangkat lunak?;Struktur data adalah cara menyusun dan menyimpan data agar dapat diakses dan dikelola dengan efisien. Ini penting dalam pengembangan perangkat lunak karena memengaruhi kinerja dan efektivitas pengolahan data.;90;80;90
6;Apa yang dimaksud dengan struktur data dan mengapa penting dalam pengembangan perangkat lunak?;Susunan untuk menjalankan sistematika sistem komputer;30;20;22,25
6;Apa yang dimaksud dengan struktur data dan mengapa penting dalam pengembangan perangkat lunak?;Agar kode atau fungsi bisa berjalan tanpa error dan sistematis;30;20;31,5
6;Apa yang dimaksud dengan struktur data dan mengapa penting dalam pengembangan perangkat lunak?;cara susun, simpan, dan atur data dalam komputer agar dapat diakses, dan diolah secara efisien,;75;56;79,75
6;Apa yang dimaksud dengan struktur data dan mengapa penting dalam pengembangan perangkat lunak?;Struktur data merupakan bentuk susunan untuk penyimpanan data. Struktur data penting dalam pengembangan perangkat lunak karena komputer membutuhkan struktur memori yang terorganisir dan teratur agar dapat berfungsi secara efisien dan baik;85;60;91,5
6;Apa yang dimaksud dengan struktur data dan mengapa penting dalam pengembangan perangkat lunak?;Struktur data adalah cara mengorganisir dan menyimpan data agar efisien. Ini penting untuk kinerja, kecepatan, dan efisiensi dalam pengembangan perangkat lunak.;90;65;82
6;Apa yang dimaksud dengan struktur data dan mengapa penting dalam pengembangan perangkat lunak?;Struktur data adalah cara mengatur, menyimpan, dan mengorganisir data dalam komputer. Struktur data memungkinkan data dapat diakses, , dan dimanipulasi secara efisien. penting untuk melakukan evaluasi dari penggunaan perangkat lunak;85;80;92
6;Apa yang dimaksud dengan struktur data dan mengapa penting dalam pengembangan perangkat lunak?;Struktur data adalah cara menyusun data supaya bisa diolah, diakses dan dimanipulasi secara efisien.;75;70;77
6;Apa yang dimaksud dengan struktur data dan mengapa penting dalam pengembangan perangkat lunak?;konsep penting dalam ilmu komputer yang memungkinkan penyimpanan dan pengaturan data dengan efisien. Dengan pemahaman yang baik tentang berbagai jenis struktur data, programer dapat mengembangkan algoritma yang lebih efektif dan program yang lebih kuat secara keseluruhan.;80;70;74,25
6;Apa yang dimaksud dengan struktur data dan mengapa penting dalam pengembangan perangkat lunak?;cara mengatur data dalam komputer agar dapat diakses, diolah, dan dimanipulasi secara efisien.;75;70;76,75
6;Apa yang dimaksud dengan struktur data dan mengapa penting dalam pengembangan perangkat lunak?;-;0;0;0
6;Apa yang dimaksud dengan struktur data dan mengapa penting dalam pengembangan perangkat lunak?;Struktur data digunakan untuk menyimpan dan mengolah data dan sangat penting karena berguna untuk mengolah dan menyimpan data yang ada pada komputer;85;60;89
6;Apa yang dimaksud dengan struktur data dan mengapa penting dalam pengembangan perangkat lunak?;;0;0;0
6;Apa yang dimaksud dengan struktur data dan mengapa penting dalam pengembangan perangkat lunak?;Struktur data adalah struktur untuk cara menyimpan dan mengelola data komputer dapat meningkatkan efisiensi dan mempermudah dalam pengelolaan data;85;65;76,75
6;Apa yang dimaksud dengan struktur data dan mengapa penting dalam pengembangan perangkat lunak?;Struktur data yaitu menggabungkan data agar dapat diakses, diolah, dan dimanipulasi secara efisien.;75;55;66,75
6;Apa yang dimaksud dengan struktur data dan mengapa penting dalam pengembangan perangkat lunak?;cara khusus untuk mengatur, menyimpan, dan memproses data dalam komputer agar dapat diakses dan dimanipulasi secara efisien;75;65;74,5
6;Apa yang dimaksud dengan struktur data dan mengapa penting dalam pengembangan perangkat lunak?;Struktur data adalah mengatur data. Penting karena data-data tersimpan dengan baik;75;55;71
6;Apa yang dimaksud dengan struktur data dan mengapa penting dalam pengembangan perangkat lunak?;Struktur data itu cara nyimpen dan ngatur data biar gampang dipake dan diproses. Contohnya, kalau lo punya daftar nama temen, lo bisa simpen di array, atau kalau mau nyari kontak dengan cepet, lo bisa pake hash table.;70;60;64
6;Apa yang dimaksud dengan struktur data dan mengapa penting dalam pengembangan perangkat lunak?;Struktur data merupakan cara kita menyusun atau menyimpan suatu data dalam komputer dan dapat dengan mudah diakses sehingga data tersebut dapat dengan mudah diakses dan dimanipulasi sehingga proses dapat menjadi lebih efisien;85;70;84
6;Apa yang dimaksud dengan struktur data dan mengapa penting dalam pengembangan perangkat lunak?;struktur data adalah suatu organisasi untuk menyimpan suatu data;70;56;60,25
6;Apa yang dimaksud dengan struktur data dan mengapa penting dalam pengembangan perangkat lunak?;Struktur data adalah cara mengatur data dalam komputer agar dapat diolah secara efisien dan penting karena dapat meningkatkan kinerja dan efisiensi program;85;70;87,75
6;Apa yang dimaksud dengan struktur data dan mengapa penting dalam pengembangan perangkat lunak?;Struktur data adalah cara menyimpan dan mengatur data agar mudah digunakan. Ini penting karena membuat program lebih cepat, efisien, dan bisa menangani banyak data dengan baik.;85;70;83
6;Apa yang dimaksud dengan struktur data dan mengapa penting dalam pengembangan perangkat lunak?;Metode yang digunakan untuk mengorganisir data, hal ini penting untuk mengakses secara efisien;75;65;71
6;Apa yang dimaksud dengan struktur data dan mengapa penting dalam pengembangan perangkat lunak?;Struktur data adalah cara mengorganisasi, menyimpan, dan mengelola data secara logis dalam komputer sehingga dapat digunakan secara efisien struktur data penting karena dapat mengefisien penyimpanan data penting dalam pengembangan perangkat lunak, memecah masalah secara optimal, dan meningkatkan kinerja aplikasi;85;90;83,75
6;Apa yang dimaksud dengan struktur data dan mengapa penting dalam pengembangan perangkat lunak?;Struktur Data Penting untuk Pengembangan Software karena Software atau kodingannya menggunakan Banyak Struktur data untuk mendapatkan Data secara lebih mudah dari Struktur yang sudah dibuat;80;60;73,75
6;Apa yang dimaksud dengan struktur data dan mengapa penting dalam pengembangan perangkat lunak?;Struktur data adalah cara mengorganisir dan menyimpan data agar efisien untuk diakses dan dimanipulasi. Penting dalam pengembangan perangkat lunak karena mempengaruhi kinerja, efisiensi, dan kemudahan pengelolaan data.;90;70;94
6;Apa yang dimaksud dengan struktur data dan mengapa penting dalam pengembangan perangkat lunak?;Struktur data adalah metode penyimpanan data yang dapat diakses dengan mudah oleh komputer, penting dalam pengembangan perangkat lunak karena memudahkan komputer untuk mengakses dan mengatur data.;85;65;91
6;Apa yang dimaksud dengan struktur data dan mengapa penting dalam pengembangan perangkat lunak?;-;0;0;0
6;Apa yang dimaksud dengan struktur data dan mengapa penting dalam pengembangan perangkat lunak?;Struktur data adalah cara mengatur dan mengorganisir data dalam komputer. Hal itu penting agar program bisa berjalan dengan efisiem;85;60;89
6;Apa yang dimaksud dengan struktur data dan mengapa penting dalam pengembangan perangkat lunak?;Struktur data adalah cara atau metode untuk menyusun, menyimpan, dan mengorganisir data dalam komputer agar dapat diakses, diolah, dan dimanipulasi secara efisien.;85;65;82,5
6;Apa yang dimaksud dengan struktur data dan mengapa penting dalam pengembangan perangkat lunak?;Struktur data adalah cara khusus untuk mengorganisasi, menyimpan, dan mengelola data dalam komputer sehingga dapat diakses dan dimanipulasi secara efisien. Penting karena perangkat lunak dan lain sebagainya sangat kaya akan data dan banyak hal yang harus diolah.;85;65;87,75
6;Apa yang dimaksud dengan struktur data dan mengapa penting dalam pengembangan perangkat lunak?;Struktur data adalah cara untuk menyimpan dan mengorganisir data secara efisien dalam program komputer, yang memungkinkan manipulasi data dengan cepat dan optimal. Pemilihan struktur data yang tepat penting untuk meningkatkan kinerja, menghemat memori, dan menyelesaikan masalah komputasi yang kompleks dalam pengembangan perangkat lunak.;90;100;96
6;Apa yang dimaksud dengan struktur data dan mengapa penting dalam pengembangan perangkat lunak?;Struktur data adalah cara menyimpan data dalam komputer, ini penting karena struktur data memengaruhi kinerja dan efisiensi algoritma;85;65;80,75
6;Apa yang dimaksud dengan struktur data dan mengapa penting dalam pengembangan perangkat lunak?;Struktur data adalah bagaimana sebuah data direpresentasikan, penting dalam pengembangan perangkat lunak karena jika ada kesalahan struktur data maka perangkat ada kemungkinan untuk terjadi kesalahan dalam memproses data;70;55;66
6;Apa yang dimaksud dengan struktur data dan mengapa penting dalam pengembangan perangkat lunak?;Struktur data adalah adalah cara menyimpan dan mengatur data supaya lebih rapi dan mudah digunakan ini penting karena;80;56;78
6;Apa yang dimaksud dengan struktur data dan mengapa penting dalam pengembangan perangkat lunak?;Struktur data adalah cara dari suatu data akan disimpan dalam suatu program.;70;56;75
6;Apa yang dimaksud dengan struktur data dan mengapa penting dalam pengembangan perangkat lunak?;Cara mengorganisir dan mengelola data agar dapat diakses dan dimodifikasi secara efisien. Penting karena dapat mengoptimalkan kinerja program, dan memudahkan pengelolaan dat yang kompleks sehingga menjadi lebih efisien.;85;65;89
6;Apa yang dimaksud dengan struktur data dan mengapa penting dalam pengembangan perangkat lunak?;Struktur data penting untuk memudahkan pencarian, penambahan, pengecekan, maupun penghapusan data dengan cara yang paling efisien sesuai konteks data dan penggunaanya.;70;60;68
6;Apa yang dimaksud dengan struktur data dan mengapa penting dalam pengembangan perangkat lunak?;Tidak tahu;0;0;0
6;Apa yang dimaksud dengan struktur data dan mengapa penting dalam pengembangan perangkat lunak?;Kumpulan data yang terstruktur. Penting untuk pengembangan yang lebih mudah karena datanya terstruktur;70;56;60,5
6;Apa yang dimaksud dengan struktur data dan mengapa penting dalam pengembangan perangkat lunak?;Struktur data atau data type berfungsi untuk mengelompokkan suatu data agar bisa terorganisir dengan baik, agar program bisa berjalan dengan baik;70;60;69,75
6;Apa yang dimaksud dengan struktur data dan mengapa penting dalam pengembangan perangkat lunak?;;0;0;0
6;Apa yang dimaksud dengan struktur data dan mengapa penting dalam pengembangan perangkat lunak?;Struktur data itu cara nyusun dan nyimpan data biar gampang dipakai, misalnya daftar, tumpukan, atau pohon. Penting dalam software karena bikin program lebih cepet dan hemat tempat, tergantung kebutuhan kayak nyari data atau ngatur antrian.;70;90;74,25
6;Apa yang dimaksud dengan struktur data dan mengapa penting dalam pengembangan perangkat lunak?;Struktur data adalah sebuah set penempatan data - data berukuran tertentu. Penting untuk menjaga keteraturan memori sehingga CPU akan menjalankan fungsi fetch & catch dengan baik.;70;56;76,75
6;Apa yang dimaksud dengan struktur data dan mengapa penting dalam pengembangan perangkat lunak?;Struktur data adalah cara mengatur data dalam komputer agar dapat diakses, diolah, dan dimanipulasi secara efisien. Struktur data penting dalam pengembangan perangkat lunak karena dapat meningkatkan kinerja dan efisiensi program.;90;90;97,25
6;Apa yang dimaksud dengan struktur data dan mengapa penting dalam pengembangan perangkat lunak?;Cara nyimpen dan ngatur data;60;56;54,75
6;Apa yang dimaksud dengan struktur data dan mengapa penting dalam pengembangan perangkat lunak?;Struktur data adalah cara kita menyimpan data di dalam memori, ini penting karena dalam situasi berbeda struktur data akan mempengaruhi efektifitas perangkat lunak;75;40;73
6;Apa yang dimaksud dengan struktur data dan mengapa penting dalam pengembangan perangkat lunak?;Struktur data penting karena kita harus mengklasifikasi data data yang ada;70;50;71,5
6;Apa yang dimaksud dengan struktur data dan mengapa penting dalam pengembangan perangkat lunak?;Struktur data adalah cara untuk mengatur suatu kumpulan data agar terhubung satu sama lain dan dapat terorganisir;75;56;68,75
6;Apa yang dimaksud dengan struktur data dan mengapa penting dalam pengembangan perangkat lunak?;penting karena itu yang make up a sistem;40;20;35
6;Apa yang dimaksud dengan struktur data dan mengapa penting dalam pengembangan perangkat lunak?;cara menyimpan dan mengorganisir data;85;56;80,25
6;Apa yang dimaksud dengan struktur data dan mengapa penting dalam pengembangan perangkat lunak?;Struktur data itu cara mengatur, menyusun, dan menyimpan data di komputer. Penting krn ada banyak jenis data dan pengklasifikasiannya jadi harus diatur dalam sebuah struktur agar jelas.;75;70;77
6;Apa yang dimaksud dengan struktur data dan mengapa penting dalam pengembangan perangkat lunak?;sebuah sistem database untuk menyimpan data, sangat penting agar data yang disimpan menjadi terstruktur dan teratur;70;60;63
6;Apa yang dimaksud dengan struktur data dan mengapa penting dalam pengembangan perangkat lunak?;Saya juga kurang paham apa itu struktur data, tetapi mungkin struktur data adalah bagaimana data distruktur sedemikian rupa yang memudahkan untuk mendecode data tersebut dari bentuk yang paling mudah disimpan dalam penyimpanan ke bentuk yang kita inginkan.;70;56;75,25
6;Apa yang dimaksud dengan struktur data dan mengapa penting dalam pengembangan perangkat lunak?;Struktur data merepresentasikan kumpulan data dalam pemrograman yang dikelompokkan dengan susunan tertentu, misalnya list, linked list, tree, dictionary, dsb. Struktur data penting karena memungkinkan penyimpanan dan manipulasi data oleh programmer sesuai masalah yang dihadapi.;70;85;67,25
6;Apa yang dimaksud dengan struktur data dan mengapa penting dalam pengembangan perangkat lunak?;struktur data itu cara kita ngatur data di komputer. penting banget biar komputer bisa ngolah data dengan lebih efisien.;75;70;80
6;Apa yang dimaksud dengan struktur data dan mengapa penting dalam pengembangan perangkat lunak?;Struktur data adalah bagaimana data tersebut dibuat dan diletakkan. Struktur data penting karena suatu data perlu dideklarasikan dan penggunaannya perlu secara efisien agar tidak terbuat data sampah.;70;50;72
6;Apa yang dimaksud dengan struktur data dan mengapa penting dalam pengembangan perangkat lunak?;Struktur data adalah cara bagaimana suatu data disimpan, ini penting karena dalam pengembangan software, tiap data yang akan diberikan atau disimpan punya karakteristiknya masing2 sehingga perlu pemahaman tentang struktur data yang tepat.;75;60;80
6;Apa yang dimaksud dengan struktur data dan mengapa penting dalam pengembangan perangkat lunak?;Struktur data mengorganisir data efisien, mempengaruhi kinerja dan optimasi perangkat lunak.;80;65;70,5
6;Apa yang dimaksud dengan struktur data dan mengapa penting dalam pengembangan perangkat lunak?;Struktur data adalah cara penyimpanan dan pengorganisasian data dalam komputer. Penting karena mempengaruhi efisiensi program dalam hal pencarian, penyimpanan, dan manipulasi data.;80;80;77
6;Apa yang dimaksud dengan struktur data dan mengapa penting dalam pengembangan perangkat lunak?;Struktur data adalah sebuah bentuk penyimpanan data yang bisa diakses secara optimal. Contohnya seperti linked list, graph, segment tree, trie, dan lain-lain;60;60;55,5
6;Apa yang dimaksud dengan struktur data dan mengapa penting dalam pengembangan perangkat lunak?;Struktur data adalah cara mengorganisasi dan menyimpan data agar dapat digunakan secara efisien, seperti daftar, array, atau pohon. Dalam pengembangan perangkat lunak, struktur data penting karena memengaruhi kecepatan, efisiensi, dan skalabilitas program. Pemilihan struktur data yang tepat mendukung pengelolaan data kompleks dan optimalisasi kinerja aplikasi.;85;90;86
6;Apa yang dimaksud dengan struktur data dan mengapa penting dalam pengembangan perangkat lunak?;Data structure adalah cara untuk mengatur, mengolah, dan menyimpan data secara efisien. Ini penting untuk pengenbangan perangkat lunak karena tanpa ini, data tidak ada yang bisa disimpan.;70;65;68,25
6;Apa yang dimaksud dengan struktur data dan mengapa penting dalam pengembangan perangkat lunak?;Struktur data adalah cara mengatur data dalam komputer agar dapat diakses, diolah, dan dimanipulasi secara efisien. Struktur data penting dalam pengembangan perangkat lunak karena dapat meningkatkan kinerja dan efisiensi program;90;85;92
6;Apa yang dimaksud dengan struktur data dan mengapa penting dalam pengembangan perangkat lunak?;Berfungsi untuk menyortir data agar lebih efisien;50;50;46,5
6;Apa yang dimaksud dengan struktur data dan mengapa penting dalam pengembangan perangkat lunak?;membutvperintah lebih mudah;40;0;37
6;Apa yang dimaksud dengan struktur data dan mengapa penting dalam pengembangan perangkat lunak?;struktur data adalah data type yang bisa menyimpan data data yang dimasukkan kedalam komputer untuk menjalankan program;40;50;42,75
6;Apa yang dimaksud dengan struktur data dan mengapa penting dalam pengembangan perangkat lunak?;penata data seperti arrat agar operasi bisa teroganisir;40;50;35,75
6;Apa yang dimaksud dengan struktur data dan mengapa penting dalam pengembangan perangkat lunak?;Struktur Data mengorganisir data untuk efisiensi, optimasi algoritma, dan manajemen memori dalam perangkat lunak.;80;60;81
6;Apa yang dimaksud dengan struktur data dan mengapa penting dalam pengembangan perangkat lunak?;agar program yang dibuat menjadi efisien;20;50;11,5
6;Apa yang dimaksud dengan struktur data dan mengapa penting dalam pengembangan perangkat lunak?;Cara mengorganisir dan menyimpan data secara efisien. Penting untuk optimasi kinerja dan manajemen data dalam perangkat lunak.;85;60;85
6;Apa yang dimaksud dengan struktur data dan mengapa penting dalam pengembangan perangkat lunak?;Struktur data adalah cara menyimpan dan mengorganisir data agar bisa diakses dan dikelola dengan efisien. Dalam pengembangan perangkat lunak, struktur data penting karena mempengaruhi kecepatan, efisiensi, dan skalabilitas program dalam menangani berbagai operasi seperti pencarian, penyisipan, dan penghapusan data.;90;90;90,25
6;Apa yang dimaksud dengan struktur data dan mengapa penting dalam pengembangan perangkat lunak?;Struktur data adalah cara menyimpan dan mengatur data agar dapat diakses dan dimanipulasi secara efisien;80;75;81,5
6;Apa yang dimaksud dengan struktur data dan mengapa penting dalam pengembangan perangkat lunak?;Struktur data adalah cara mengatur data dalam komputer agar dapat diakses, diolah, dan dimanipulasi secara efisien;80;75;83,75
6;Apa yang dimaksud dengan struktur data dan mengapa penting dalam pengembangan perangkat lunak?;saya tidak tahu;0;0;0
6;Apa yang dimaksud dengan struktur data dan mengapa penting dalam pengembangan perangkat lunak?;cara mengatur data dalam komputer agar dapat diakses, diolah, dan dimanipulasi secara efisien.;75;75;76,25
6;Apa yang dimaksud dengan struktur data dan mengapa penting dalam pengembangan perangkat lunak?;Struktur data adalah cara untuk menyimpan dan mengorganisasi data agar dapat diakses dan dimanipulasi dengan efisien. Dalam pengembangan perangkat lunak, struktur data penting karena mempengaruhi kecepatan dan efisiensi algoritma dalam memproses data, serta membantu pengelolaan data dalam memori dan penyimpanan secara optimal.;90;90;84
6;Apa yang dimaksud dengan struktur data dan mengapa penting dalam pengembangan perangkat lunak?;Struktur data adalah bagaimana kita menyimpan dan mengolah data, hal ini penting agar kita mudah dalam mengolah dan menggunakan kembali data-data tersebut.;75;80;72,75
6;Apa yang dimaksud dengan struktur data dan mengapa penting dalam pengembangan perangkat lunak?;Menurut saya, struktur data adalah cara penyimpanan dan pengorganisasian data dalam komputer agar dapat diakses dan dimanipulasi secara efisien. Penting dalam pengembangan perangkat lunak karena memungkinkan penanganan data yang optimal, meningkatkan performa aplikasi, dan mempermudah implementasi algoritma.;85;90;90,75
6;Apa yang dimaksud dengan struktur data dan mengapa penting dalam pengembangan perangkat lunak?;supaya logika berjalan;0;0;0
6;Apa yang dimaksud dengan struktur data dan mengapa penting dalam pengembangan perangkat lunak?;struktur data adalah penyusunan data yang terstruktur, penting karena prngembangab perangkat lunak membutuhkan data yang terstruktur dengan baik;70;60;72,75
6;Apa yang dimaksud dengan struktur data dan mengapa penting dalam pengembangan perangkat lunak?;Struktur data mengorganisir data agar efisien, penting sebab data menjadi lebih terstruktur.;70;56;73,5
6;Apa yang dimaksud dengan struktur data dan mengapa penting dalam pengembangan perangkat lunak?;kurang tahu;0;0;0
6;Apa yang dimaksud dengan struktur data dan mengapa penting dalam pengembangan perangkat lunak?;suatu sistem untuk menyimpan data pada komputer, struktur data penting karena memengaruhi berjalannya program;70;56;63,5
6;Apa yang dimaksud dengan struktur data dan mengapa penting dalam pengembangan perangkat lunak?;struktur data adalah bagaimana penyusunan data dilakukan dan alur pengolajan data. penting karena termasuk dalam seberapa efisien lajurnya data;70;60;71,75
6;Apa yang dimaksud dengan struktur data dan mengapa penting dalam pengembangan perangkat lunak?;Struktur data adalah cara mengatur data dalam komputer agar dapat diakses, diolah, dan dimanipulasi secara efisien. Struktur data penting dalam pengembangan perangkat lunak karena dapat meningkatkan kinerja dan efisiensi program. ;85;90;87,5
6;Apa yang dimaksud dengan struktur data dan mengapa penting dalam pengembangan perangkat lunak?;Struktur data adalah cara untuk mengatur, menyimpan, dan mengorganisir suatu data dalam komputer.;85;70;75,75
6;Apa yang dimaksud dengan struktur data dan mengapa penting dalam pengembangan perangkat lunak?;Struktur data adalah tipe dari sebuah data. Menjadi penting dalam pengembangan perangkat lunak agar data yang dioleh tidak tercampur.;70;60;70
6;Apa yang dimaksud dengan struktur data dan mengapa penting dalam pengembangan perangkat lunak?;Struktur data adalah cara mengatur data dalam komputer agar dapat diakses, diolah, dan dimanipulasi secara efisien. Struktur data penting dalam pengembangan perangkat lunak karena dapat meningkatkan kinerja dan efisiensi program.;90;90;91,25
6;Apa yang dimaksud dengan struktur data dan mengapa penting dalam pengembangan perangkat lunak?;cara penyimpanan dan pengorganisasian data dalam komputer agar dapat diakses dan dimanipulasi secara efisien. Struktur data penting dalam pengembangan perangkat lunak karena memengaruhi kinerja program, termasuk kecepatan pencarian, penyimpanan, dan pemrosesan data.;85;90;82
6;Apa yang dimaksud dengan struktur data dan mengapa penting dalam pengembangan perangkat lunak?;tipe data;0;40;0
6;Apa yang dimaksud dengan struktur data dan mengapa penting dalam pengembangan perangkat lunak?;Struktur data adalah cara menyimpan dan mengatur data agar dapat digunakan secara efisien. Struktur data penting dalam pengembangan perangkat lunak karena mempengaruhi efisiensi algoritma, penggunaan memori, dan kinerja program. Contoh struktur data termasuk array, linked list, stack, queue, dan tree.;85;90;85,5
6;Apa yang dimaksud dengan struktur data dan mengapa penting dalam pengembangan perangkat lunak?;Struktur data adalah cara atau metode untuk menyusun, menyimpan, dan mengorganisir data dalam komputer agar dapat diakses, diolah, dan dimanipulasi secara efisien.;85;80;86
6;Apa yang dimaksud dengan struktur data dan mengapa penting dalam pengembangan perangkat lunak?;Struktur data adalah kerangka data yang berguna untuk untuk bisa membuat kode lebih terstruktur dan penting pengembangan perangkat lunak sebagai tolak ukur;80;56;82,25
6;Apa yang dimaksud dengan struktur data dan mengapa penting dalam pengembangan perangkat lunak?;Struktur data adalah cara mengatur data dalam komputer agar dapat diakses, diolah, dan dimanipulasi secara efisien. Struktur data penting dalam pengembangan perangkat lunak karena dapat meningkatkan kinerja dan efisiensi program. ;90;90;93,75
6;Apa yang dimaksud dengan struktur data dan mengapa penting dalam pengembangan perangkat lunak?;l Struktur data adalah cara untuk menyimpan dan mengorganisasi data sehingga dapat diakses dan dimodifikasi dengan efisien. Struktur data penting dalam pengembangan software karena mempengaruhi kinerja aplikasi.;90;85;85,75
6;Apa yang dimaksud dengan struktur data dan mengapa penting dalam pengembangan perangkat lunak?;struktur data mengolah data dalam sistem komputer;70;50;72
6;Apa yang dimaksud dengan struktur data dan mengapa penting dalam pengembangan perangkat lunak?;Bisa membentuk keberlanjutan perangkat lunak dan fleksibiltas dan kemampuan perangkat lunak;60;20;61,75
6;Apa yang dimaksud dengan struktur data dan mengapa penting dalam pengembangan perangkat lunak?;Bentuk organisasi data dalam komputer, penting karena membantu efisiensi dan pemahaman;70;60;75,5
6;Apa yang dimaksud dengan struktur data dan mengapa penting dalam pengembangan perangkat lunak?;format untuk me-organisir, menyimpan, menerima data;70;56;72
6;Apa yang dimaksud dengan struktur data dan mengapa penting dalam pengembangan perangkat lunak?;Struktur data adalah cara mengorganisir, menyimpan, dan mengelola data agar dapat digunakan secara efisien dalam suatu program. Struktur data penting untuk menentukan bagaimana data disusun dalam memori dan bagaimana operasi seperti pencarian, penyisipan, dan penghapusan dilakukan.;85;60;91,25
6;Apa yang dimaksud dengan struktur data dan mengapa penting dalam pengembangan perangkat lunak?;Struktur data itu cara mengatur dan menyimpan data biar bisa diakses dan dikelola dengan efisien. Contohnya ada array, linked list, stack, queue, tree, dan graph. Pentingstruktur data yang tepat bikin program lebih cepat, hemat memori, dan lebih gampang dikembangkan. Misalnya, kalau butuh akses data cepat, pakai hash table. Kalau mau antrian, pakai queue. Jadi, pemilihan struktur data yang pas bisa bikin kode lebih optimal;80;100;87,75
6;Apa yang dimaksud dengan struktur data dan mengapa penting dalam pengembangan perangkat lunak?;Struktur data adalah cara mengatur data dalam komputer agar dapat diakses, diolah, dan dimanipulasi secara efisien. Struktur data penting dalam pengembangan perangkat lunak karena dapat meningkatkan kinerja dan efisiensi program.;90;90;84,25
6;Apa yang dimaksud dengan struktur data dan mengapa penting dalam pengembangan perangkat lunak?;Struktur penting karena jalannya sebuah sistem harus secara sistematik sehingga berjalan dengan beruntutan dan teratur.;70;40;65,5
6;Apa yang dimaksud dengan struktur data dan mengapa penting dalam pengembangan perangkat lunak?;Struktur data adalah cara menyimpan, mengorganisir, dan mengelola data dalam suatu program agar dapat diakses dan dimanipulasi secara efisien. Struktur data menentukan bagaimana data diatur dalam memori dan bagaimana operasi seperti pencarian, penyisipan, dan penghapusan dilakukan.;85;80;89,25
6;Apa yang dimaksud dengan struktur data dan mengapa penting dalam pengembangan perangkat lunak?;untuk mengelola data lebih efisien;70;20;61
6;Apa yang dimaksud dengan struktur data dan mengapa penting dalam pengembangan perangkat lunak?;Struktur data adalah cara mengatur data dalam komputer agar dapat diakses, diolah, dan dimanipulasi secara efisien. Struktur data penting dalam pengembangan perangkat lunak karena dapat meningkatkan kinerja dan efisiensi program.;90;90;95
6;Apa yang dimaksud dengan struktur data dan mengapa penting dalam pengembangan perangkat lunak?;Cara mengolah data. Penting untuk mengembangkan cara mengolah data yg lebih efisien.;60;40;65,5
6;Apa yang dimaksud dengan struktur data dan mengapa penting dalam pengembangan perangkat lunak?;Struktur data adalah cara menyimpan dan mengatur data supaya lebih efisien, penting dalam pengembangan perangkat lunak buat optimasi kinerja dan pemrosesan data.;85;75;81,25
6;Apa yang dimaksud dengan struktur data dan mengapa penting dalam pengembangan perangkat lunak?;Struktur data adalah cara untuk mengorganisir data dalam komputer;85;50;87,25
6;Apa yang dimaksud dengan struktur data dan mengapa penting dalam pengembangan perangkat lunak?;struktur data adalah cara menyimpan dan mengatur data agar dapat digunakan dengan efisien.;85;56;81
6;Apa yang dimaksud dengan struktur data dan mengapa penting dalam pengembangan perangkat lunak?;Struktur data dibutuhkan untuk kita mengelola data dengan baik;70;40;62,75
6;Apa yang dimaksud dengan struktur data dan mengapa penting dalam pengembangan perangkat lunak?;Cara mengorganisir, menyimpan, dan mengelola data agar dapat diakses dan dimanipulasi secara efisien. penting karena mempengaruhi kinerja eksekusi program;90;90;83
6;Apa yang dimaksud dengan struktur data dan mengapa penting dalam pengembangan perangkat lunak?;Struktur data adalah format khusus untuk memproses data. Struktur data penting karena terdapat banyak jenis data dengan cara pengolahan yang berbeda pula.;70;80;72
6;Apa yang dimaksud dengan struktur data dan mengapa penting dalam pengembangan perangkat lunak?;;0;0;0
6;Apa yang dimaksud dengan struktur data dan mengapa penting dalam pengembangan perangkat lunak?;Struktur data merupakan cara mengorganisir data pada komputer untuk mepermudah pemroresan data;75;75;75,25
6;Apa yang dimaksud dengan struktur data dan mengapa penting dalam pengembangan perangkat lunak?;Struktur data adalah cara untuk mengorganisir dan mengolah berbagai data. Hal ini penting dalam pengembangan perangkat lunak karena data yang akan masuk dan keluar ke dalam suatu perangkat lunak bisa sangat banyak.;75;60;77
6;Apa yang dimaksud dengan struktur data dan mengapa penting dalam pengembangan perangkat lunak?;Struktur data adalah cara mengorganisir dan menyusun data dalam sistem komputer. Hal ini penting karena struktur data menentukan bagaimana kita bisa mengelola, mengakses, mengetahui alur masuk dan keluar dari data-data yang ada;75;60;78
6;Apa yang dimaksud dengan struktur data dan mengapa penting dalam pengembangan perangkat lunak?;struktur data adalah cara untuk mengorganisir dan memanage data dengan menggunakan berbagai format agar data dapat diolah dengan efisien.;80;56;77,25
6;Apa yang dimaksud dengan struktur data dan mengapa penting dalam pengembangan perangkat lunak?;mengatur dan menyimpan data secara efisien;75;50;70,5
6;Apa yang dimaksud dengan struktur data dan mengapa penting dalam pengembangan perangkat lunak?;Saya belum belajar;0;0;0
6;Apa yang dimaksud dengan struktur data dan mengapa penting dalam pengembangan perangkat lunak?;Struktur data adalah sebuah cara dalam menyimpan atau mengumpulkan data. Penting karena operasi yang berbeda membutuhkan struktur data yang bermacam-macam untuk mempermudah;70;56;62,75
6;Apa yang dimaksud dengan struktur data dan mengapa penting dalam pengembangan perangkat lunak?;Struktur data adalah sebuah cara tata kelo data dalam perangkat Lunak. Hal ini bertujuan agar perangkat lunak dapat mengakses data tanpa harus takut datanya tidak ada atau berpindah-pindah.;70;56;76
6;Apa yang dimaksud dengan struktur data dan mengapa penting dalam pengembangan perangkat lunak?;Struktur data adalah sebuah cara untuk menyimpan data secara terstruktur. Hal tersebut penting karena struktur data dapat mempermudah pengguna mengakses data.;75;56;69,75
6;Apa yang dimaksud dengan struktur data dan mengapa penting dalam pengembangan perangkat lunak?;Struktur data adalah cara menyimpan dan mengatur data pada sistem komputer agar user ataupun developer dapat dengan mudah mencari data yang dibutuhkan. Struktur data penting dalam pengembangan perangkat lunak karena berfungsi untuk mempermudah pengembangan software maupun maintaining dari software itu sendiri.;85;90;87,5
7;Apa yang dimaksud dengan sistem operasi?;sistem operasi adalah perangkat lunak untuk mebgelola hardware dan software;75;70;77
7;Apa yang dimaksud dengan sistem operasi?;Sistem operasi merupakan perangkat lunak pada suatu device sehingga User bisa mengoperasikan device tersebut (contoh komputer) dengan lebih mudah. ;50;60;48,75
7;Apa yang dimaksud dengan sistem operasi?;Sistem operasi (OS) adalah perangkat lunak inti yang mengelola sumber daya perangkat keras dan perangkat lunak komputer, memungkinkan pengguna berinteraksi dengan komputer dan menjalankan aplikasi;90;100;94,5
7;Apa yang dimaksud dengan sistem operasi?;Sistem operasi (OS) adalah perangkat lunak yang mengelola perangkat keras dan perangkat lunak di komputer. OS bertanggung jawab untuk menjalankan program, mengatur sumber daya seperti CPU, RAM, dan penyimpanan, serta memungkinkan pengguna berinteraksi dengan komputer melalui antarmuka. Contoh OS yang umum digunakan adalah Windows, macOS, Linux, dan Android.;75;100;76
7;Apa yang dimaksud dengan sistem operasi?;perangkat lunak inti yang mengelola sumber daya perangkat keras dan perangkat lunak komputer, memungkinkan pengguna berinteraksi dengan komputer dan menjalankan aplikasi;90;100;84,75
7;Apa yang dimaksud dengan sistem operasi?;Software yang digunakan untuk mengoperasikan hardware pada komputer.;20;60;21,5
7;Apa yang dimaksud dengan sistem operasi?;Sistem operasi adalah perangkat lunak yang mengelola sumber daya perangkat keras dan menyediakan antarmuka bagi pengguna serta aplikasi untuk berinteraksi dengan komputer. Sistem operasi mengatur proses, memori, penyimpanan, dan perangkat input/output agar sistem berjalan dengan efisien.;85;100;89
7;Apa yang dimaksud dengan sistem operasi?;Sistem operasi adalah perangkat lunak inti yang mengatur sumber daya komputer dan menyediakan layanan dasar bagi program lain, seperti manajemen memori, penjadwalan proses, dan antarmuka pengguna.;85;100;88,5
7;Apa yang dimaksud dengan sistem operasi?;Jaringan komputer menghubungkan perangkat untuk berbagi data dengan protokol komunikasi.;20;20;25,75
7;Apa yang dimaksud dengan sistem operasi?;Sistem operasi adalah sistem perangkat lunak untuk memudahkan interaksi antara pengguna dengan komputer ;60;40;58
7;Apa yang dimaksud dengan sistem operasi?; perangkat lunak sistem yang mengatur sumber daya dari perangkat keras dan perangkat lunak;90;70;96,5
7;Apa yang dimaksud dengan sistem operasi?;Proses pengolahan data dalam komputer;0;20;0
7;Apa yang dimaksud dengan sistem operasi?;sistem operasi adalah sebuah perangkat lunak yang memungkinkan seorang menggunakan komputer. Sistem operasi mampu melakukan fungsi dasar dengan CPU .;85;50;86
7;Apa yang dimaksud dengan sistem operasi?;Sistem operasi (operating system) adalah perangkat lunak yang mengelola perangkat keras komputer dan menyediakan layanan dasar untuk perangkat lunak lainnya. Sistem operasi bertanggung jawab untuk mengatur sumber daya komputer, seperti CPU, memori, penyimpanan, dan perangkat input/output, serta mengatur cara aplikasi dan pengguna berinteraksi dengan perangkat keras. Contoh sistem operasi yang populer termasuk Windows, macOS, Linux, dan Android.  Sistem operasi juga menyediakan berbagai fitur, seperti manajemen file, kontrol proses, pengelolaan memori, serta pengaturan hak akses dan keamanan. Tanpa sistem operasi, perangkat keras komputer tidak akan dapat berfungsi dengan baik, dan aplikasi tidak akan dapat berjalan atau berinteraksi dengan perangkat keras secara efisien.;85;100;87,5
7;Apa yang dimaksud dengan sistem operasi?;tidak tahu;0;0;0
7;Apa yang dimaksud dengan sistem operasi?;core perangkat lunak yang menjalankan hardware sehingga pengguna bisa berinteraksi dengan gawai mereka;70;50;66,25
7;Apa yang dimaksud dengan sistem operasi?;Sistem operasi (OS) adalah perangkat lunak inti yang mengelola sumber daya perangkat keras dan perangkat lunak komputer, memungkinkan pengguna berinteraksi dengan komputer dan menjalankan aplikasi. ;90;100;91,25
7;Apa yang dimaksud dengan sistem operasi?;os merupalan perangkat lunak yang mengatur perangkat keras pada komputer;70;56;62
7;Apa yang dimaksud dengan sistem operasi?;perangkat lunak inti yang mengatur perangkat lunak lainnya maupun hardware;70;70;68,5
7;Apa yang dimaksud dengan sistem operasi?;sistem operasi atau operating system (os) adalah sistem operasi merupakan  perangkat lunak pada lapisan pertama yang ditempatkan pada memori komputer pada saat komputer dinyalakan booting;60;60;54,25
7;Apa yang dimaksud dengan sistem operasi?;Sistem operasi adalah suatu hal yang menjadi penhubung antara hardware dan software ;60;56;58
7;Apa yang dimaksud dengan sistem operasi?;Perangkat lunak yang mengatur hardware dan software;70;70;73,75
7;Apa yang dimaksud dengan sistem operasi?;Perangkat lunak inti yang mengelola sumber daya perangkat keras dan lunak komputer. Sistem operasi memunginkan pengguna menjalankan aplikasi;90;80;94,5
7;Apa yang dimaksud dengan sistem operasi?;sistem operasi meruoakan sistem yang menghubungkan antara software dengan hardware;60;60;52,75
7;Apa yang dimaksud dengan sistem operasi?;Sistem operasi (Operating System atau OS) adalah perangkat lunak sistem yang mengelola sumber daya perangkat keras dan perangkat lunak pada komputer, serta menyediakan layanan inti bagi program-program aplikasi. OS berfungsi sebagai perantara antara pengguna dan perangkat keras komputer, memungkinkan interaksi yang efisien dan terstruktur. Tanpa sistem operasi, pengguna tidak dapat menjalankan program aplikasi pada komputer mereka.;85;100;89,75
7;Apa yang dimaksud dengan sistem operasi?;Sistem operasi (Operating System/OS) adalah perangkat lunak yang mengelola perangkat keras komputer dan menyediakan layanan bagi program aplikasi. OS bertindak sebagai perantara antara pengguna dan perangkat keras komputer, memastikan semua komponen bekerja secara efisien dan terkoordinasi.;80;85;88,5
7;Apa yang dimaksud dengan sistem operasi?;Sistem oprasi adalah sebuah perangkat lunak digunakan untuk menjalankan komponen hardware;70;60;65
7;Apa yang dimaksud dengan sistem operasi?;sistem operasi adalah adalah perangkat lunak yang secara langsung berinteraksi dengan perangkat keras. maka dari itu, sebagian sistem operasi disusun dengan bahasa pemograman yang mempunyai utilitas tinggi terhadap pengendalian hardware seperti memori dan lain lain. bahasa itu biasanya adalah c.;70;56;70,75
7;Apa yang dimaksud dengan sistem operasi?;Sistem operasi merupakan sebuah layanan dalam komputer yang me-manage dan menghubungkan software dan hardware agar bisa digunakan oleh user;70;70;75
7;Apa yang dimaksud dengan sistem operasi?;sistem operasi adalah software yang mengatur hardware dari komputer secara langsung;60;60;62,75
7;Apa yang dimaksud dengan sistem operasi?;Sistem informasi adalah sebuah sistem kompleks yang sudah jadi untuk menjalankan sebuah devais komputer (seperti windows dll);65;40;60
7;Apa yang dimaksud dengan sistem operasi?;Sistem operasi (Operating System/OS) adalah perangkat lunak yang mengelola perangkat keras komputer dan menyediakan layanan bagi program aplikasi. OS berfungsi sebagai perantara antara pengguna dan perangkat keras, memungkinkan pengguna menjalankan program dan mengontrol sumber daya komputer.;85;100;83,25
7;Apa yang dimaksud dengan sistem operasi?;perangkat lunak sistem yang mengatur sumber daya dari hardware dan software.;80;70;79,5
7;Apa yang dimaksud dengan sistem operasi?;Sistem operasi adalah sistem untuk mengoperasikan suatu tugas agar bisa dikerjakan oleh komputer;60;50;61
7;Apa yang dimaksud dengan sistem operasi?;Sistem operasi adalah perangkat lunak inti yang memperoses hardware Dan software lainya sehingga dapat digunakkkan oleh user;70;70;71,5
7;Apa yang dimaksud dengan sistem operasi?;Sistem operasi adalah perangkat lunak inti yang mengatur sumber daya hardware dan software komputer, sehingga memungkinkan pengguna untuk berinteraksi dengan komputer dan menjalankan suatu program.;80;70;75
7;Apa yang dimaksud dengan sistem operasi?;perangkat lunak inti yang mengelola sumber daya perangkat keras dan perangkat lunak;85;70;81
7;Apa yang dimaksud dengan sistem operasi?;Perangkat lunak yang mengatur hardware dan software komputer;80;70;81,25
7;Apa yang dimaksud dengan sistem operasi?;Sistem operasi adalah rangkaian perangkat lunak yang menjalankan dan menterjemahkan instruksi komputer ke bahasa manusia.;70;40;77
7;Apa yang dimaksud dengan sistem operasi?;Sistem operasi merupakan kumpulan program yang memberi fungsionalitas kepada komputer agar dapat digunakan oleh pengguna maupun pengembangnya.;70;55;67,5
7;Apa yang dimaksud dengan sistem operasi?;Sistem operasi adalah perangkat lunak utama yang mengatur dan mengendalikan seluruh fungsi dalam sebuah komputer atau perangkat elektronik. Ia berperan sebagai penghubung antara perangkat keras (seperti prosesor, memori, dan penyimpanan) dengan perangkat lunak (aplikasi dan program);80;75;76
7;Apa yang dimaksud dengan sistem operasi?;Sistem operasi adalah dasar dari berjalannya komputer. Sistem operasi yang ada adalah seperti Linux, MacOS, dan Windows. Sistem operasi ini mempunyai kelebihan dan kekurangannya masing-masing. Sistem operasi digunakan sesuai kebutuhan pengguna. ;70;40;66,5
7;Apa yang dimaksud dengan sistem operasi?;Sistem operasi adalah perangkat yang mengatur perangkat keras. Sistem operasi mengendalikan semua perangkat lain did alam komputer sehingga bisa berjalan dengan baik. Sistem operasi juga yang membantu mengoperasikan komputer sehingga kita bisa membuka aplikasi. ;75;60;83,75
7;Apa yang dimaksud dengan sistem operasi?;Sistem operasi (Operating System/OS) adalah perangkat lunak utama yang mengelola perangkat keras komputer dan menyediakan layanan bagi perangkat lunak lainnya. OS bertindak sebagai perantara antara pengguna dan perangkat keras komputer, memastikan bahwa berbagai program dapat berjalan dengan lancar dan efisien.;80;100;80,5
7;Apa yang dimaksud dengan sistem operasi?;Sistem operasi adalah suatu perangkat lunak utama yang mengelola keseluruhan perangkat keras dan menyediakan layanam untuk berbagai program aplikasi.;80;80;80,5
7;Apa yang dimaksud dengan sistem operasi?;Sistem operasi merupakan perangkat lunak yang mengelola perangkat keras sehingga dapat berinteraksi secara efisien.;75;65;70,5
7;Apa yang dimaksud dengan sistem operasi?;Sistem operasi adalah perangkat lunak yang mengelola perangkat keras komputer dan menyediakan layanan bagi program lain. Sistem operasi berfungsi sebagai perantara antara pengguna dan perangkat keras, memastikan semua komponen bekerja dengan baik.;80;90;82
7;Apa yang dimaksud dengan sistem operasi?;;0;0;0
7;Apa yang dimaksud dengan sistem operasi?;perangkat lunak yang mengatur sumber daya perangkat keras dan perangkat lunak.;80;75;83,5
7;Apa yang dimaksud dengan sistem operasi?;operating system adalah seperti windows linux;20;20;13,5
7;Apa yang dimaksud dengan sistem operasi?;Sistem operasi adalah perangkat lunak yang mengelola sumber daya komputer dan menyediakan antarmuka bagi pengguna serta aplikasi. Sistem operasi berfungsi untuk mengatur proses, memori, penyimpanan, dan perangkat keras agar komputer dapat berjalan dengan efisien.;80;80;86
7;Apa yang dimaksud dengan sistem operasi?;Sistem operasi adalah perangkat lunak yang mengelola sumber daya perangkat keras komputer dan menyediakan layanan bagi perangkat lunak aplikasi.;90;80;89
7;Apa yang dimaksud dengan sistem operasi?;Adalah algoritma yang sangat banyak, di desain untuk sebuah sistem tertentu;0;20;0
7;Apa yang dimaksud dengan sistem operasi?;Sistem operasi adalah perangkat lunak yang mengelola sumber daya perangkat keras dan perangkat lunak dalam sebuah komputer serta menyediakan layanan bagi program-program yang berjalan. Sistem operasi bertanggung jawab untuk menangani tugas-tugas penting seperti manajemen memori, pengaturan proses, kontrol perangkat input dan output, serta keamanan sistem. Selain itu, sistem operasi juga menyediakan antarmuka bagi pengguna untuk berinteraksi dengan komputer, baik melalui GUI (Graphical User Interface) maupun CLI (Command Line Interface). Contoh sistem operasi yang umum digunakan adalah Windows, macOS, Linux, dan Android.;80;100;84
7;Apa yang dimaksud dengan sistem operasi?;merupakan perangkat lunak yang mengatur sumber daya perangkat keras dan perangkat lunak.;85;70;91,25
7;Apa yang dimaksud dengan sistem operasi?;Os adalah perangkat lunak inti yang digunakan. Untuk mengelolola perangkat keras dalam komputer.;70;60;74,5
7;Apa yang dimaksud dengan sistem operasi?;Sistem operasi adalah perangkat lunak yang menghubungkan input user dengan mesin;70;55;69
7;Apa yang dimaksud dengan sistem operasi?;Sistem operasi adalah perangkat lunak yang mengelola sumber daya perangkat keras dan perangkat lunak dalam sebuah komputer, serta menyediakan antarmuka bagi pengguna untuk berinteraksi dengan sistem. Sistem operasi berfungsi sebagai perantara antara perangkat keras dan aplikasi, memastikan bahwa semua komponen komputer dapat bekerja secara efisien dan terkoordinasi. Beberapa tugas utama sistem operasi meliputi manajemen proses, yang mengatur eksekusi program dan alokasi CPU, manajemen memori untuk mengoptimalkan penggunaan RAM, manajemen penyimpanan untuk mengatur data dalam hard disk atau SSD, serta manajemen perangkat input dan output seperti keyboard, mouse, dan printer. Selain itu, sistem operasi juga bertanggung jawab atas keamanan sistem dengan mengatur izin akses dan perlindungan terhadap ancaman eksternal.;75;100;78,75
7;Apa yang dimaksud dengan sistem operasi?;Mengelola data dan menghubungkan pengguna dengan perangkat keras;70;55;62
7;Apa yang dimaksud dengan sistem operasi?;-;0;0;0
7;Apa yang dimaksud dengan sistem operasi?;sistem operasi adalah suatu oerangkat lunak yang berfungsi untuk mengelola perangkat keras dan melakukan pelayanan aplikasi;75;70;75
7;Apa yang dimaksud dengan sistem operasi?;Sistem operasi adalah perangkat lunak yang mengelola perangkat keras komputer dan menyediakan antarmuka bagi pengguna serta aplikasi. Fungsinya mencakup manajemen sumber daya, pengendalian proses, pengaturan memori, serta pengelolaan file dan perangkat input/output. Sistem operasi memungkinkan berbagai program berjalan secara bersamaan dengan efisien dan stabil.;75;100;74,25
7;Apa yang dimaksud dengan sistem operasi?;Sistem operasi (OS) adalah perangkat lunak yang mengatur sumber daya perangkat keras dan perangkat lunak.;80;80;78
7;Apa yang dimaksud dengan sistem operasi?;Perangkat lunak yang mengatur jalannya suatu mesin atau komputer;70;55;63,5
7;Apa yang dimaksud dengan sistem operasi?;Sistem operasi adalah perangkat lunak yang mengelola perangkat keras dan perangkat lunak dalam komputer, menyediakan antarmuka bagi pengguna, serta mengatur sumber daya seperti prosesor, memori, dan penyimpanan. Sistem operasi juga menangani eksekusi program, manajemen file, keamanan, serta komunikasi antara perangkat keras dan aplikasi. Contoh sistem operasi yang umum digunakan adalah Windows, macOS, Linux, dan Android. Tanpa sistem operasi, komputer tidak dapat berfungsi secara efektif karena tidak ada yang mengatur interaksi antara pengguna, aplikasi, dan perangkat keras.;80;100;74,5
7;Apa yang dimaksud dengan sistem operasi?;Sistem operasi (OS) adalah perangkat lunak yang mengatur sumber daya perangkat keras dan perangkat lunak. OS juga berfungsi sebagai penghubung antara perangkat keras dan perangkat lunak;80;90;77,25
7;Apa yang dimaksud dengan sistem operasi?;"Sistem operasi (bahasa Inggris: operating system; disingkat OS) adalah perangkat lunak sistem yang mengatur sumber daya dari perangkat keras dan perangkat lunak, serta sebagai daemon untuk program komputer.";80;80;74,75
7;Apa yang dimaksud dengan sistem operasi?;siatem operasi merupakan sistem yang mengoperasikan suatu program dalam komputer;50;20;43,75
7;Apa yang dimaksud dengan sistem operasi?;Sistem operasi adalah perangkat lunak yang mengatur dan mengelola semua perangkat keras dan sumber daya dalam komputer, serta menyediakan antarmuka agar pengguna dan aplikasi dapat berinteraksi dengan sistem.;80;80;88
7;Apa yang dimaksud dengan sistem operasi?;Sistem operasi adalah perangkat lunak utama yang mengelola perangkat keras komputer dan menyediakan antarmuka bagi pengguna serta aplikasi untuk berinteraksi dengan sistem. Fungsi utamanya meliputi pengelolaan memori, proses, penyimpanan, dan perangkat input/output. Sistem operasi penting karena memungkinkan berbagai program berjalan secara efisien dan menyediakan lingkungan kerja yang stabil.;75;100;77,25
7;Apa yang dimaksud dengan sistem operasi?;Sistem operasi adalah perangkat lunak yang mengelola perangkat keras dan sumber daya komputer, serta menyediakan layanan bagi program aplikasi. Berfungsi sebagai perantara antara pengguna dan hardware, sistem operasi menangani manajemen memori, proses, file, serta keamanan. Contoh umum: Windows, Linux, macOS, dan Android.;80;100;75
7;Apa yang dimaksud dengan sistem operasi?;Sistem/software yang mengoperasikan komputer itu sendiri, sebagai bridge bagi pengguna, program, dan komputer itu sendiri;50;70;47,25
7;Apa yang dimaksud dengan sistem operasi?;OS adalah software inti yang mengelola hardware komputer dan melayani program-program lain.;60;70;55,75
7;Apa yang dimaksud dengan sistem operasi?;Perangkat lunak agar seseorang dapat menggunakan perangkat keras sebagaimana fungsinya.;70;60;67,25
7;Apa yang dimaksud dengan sistem operasi?;Sistem operasi atau OS adalah sebuah sistem dasar yang membolehkan seseorang untuk menjalankan banyak tugas di sebuah komputer.;75;50;70,25
7;Apa yang dimaksud dengan sistem operasi?;perangkat lunak utama yang mengatur dan mengelola perangkat keras serta perangkat lunak di komputer.;80;70;80,5
7;Apa yang dimaksud dengan sistem operasi?;sistem operasi adalah sistem yang di gunakan untuk melakukan sebuah perhitungan;60;20;65
7;Apa yang dimaksud dengan sistem operasi?;OS adalah suatu perangkat yang membuat kita sebagai pengguna memungkinkan dalam berinteraksi dengan perangkat” hardware;70;55;74,75
7;Apa yang dimaksud dengan sistem operasi?;Sistem Operasi adalah sistem dasar yang memberikan pengguna User Interface sehingga komputer lebih mudah untuk diakses dan digunakan, serta memberi fungsi - fungsi agar komputer lebih mudah penggunaannya;80;50;76
7;Apa yang dimaksud dengan sistem operasi?;;0;0;0
7;Apa yang dimaksud dengan sistem operasi?;Sistem operasi adalah software yang saat di boot mengatur segala jenis program dan aplikasi yang berada di komputer untuk user.;60;56;63,25
7;Apa yang dimaksud dengan sistem operasi?;perangkat lunak yang mengelola software dan hardware dalam komputer, contohnya windows;70;60;64
7;Apa yang dimaksud dengan sistem operasi?;Sistem operasi (OS) merupakan perangkat lunak yang mengelola sumber daya perangkat keras dan perangkat lunak. OS juga berperan sebagai jembatan antara hardware software.;80;70;74,25
7;Apa yang dimaksud dengan sistem operasi?;Sebuah software yang mengelola hardware komputer dan menyediakan layanan untuk software lainnya;70;70;71,5
7;Apa yang dimaksud dengan sistem operasi?;OS (Operating System) atau sistem operasi adalah perangkat lunak yang mengelola perangkat keras komputer dan menyediakan layanan bagi program aplikasi agar dapat berjalan. OS bertindak sebagai perantara antara pengguna dan perangkat keras komputer.;80;90;75,5
7;Apa yang dimaksud dengan sistem operasi?;Sistem operasi adalah software yang paling penting dalam suatu komputer yang bertujuan untuk memproses semua komunikasi yang kita berikan ke software dan hardware;60;56;63
7;Apa yang dimaksud dengan sistem operasi?;Sistem operasi adalah perangkat lunak yang mengelola perangkat keras dan perangkat lunak komputer, serta menyediakan antarmuka bagi pengguna. Fungsinya mencakup manajemen proses, memori, penyimpanan, dan perangkat input/output. Contoh sistem operasi adalah Windows, Linux, macOS, dan Android.;80;85;80,75
7;Apa yang dimaksud dengan sistem operasi?;Sistem operasi adalah perangakat lunak yang memungkinkan user untuk mengakses seluruh sistem pada komputer.;60;50;65,5
7;Apa yang dimaksud dengan sistem operasi?;Sistem operasi adalah perangkat lunak yang mengelola perangkat keras komputer serta menyediakan layanan dasar untuk program-program aplikasi.;85;70;82
7;Apa yang dimaksud dengan sistem operasi?;Sistem operasi adalah sebuah perangkat lunak yang menjadi inti sebuah sistem komputer. Sistem operasi digunakan untuk menjalankan sistem komputer dan memungkinkan pengguna untuk berinteraksi dengan komputer;70;70;71,5
7;Apa yang dimaksud dengan sistem operasi?;Sistem operasi adalah perangkat lunak utama yang mengatur dan mengelola semua fungsi dasar komputer. Ia berperan sebagai perantara antara pengguna dan perangkat keras, sehingga pengguna tidak perlu mengerti seluk-beluk teknis dari hardware. Sistem operasi mengatur memori, mengelola proses, menyimpan data, dan menyediakan antarmuka agar aplikasi dapat berjalan dengan lancar. Dengan kata lain, sistem operasi memastikan semua komponen komputer bekerja bersama-sama secara efisien;80;100;86,75
7;Apa yang dimaksud dengan sistem operasi?;sistem operasi;0;0;0
7;Apa yang dimaksud dengan sistem operasi?;Sistem operasi adalah perangkat lunak yang mengelola perangkat keras komputer dan menyediakan layanan bagi perangkat lunak aplikasi. Sistem operasi bertanggung jawab atas manajemen memori, proses, file, dan perangkat input/output. Contoh sistem operasi meliputi Windows, macOS, Linux, dan Android.;80;80;85
7;Apa yang dimaksud dengan sistem operasi?;sistem operasi adalah suatu sistem yang harus dimiliki suatu komputer agak komputer tersebut bisa berjalan;60;50;61,5
7;Apa yang dimaksud dengan sistem operasi?;Sistem operasi adalah perangkat lunak yang mengelola hardware, mengatur proses, dan menyediakan antarmuka bagi pengguna untuk menjalankan aplikasi.;80;80;80,25
7;Apa yang dimaksud dengan sistem operasi?;Pengguna menjalankan sistem komputer;0;0;0
7;Apa yang dimaksud dengan sistem operasi?;Sistem yang me managar hardware;20;40;17,75
7;Apa yang dimaksud dengan sistem operasi?;Mengelola hardware software;40;56;40,75
7;Apa yang dimaksud dengan sistem operasi?;Sistem operasi merupakan jenis perangkat lunak yang merupakan penghubung antara perangkat keras dengan perangkat lunak yang lain. Sistem operasi dibutuhkan agar komputer dapat menyala dan berfungsi dengan baik;70;56;72,5
7;Apa yang dimaksud dengan sistem operasi?;Sistem operasi adalah perangkat lunak yang mengelola perangkat keras dan perangkat lunak komputer, serta menyediakan sebuah interface untuk menjalankan program.;80;70;73,75
7;Apa yang dimaksud dengan sistem operasi?;Sistem operasi (operating system/OS) adalah perangkat lunak inti yang mengelola sumber daya perangkat keras dan perangkat lunak, memungkinkan pengguna berinteraksi dengan komputer dan menjalankan program aplikasi.;80;95;85,75
7;Apa yang dimaksud dengan sistem operasi?;Sistem Operasi adalah suatu sistem yang mengelola sumberdaya perangkat keras, yang memungkinkan pengguna menjalankan aplikasi.;75;85;79,25
7;Apa yang dimaksud dengan sistem operasi?;Sistem operasi adalah perangkat lunak yang dapat mengelola perangkat keras dan pernagkat lunak;80;60;75
7;Apa yang dimaksud dengan sistem operasi?;menghubungkan perangkat komputer melalui node, seperti modem, hub, switch, atau peralatan terminal data;20;20;11,75
7;Apa yang dimaksud dengan sistem operasi?;-;0;0;0
7;Apa yang dimaksud dengan sistem operasi?;Jadi sistem operasi adalah pernagkat lunak yang digunakan untuk mengelola perangkat keras dan perangkat lunak;75;60;79,5
7;Apa yang dimaksud dengan sistem operasi?;;0;0;0
7;Apa yang dimaksud dengan sistem operasi?;Sistem operasi adalah suatu sistem yang mengelola perangkat keras dan perangkat lunak komputer;80;60;78,5
7;Apa yang dimaksud dengan sistem operasi?;Sistem operasi di mana ia mengelola sumber daya perangkat keras;75;60;64
7;Apa yang dimaksud dengan sistem operasi?;perangkat lunak yang mengatur perangkat keras dan perangkat lunak komputer.;80;60;73
7;Apa yang dimaksud dengan sistem operasi?;Sistem yang menjalankan sebuah perangkat elektronik;50;40;44,5
7;Apa yang dimaksud dengan sistem operasi?;Sistem operasi itu kayak otak yang ngatur kerjaan komputer. Dia yang ngatur semua hardware, jalannya program, dan komunikasi antara user sama komputer. Contohnya Windows, macOS, atau Linux.;70;95;65
7;Apa yang dimaksud dengan sistem operasi?;Sistem yang mengatur sember daya perangkat keras dan perangkat lunak komputer, yang juga menyediakan layanan umum untuk program komputer;80;70;74,75
7;Apa yang dimaksud dengan sistem operasi?;sistem operasi adalah suatu sistem yang harus dimiliki komputer;30;20;34,75
7;Apa yang dimaksud dengan sistem operasi?;Sistem operasi dalah sistem perangkat lunak inti yang mengatur sumber daya perangkat lunak dan perangkat keras;80;60;72
7;Apa yang dimaksud dengan sistem operasi?;Sistem operasi itu otaknya komputer, yang ngatur semua aplikasi dan perangkat;70;70;68
7;Apa yang dimaksud dengan sistem operasi?;Software yang berguna mengatur Hardware dan Software lainnya;60;70;60,5
7;Apa yang dimaksud dengan sistem operasi?;Sistem operasi (Operating System, OS) adalah perangkat lunak sistem yang bertindak sebagai penghubung antara perangkat keras komputer dan perangkat lunak aplikasi.;80;70;83,75
7;Apa yang dimaksud dengan sistem operasi?;.;0;0;0
7;Apa yang dimaksud dengan sistem operasi?;Sistem operasi adalah perangkat lunak yang mengelola perangkat keras komputer dan menyediakan layanan dasar untuk aplikasi, memungkinkan pengguna dan program berinteraksi dengan perangkat keras.;90;95;89,5
7;Apa yang dimaksud dengan sistem operasi?;Sistem operasi (operating system/OS) adalah perangkat lunak inti yang mengelola sumber daya perangkat keras dan perangkat lunak, memungkinkan pengguna berinteraksi dengan komputer dan menjalankan program aplikasi;85;100;81,5
7;Apa yang dimaksud dengan sistem operasi?;-;0;0;0
7;Apa yang dimaksud dengan sistem operasi?;Sistem operasi seperti perantara agar pengguna bisa berinteraksi dengan perangkat keras dan lunak;70;56;72,75
7;Apa yang dimaksud dengan sistem operasi?;perangkat lunak sistem yang mengatur sumber daya dari perangkat keras dan perangkat lunak, serta sebagai daemon untuk program komputer.;80;70;86
7;Apa yang dimaksud dengan sistem operasi?;-;0;0;0
7;Apa yang dimaksud dengan sistem operasi?;-;0;0;0
7;Apa yang dimaksud dengan sistem operasi?;Sistem operasi adalah perngkat yang nengellola sumber days software dan hardware komputer.;65;65;57,25
7;Apa yang dimaksud dengan sistem operasi?;Sistem yang menjalankan operasional pada perangkat;70;56;72,75
7;Apa yang dimaksud dengan sistem operasi?;Sistem operasi adalah sistem yang bekerja pada suatu komputer contohnya ada windows, macos, linux dan sebagainya;65;50;61
7;Apa yang dimaksud dengan sistem operasi?;Sistem operasi adalah bagian dasar atau fundamental dari komputer yang memberikan akses kepada program lainnya untuk dijalankan di atasnya. Dalam sistem operasi memiliki bagian kernel dan utillity lainnya untuk memungkinkan komputer dapat berjalan.;75;56;76
7;Apa yang dimaksud dengan sistem operasi?;Perangkat lunak yang menyediakan antar muka atau tampilan antara pengguna dan perangkat keras.;70;60;66,5
7;Apa yang dimaksud dengan sistem operasi?;Sistem operasi adalah sistem mana yang digunakan untuk menjalankan sebuah komputer yang kompatibel, sistem operasi yang berbeda mampu dan tidak mampu menjalankan aplikasi yang berbeda.;65;50;63
7;Apa yang dimaksud dengan sistem operasi?;Belum tahu detailnya, yang diketahubyabg memungkinkan komputer untuk menjalankan operasi;60;56;57,75
7;Apa yang dimaksud dengan sistem operasi?;Sistem perangkat lunak seperti ios, one ui, miui,dll;50;56;47,5
7;Apa yang dimaksud dengan sistem operasi?;Sistem operasi adalah perangkat lunak dalam sebuah perangkat keras, di mana ia berfungsi untuk mengendalikan atau menggunakan perangkat keras itu;70;60;70,25
7;Apa yang dimaksud dengan sistem operasi?;Dasar atau wadah untuk menjalankan program-program pada komputer;70;56;66,5
7;Apa yang dimaksud dengan sistem operasi?;Sistem operasi itu software utama yang ngatur semua kerjaan komputer, kayak Windows atau Linux. Dia yang jadi jembatan antara hardware sama pengguna, ngatur file, aplikasi, sama resource biar semuanya jalan mulus.;50;70;54,5
7;Apa yang dimaksud dengan sistem operasi?;Sistem operasi adalah set yang digunakan oleh users dengan environment tertentu sesuai ciri khas build in (e.g windows,Linux).;50;20;44,25
7;Apa yang dimaksud dengan sistem operasi?;Sistem operasi (OS) adalah perangkat lunak yang mengatur aktivitas komputer dan menghubungkan perangkat keras dengan perangkat lunak. OS merupakan inti dari komputer dan memungkinkan pengguna berinteraksi dengan komputer.;70;65;71,5
7;Apa yang dimaksud dengan sistem operasi?;Program utama yang ngatur semua Hal di komputer Kaya software gt;30;50;24,25
7;Apa yang dimaksud dengan sistem operasi?;Sistem operasi adalah sistem yang menghubungkan antara mesin dan tampilan pengguna untuk mempermudah pengguna menggunakan hardware yang dimiliki;50;40;54,5
7;Apa yang dimaksud dengan sistem operasi?;Suatu sistem perangkat lunak yang berfungsi untuk mengatur jalannya komputer;60;56;63,75
7;Apa yang dimaksud dengan sistem operasi?;Sistem operasi adalah program yang menjadi penghubung antara komputer dengan user;50;50;39
7;Apa yang dimaksud dengan sistem operasi?;yang dipake komputer;0;0;0
7;Apa yang dimaksud dengan sistem operasi?;software yang mengelola hardware;50;50;45,25
7;Apa yang dimaksud dengan sistem operasi?;Sistem operasi itu sistem softwate yg mengatur sistem suatu device baik software nya atau hardwarenya. Semacam windows, ios, android dll;60;56;64
7;Apa yang dimaksud dengan sistem operasi?;sebuah sistem software yang dapat mengontrol dan mengatur perangkat keras sekaligus operasi dasar dalam sistem komputer;75;60;70,25
7;Apa yang dimaksud dengan sistem operasi?;Sistem Operasi adalah lapisan yang mengatur pengaturan data dan file, sistem BIOS dan microcode semua dapat langsung digunakan oleh pengguna dengan mudah, bagaikan bagaimana mesin mobil diotomatiskan dan pengemudi tidak harus mengendalikan semua bagian mobil secara manual.;70;60;67,25
7;Apa yang dimaksud dengan sistem operasi?;Sistem operasi adalah program yang bertugas untuk menghubungkan program-program dengan hardware dari sebuah komputer. Contoh sistem operasi adalah Windows, MacOS, dan Linux.;65;60;61
7;Apa yang dimaksud dengan sistem operasi?;sistem operasi itu software yang ngatur semua hardware dan software di komputer, jadi kita bisa make komputer dengan mudah.;60;60;54,75
7;Apa yang dimaksud dengan sistem operasi?;Sistem operasi adalah suatu sistem yang menjalankan dan mengoperasikan suatu instruksi yang akan dijalankan komputer.;70;50;72
7;Apa yang dimaksud dengan sistem operasi?;Sistem operasi adalah software yang bisa berinteraksi langsung dengan hardware;60;50;54
7;Apa yang dimaksud dengan sistem operasi?;Sistem operasi mengelola perangkat keras, perangkat lunak, dan sumber daya komputer.;80;65;86
7;Apa yang dimaksud dengan sistem operasi?;Sistem operasi adalah perangkat lunak yang mengelola perangkat keras dan perangkat lunak komputer, menyediakan antarmuka bagi pengguna, serta menjalankan aplikasi dan layanan sistem.;80;70;80
7;Apa yang dimaksud dengan sistem operasi?;Untuk mengatur dan mengontrol perangkat keras;60;56;56
7;Apa yang dimaksud dengan sistem operasi?;Sistem operasi adalah perangkat lunak yang mengelola sumber daya komputer, seperti prosesor, memori, dan penyimpanan. Ini menyediakan interface antara pengguna dan perangkat keras, memungkinkan eksekusi program, pengelolaan file, dan komunikasi perangkat. Contohnya Windows, Linux, dan macOS. Tanpa sistem operasi, komputer tidak dapat berfungsi secara efektif.;70;80;76
7;Apa yang dimaksud dengan sistem operasi?;Sebagai sistem default untuk menjalankan suatu komputer.;60;50;52
7;Apa yang dimaksud dengan sistem operasi?;Sistem operasi (OS) adalah perangkat lunak yang mengatur aktivitas komputer dan menghubungkan perangkat keras dengan perangkat lunak;80;60;80,5
7;Apa yang dimaksud dengan sistem operasi?;Sistem operasi berfungsi untuk memudahkan user dengan bahasa mesin;0;20;0
7;Apa yang dimaksud dengan sistem operasi?;perangjat lunaknyang mengelola sumber daya komputer;60;60;48,75
7;Apa yang dimaksud dengan sistem operasi?;sistem operasi adalah kumpulan command yang digunakan komputer menjadi sebuah sistem yang terstruktur untuk menjalankan program dari user;60;56;61,5
7;Apa yang dimaksud dengan sistem operasi?;ngatur semua kerja hardware dan software, sekaligus jadi jembatan antara pengguna dengan komputer.;50;60;47
7;Apa yang dimaksud dengan sistem operasi?;Sistem Operasi adalah perangkat lunak yang mengelola perangkat keras dan perangkat lunak komputer, serta menyediakan antarmuka bagi pengguna untuk menjalankan program seperti Windows, Linux, macOS, Android.;80;65;86,75
7;Apa yang dimaksud dengan sistem operasi?;sistem yang mengatur jalannya sistem pada komputer;50;50;55
7;Apa yang dimaksud dengan sistem operasi?;Perangkat lunak yang mengelola sumber daya hardware dan menyediakan layanan untuk aplikas;80;65;81
7;Apa yang dimaksud dengan sistem operasi?;Sistem operasi adalah perangkat lunak yang mengelola perangkat keras dan sumber daya komputer, serta menyediakan antarmuka bagi pengguna dan aplikasi. OS penting karena mengatur proses, memori, penyimpanan, dan perangkat input/output, sehingga memungkinkan berbagai program berjalan dengan efisien dan stabil.;75;80;72,25
7;Apa yang dimaksud dengan sistem operasi?;perangkat lunak yang mengelola perangkat keras komputer. sebagai perantara antara user dan komputer;75;65;75,25
7;Apa yang dimaksud dengan sistem operasi?;Sistem operasi komputer adalah perangkat lunak yang bertanggung jawab untuk mengelola sumber daya komputer, seperti perangkat keras dan perangkat lunak;80;60;86,25
7;Apa yang dimaksud dengan sistem operasi?;saya tidak tahu;0;0;0
7;Apa yang dimaksud dengan sistem operasi?;perangkat lunak yang mengatur aktivitas komputer dan menghubungkan perangkat keras dengan perangkat lunak;80;65;70,75
7;Apa yang dimaksud dengan sistem operasi?;Sistem operasi adalah perangkat lunak yang mengatur dan mengelola perangkat keras serta sumber daya perangkat lunak pada komputer. Ia menyediakan antarmuka antara pengguna dan perangkat keras, mengelola proses, memori, file, dan perangkat input/output, serta memastikan bahwa berbagai aplikasi dapat berjalan dengan lancar dan efisien.;80;90;87,25
7;Apa yang dimaksud dengan sistem operasi?;Sistem operasi adalah firmware atau software mesin yang digunakan mesin untuk berkomunikasi dengan komponen-komponen;60;40;58
7;Apa yang dimaksud dengan sistem operasi?;Menurut saya, sistem operasi membuat komputer berjalan dengan mengatur dan mengkoordinasikan semua proses dan perangkat yang ada.;60;56;54
7;Apa yang dimaksud dengan sistem operasi?;banyak program yang berjalan;0;0;0
7;Apa yang dimaksud dengan sistem operasi?;sistem yang mengoperasikan algoritma atau fungsi yang ada di komputer;60;50;52,5
7;Apa yang dimaksud dengan sistem operasi?;Sistem operasi merupakan perangkat leras, lunak, dan sumber daya komputer.;80;20;71,5
7;Apa yang dimaksud dengan sistem operasi?;suatu pengontrol utama pc;0;40;0
7;Apa yang dimaksud dengan sistem operasi?;penghubung antara perangkat lunak dengan perangkat keras, contohnya microsoft;70;40;68,75
7;Apa yang dimaksud dengan sistem operasi?;suatu sistem yang mengolah segala pengerjaan komputer;40;20;36,75
7;Apa yang dimaksud dengan sistem operasi?;perangkat lunak yang mengatur aktivitas komputer dan menghubungkan perangkat keras dengan perangkat lunak. OS merupakan inti dari komputer dan memungkinkan pengguna berinteraksi dengan komputer. ;70;65;70
7;Apa yang dimaksud dengan sistem operasi?;Sistem operasi adalah suatu software yang digunakan untuk mengatur hardware maupun software dalam komputer. Selain itu sistem operasi berfungsi sebagai interface user untuk mengakses komputer.;75;60;80,5
7;Apa yang dimaksud dengan sistem operasi?;Sistem operasi merupakan sistem untuk menjalankan fungsi dasar komputer;75;56;74,75
7;Apa yang dimaksud dengan sistem operasi?;Sistem operasi (OS) adalah perangkat lunak yang mengatur aktivitas komputer dan menghubungkan perangkat keras dengan perangkat lunak. OS merupakan inti dari komputer dan memungkinkan pengguna berinteraksi dengan komputer.;70;75;79
7;Apa yang dimaksud dengan sistem operasi?;;0;0;0
7;Apa yang dimaksud dengan sistem operasi?;sistem operasi berperan sebagai penengah antara perangkat keras komputer dengan perangkat lunak;70;40;70
7;Apa yang dimaksud dengan sistem operasi?;Sistem operasi adalah perangkat lunak yang mengelola perangkat keras komputer dan menyediakan layanan bagi program aplikasi. Sistem operasi bertanggung jawab atas manajemen sumber daya seperti CPU, memori, penyimpanan, dan perangkat input/output. Contoh sistem operasi meliputi Windows, macOS, Linux, dan Android.;80;90;81
7;Apa yang dimaksud dengan sistem operasi?;Struktur data adalah cara atau metode untuk menyusun, menyimpan, dan mengorganisir data dalam komputer agar dapat diakses, diolah, dan dimanipulasi secara efisien.;60;0;63,25
7;Apa yang dimaksud dengan sistem operasi?;Sistem operasi adalah fungsi dari program komputer yang akan dijalankan pada komputer;70;0;72,5
7;Apa yang dimaksud dengan sistem operasi?;Sistem operasi (OS) adalah perangkat lunak yang mengatur aktivitas komputer dan menghubungkan perangkat keras dengan perangkat lunak. OS merupakan inti dari komputer dan memungkinkan pengguna berinteraksi dengan komputer.  Fungsi sistem operasi  Mengatur aktivitas komputer Memastikan semua komponen bekerja secara harmonis Mengelola sumber daya komputer Mengontrol semua aktivitas yang dilakukan komputer Mengelola semua program aplikasi lain di dalam komputer Menjadi wadah untuk aplikasi Mengkoordinasikan semua perangkat yang saling terhubung pada gadget dalam waktu yang bersamaan Cara kerja sistem operasi Melakukan inisialisasi untuk mempersiapkan komponen perangkat keras dan lunak yang terhubung ketika komputer dinyalakan  Mengelola semua program aplikasi lain di dalam komputer  Mengontrol eksekusi dari program user dan operasi input  Penggunaannya Pengguna dapat berinteraksi langsung dengan sistem operasi melalui antarmuka pengguna (UI), seperti antarmuka baris perintah (CLI) atau antarmuka pengguna grafis (GUI). ;70;100;77
7;Apa yang dimaksud dengan sistem operasi?;Sistem operasi adalah perangkat lunak yang mengelola perangkat keras komputer dan menyediakan layanan untuk program aplikasi.;85;70;83
7;Apa yang dimaksud dengan sistem operasi?;sistem operasi adalah sebuah sistem software yang mengandalkan segala hal dalam komputer;60;56;57,75
7;Apa yang dimaksud dengan sistem operasi?;Sistem operasi adalah software yang menghubungkan komputer dengan manusia;60;50;59,5
7;Apa yang dimaksud dengan sistem operasi?;Sistem dasar yang menjadi basis kerja komputer;70;56;68,5
7;Apa yang dimaksud dengan sistem operasi?;sistem operasi atau operating system (OS) yg menghubungkan perangkat lunak dan perangkat keras;70;56;68,75
7;Apa yang dimaksud dengan sistem operasi?;program yang mengatur hardware dan software pada komputer;60;56;63
7;Apa yang dimaksud dengan sistem operasi?;"Sistem operasi (OS) itu kayak ""otak"" yang ngatur semua perangkat keras dan perangkat lunak di komputer atau HP. Dia yang ngatur proses, memori, file, dan komunikasi antar program biar semuanya jalan lancar. Contohnya Windows, macOS, Linux, atau Android. Tanpa OS, komputer cuma jadi tumpukan hardware yang nggak bisa dipake.";70;85;75,25
7;Apa yang dimaksud dengan sistem operasi?;Sistem operasi (OS) adalah perangkat lunak yang mengatur aktivitas komputer dan menghubungkan perangkat keras dengan perangkat lunak. OS merupakan inti dari komputer dan memungkinkan pengguna berinteraksi dengan komputer.;75;80;81
7;Apa yang dimaksud dengan sistem operasi?;Sistem operasi adalah suatu dasar sistem dari sebuah perangkat;80;40;82
7;Apa yang dimaksud dengan sistem operasi?;program yang menjembatani interaksi antara mesin dangan manusia;50;50;38,5
7;Apa yang dimaksud dengan sistem operasi?;software untuk mengelola hardware;50;50;52,5
7;Apa yang dimaksud dengan sistem operasi?;Sistem operasi adalah perangkat lunak (software) yang dapat melakukan tugas mengontrol dan mengatur perangkat keras sekaligus operasi dasar sistem lainnya dan juga bisa untuk menjalankan program aplikasi;80;80;83,25
7;Apa yang dimaksud dengan sistem operasi?;Sistem yang mengatur aktivitas di komputer.;50;50;43,5
7;Apa yang dimaksud dengan sistem operasi?;Sistem operasi merupakan software utama yang ngatur kerja komputer, dari jalankan program sampai kelola hardware.;70;60;69
7;Apa yang dimaksud dengan sistem operasi?;Perangkat lunak yang mengatur aktivitas komputer dan menguhubungkan dengan perangkat keras dengan perangkat lunak;75;60;74,5
7;Apa yang dimaksud dengan sistem operasi?;sistem operasi adalah perangkat lunak inti yang mengelola perangkat keras komputer.;80;56;69,5
7;Apa yang dimaksud dengan sistem operasi?;Sistem utama dari software untuk mengelola semua sistem hardware dan software komputer;70;56;69,25
7;Apa yang dimaksud dengan sistem operasi?;perangkat lunak yang mengelola perangkat keras komputer;70;56;72,5
7;Apa yang dimaksud dengan sistem operasi?;Sistem operasi adalah sistem perangkat lunak yang mengatur dan menghubungkan perangkat lunak dan keras.;80;56;75
7;Apa yang dimaksud dengan sistem operasi?;Sistem operasi merupakan suatu Software yang berguna untuk mengoperasikan keseluruhan fungsi komputer.;70;56;69,25
7;Apa yang dimaksud dengan sistem operasi?;Perangkat lunak dalam menjalankan hardware;70;56;68
7;Apa yang dimaksud dengan sistem operasi?;Sistem operasi adalah penghubung antara perangkat lunak dan keras.;70;56;74,25
7;Apa yang dimaksud dengan sistem operasi?;Sistem Operasi adalah sistem pengatur komputer dan yang menghubungkan perangkat lunak dan keras;70;60;59,75
7;Apa yang dimaksud dengan sistem operasi?;sistem operasi adalah sistem dalam komputer yang memudahkan pengguna berinteraksi dengan komputer;70;50;70,5
7;Apa yang dimaksud dengan sistem operasi?;sebagai perantara antara perangkat keras dengan pernangkat lunak;70;56;72
7;Apa yang dimaksud dengan sistem operasi?;Saya belum belajar, tapi seingat saya, sistem operasi itu seperti Windows, Linux, macOS.;50;40;43,25
7;Apa yang dimaksud dengan sistem operasi?;Sistem operasi adalah penghubung antara hardware dan aplikasi yang kita gunakan;70;56;72,25
7;Apa yang dimaksud dengan sistem operasi?;Sistem operasi adalah sekumpulan kode perangkat lunak yang memungkinkan manusia untuk melakukan operasi-operasi di dalamnya.;70;50;77
7;Apa yang dimaksud dengan sistem operasi?;Sistem operasi merupakan sebuah software yang mengatur dan mengontrol jalannya aplikasi serta dasar sistem lainnya.;75;60;73,25
7;Apa yang dimaksud dengan sistem operasi?;Sistem operasi adalah sistem yang dimiliki secara bawaan oleh sebuah komputer agar komputer bisa berjalan dengan normal.;60;50;62,25
8;Bagaimana prinsip dasar jaringan komputer bekerja?;jaringan komputer bekerja dengan menghubungkan masing masing perangkat melalui kabel atau nirkabel, biasanya menggunakan protokol tertentu;90;70;95
8;Bagaimana prinsip dasar jaringan komputer bekerja?;Tidak tahu;0;0;0
8;Bagaimana prinsip dasar jaringan komputer bekerja?;Prinsip dasar jaringan komputer adalah menghubungkan perangkat (node) melalui media fisik atau nirkabel, memungkinkan komunikasi dan berbagi sumber daya berdasarkan protokol yang disepakati;90;100;84,25
8;Bagaimana prinsip dasar jaringan komputer bekerja?;Prinsip dasar jaringan komputer adalah menghubungkan beberapa perangkat agar bisa saling bertukar data dan berbagi sumber daya. Jaringan bekerja dengan menggunakan protokol komunikasi seperti TCP/IP untuk mengatur bagaimana data dikirim dan diterima. Data dikirim dalam bentuk paket melalui media seperti kabel atau nirkabel. Setiap perangkat dalam jaringan memiliki alamat unik (IP Address) agar bisa dikenali. Komponen utama jaringan meliputi router untuk mengarahkan lalu lintas data, switch untuk menghubungkan perangkat dalam jaringan lokal, dan server untuk menyimpan serta mengelola data.;90;100;97
8;Bagaimana prinsip dasar jaringan komputer bekerja?;menghubungkan perangkat (node) melalui media fisik atau nirkabel, memungkinkan komunikasi dan berbagi sumber daya dengan mengikuti protokol tertentu. ;90;100;89
8;Bagaimana prinsip dasar jaringan komputer bekerja?;Tidak tahu.;0;0;0
8;Bagaimana prinsip dasar jaringan komputer bekerja?;Prinsip dasar jaringan komputer bekerja dengan menghubungkan dua atau lebih perangkat untuk bertukar data melalui media transmisi, seperti kabel atau nirkabel. Jaringan menggunakan protokol komunikasi, seperti TCP/IP, untuk mengatur pengiriman, penerimaan, dan integritas data, memastikan perangkat dapat berkomunikasi dengan efisien.;90;99;94,75
8;Bagaimana prinsip dasar jaringan komputer bekerja?;Prinsip dasar jaringan komputer melibatkan pengiriman data melalui media transmisi (kabel atau nirkabel) menggunakan protokol komunikasi, sehingga berbagai perangkat dapat saling berbagi informasi dan sumber daya.;90;100;96,5
8;Bagaimana prinsip dasar jaringan komputer bekerja?;Jaringan komputer bekerja dengan mentransmisikan data antar perangkat menggunakan protokol komunikasi.;80;80;80,25
8;Bagaimana prinsip dasar jaringan komputer bekerja?;Jaringan komputer bekerja dengan menggunakan alamat IP, dengan alamat tersebut maka pertukaran data dapat terjadi.;50;60;51
8;Bagaimana prinsip dasar jaringan komputer bekerja?;Komunikasi 2 arah antara penerima dan pengirim informasi;70;50;72,5
8;Bagaimana prinsip dasar jaringan komputer bekerja?;Menghubungkan beberapa bagian komputer untuk melakukan proses pengolahan dan penyimpanan dalam komputer;60;20;58
8;Bagaimana prinsip dasar jaringan komputer bekerja?;Komputer berkomunikasi satu sama lain melalui berbagai protokol, dan firewall menentukan koneksi apa yang diizinkan ;80;60;82
8;Bagaimana prinsip dasar jaringan komputer bekerja?;Prinsip dasar jaringan komputer bekerja dengan menghubungkan berbagai perangkat (seperti komputer, printer, atau server) melalui media komunikasi, seperti kabel atau nirkabel, untuk memungkinkan mereka saling bertukar data dan informasi. Jaringan komputer memungkinkan perangkat-perangkat tersebut untuk berbagi sumber daya, seperti file, aplikasi, dan perangkat keras, serta berkomunikasi satu sama lain.  Beberapa prinsip dasar yang mendasari cara jaringan komputer bekerja antara lain:  Protokol Jaringan: Protokol adalah aturan atau standar yang digunakan untuk mengatur cara perangkat dalam jaringan berkomunikasi. Protokol yang paling umum digunakan adalah TCP/IP, yang mengatur pengiriman data dalam bentuk paket dan memastikan data sampai dengan benar dari pengirim ke penerima. Alamat IP: Setiap perangkat dalam jaringan memiliki alamat unik yang disebut alamat IP (Internet Protocol). Alamat ini digunakan untuk mengidentifikasi dan mengarahkan data ke perangkat yang tepat. Topologi Jaringan: Topologi adalah cara perangkat-perangkat dalam jaringan diatur dan terhubung satu sama lain. Beberapa contoh topologi jaringan adalah star, bus, dan ring. Media Transmisi: Jaringan memerlukan media fisik atau nirkabel untuk mentransmisikan data. Media ini bisa berupa kabel tembaga, serat optik, atau sinyal radio dalam jaringan nirkabel (Wi-Fi). Perangkat Jaringan: Untuk menghubungkan perangkat-perangkat dalam jaringan, digunakan perangkat seperti router, switch, dan hub. Router mengarahkan data antar jaringan, sementara switch menghubungkan perangkat dalam satu jaringan lokal. Dengan prinsip-prinsip dasar ini, jaringan komputer memungkinkan komunikasi dan pertukaran data antar perangkat secara efisien.;90;100;93,75
8;Bagaimana prinsip dasar jaringan komputer bekerja?;tidak tahu;0;0;0
8;Bagaimana prinsip dasar jaringan komputer bekerja?;karena terjadi komunikasi sevara dua arah antara pengirim dan penerima;60;50;52,25
8;Bagaimana prinsip dasar jaringan komputer bekerja?;Jaringan komputer berkerja dengan menghubungkan node seperti komputer, router, dan switch menggunakan kabel, optik fiber, atau sinyal nirkabel. ;70;56;71
8;Bagaimana prinsip dasar jaringan komputer bekerja?;jaringan komputer bekerja dgn menyambungkan komputer dalam satu node;60;56;54,5
8;Bagaimana prinsip dasar jaringan komputer bekerja?;menghubungkan perangkat² melalui node;50;56;44,75
8;Bagaimana prinsip dasar jaringan komputer bekerja?;Jaringan komputer bekerja dengan menghubungkan perangkat satu sama lain melalui node, seperti modem, komputer, menggunakan kabel dll;70;56;73,5
8;Bagaimana prinsip dasar jaringan komputer bekerja?;Prinsip dasarnya yaitu komunikasi dua arah dimana ada yang saling mengirimkan data;50;56;52,25
8;Bagaimana prinsip dasar jaringan komputer bekerja?;Jaringan berfungsi untuk menghubungkan beberapa perangkat sehingga bisa berkomunikasi;70;56;62,5
8;Bagaimana prinsip dasar jaringan komputer bekerja?;dengan menghubungkan perangkat melalui media transmisi (kabel/nirkabel), memungkinkan pertukaran data, berbagi sumber daya, dan berkomunikasi antar perangkat;90;70;94,25
8;Bagaimana prinsip dasar jaringan komputer bekerja?;prinsip dasarnya adalah adanya komunikasi dua arah antara pemberi dan penerima informasi;60;56;60
8;Bagaimana prinsip dasar jaringan komputer bekerja?;Prinsip dasar jaringan komputer melibatkan interkoneksi antara dua atau lebih perangkat komputasi untuk memungkinkan transmisi dan pertukaran informasi serta sumber daya. Komunikasi dalam jaringan komputer terjadi melalui penggunaan protokol komunikasi, seperti TCP/IP, yang mengatur cara data dikirim dan diterima antar perangkat.;90;100;85,25
8;Bagaimana prinsip dasar jaringan komputer bekerja?;Jaringan komputer menggunakan protokol komunikasi untuk memastikan data dapat dikirim dan diterima dengan benar. Contoh: TCP/IP (Transmission Control Protocol/Internet Protocol) yang digunakan dalam internet.;70;70;75,75
8;Bagaimana prinsip dasar jaringan komputer bekerja?;Engga tau yang inj bu;0;0;0
8;Bagaimana prinsip dasar jaringan komputer bekerja?;untuk saling terhubung untuk komunikasi, berbagi data dan sumber daya yang semua itu dapat dilakukan melaluk kabel ataupun nirkabel.;80;70;84
8;Bagaimana prinsip dasar jaringan komputer bekerja?;Jaringan komputer merupakan komunikasi dua arah yang bisa memiliki berbagai jenis bentuk, salah satu cobtohnya adalah wireless;60;56;64,5
8;Bagaimana prinsip dasar jaringan komputer bekerja?;menghubungkan antar perangkat dengan perangkat lain melalui kabel atau tanpa kabel yang memungkinkan berkomunikasi antar perangkat baik mengirim data maupun menerima data dengan alamat pengirimannya menggunakan alamat IP;70;65;72
8;Bagaimana prinsip dasar jaringan komputer bekerja?;Dasar jaringan komputer bekerja menggunakan prinsip hard atau wireless seperti kabel LAN atau WiFi dan lain sebagainya ;60;56;59,75
8;Bagaimana prinsip dasar jaringan komputer bekerja?;Jaringan komputer adalah sistem yang menghubungkan dua atau lebih perangkat untuk berbagi data, sumber daya, dan layanan. Jaringan bekerja berdasarkan prinsip komunikasi data yang memungkinkan perangkat bertukar informasi melalui media transmisi.;90;80;87,5
8;Bagaimana prinsip dasar jaringan komputer bekerja?;yang menghubungkan komputer dengan komputer lainnya melalui suatu node ;70;56;71,5
8;Bagaimana prinsip dasar jaringan komputer bekerja?;Jaringan komputer adalah sistem yang menghubungkan dua atau lebih komputer agar bisa saling bertukar data. Cara kerjanya seperti pengiriman surat: komputer pengirim membungkus data dalam “paket”, lalu mengirimkannya lewat kabel atau gelombang (seperti WiFi). Paket itu melewati perangkat seperti router atau switch, yang mengarahkan ke tujuan. Komputer penerima membuka paket itu dan membaca isinya. Dengan jaringan, kita bisa berbagi file, chatting, browsing internet, atau main game online bareng!;70;90;69
8;Bagaimana prinsip dasar jaringan komputer bekerja?;Menghubungkan berbagai perangkat sesuai aturan protocol yang ada sehinggan memnumgki kan berkomunikasi antar pernagakt;60;60;63,25
8;Bagaimana prinsip dasar jaringan komputer bekerja?;Dengan cara menghububgkan perangkat node, seperti modem, hub ataupun switch.;60;56;57
8;Bagaimana prinsip dasar jaringan komputer bekerja?;menghubungkan sejumlah komputer melalui suatu entitas yang disebut node. Memungkinkan salingberkomunikasi dan berbagi informasi serta sumber daya. ;80;70;84,25
8;Bagaimana prinsip dasar jaringan komputer bekerja?;memungkinkan komunikasi dua arah antara pengirim dan penerima;70;56;74
8;Bagaimana prinsip dasar jaringan komputer bekerja?;Jaringan komputer menghubungkan banyak komputer untuk saling tukar data yang saling diperlukan.;60;56;63
8;Bagaimana prinsip dasar jaringan komputer bekerja?;Jaringan komputer bekerja dengan menghubungkan sejumlah perangkat keras dengan nirkabel maupun secara fisik.;60;56;56
8;Bagaimana prinsip dasar jaringan komputer bekerja?;Prinsip dasar jaringan komputer bekerja dengan cara menghubungkan dua atau lebih perangkat agar dapat saling berbagi data dan sumber daya melalui media komunikasi, seperti kabel atau nirkabel;90;70;86,75
8;Bagaimana prinsip dasar jaringan komputer bekerja?;Prinsip dasar jaringan komputer adalah transfer data dalam bentuk biner. Transfer data ini diberikan oleh mesin dan diterima oleh receiver. ;60;50;66
8;Bagaimana prinsip dasar jaringan komputer bekerja?;Komputer menerima input dari pengguna lalu mengubah input menjadi bahasa yang dimegerti komputer. Setelah itu, komputer lalu beroperasi sesuai perintah yang sudah diterjemahkan tadi;50;20;50,75
8;Bagaimana prinsip dasar jaringan komputer bekerja?;Jaringan komputer bekerja dengan menghubungkan dua atau lebih perangkat agar dapat berbagi data dan sumber daya menggunakan berbagai teknologi komunikasi.;90;56;91
8;Bagaimana prinsip dasar jaringan komputer bekerja?;Jaringan komputer adalah koneksi antara dua atau lebih perangkat komputer yang memungkinkan pertukaran data dan sumber daya.;90;56;89,75
8;Bagaimana prinsip dasar jaringan komputer bekerja?;Jaringan komputer berkerja dengan bertukar data secara efisien dengan sesama perangkat.;50;50;52,75
8;Bagaimana prinsip dasar jaringan komputer bekerja?;Jaringan komputer bekerja dengan menghubungkan perangkat agar bisa saling berbagi data dan sumber daya. Data dikirim dalam bentuk paket melalui kabel atau sinyal nirkabel, lalu diteruskan ke tujuan dengan aturan yang memastikan komunikasi berjalan lancar.;80;70;78
8;Bagaimana prinsip dasar jaringan komputer bekerja?;;0;0;0
8;Bagaimana prinsip dasar jaringan komputer bekerja?;Jaringan komputer bekerja dengan menghubungkan perangkat komputer melalui node, lalu mengikuti protokol komunikasi;80;70;78,5
8;Bagaimana prinsip dasar jaringan komputer bekerja?;tidak tahu;0;0;0
8;Bagaimana prinsip dasar jaringan komputer bekerja?;Jaringan komputer bekerja berdasarkan prinsip komunikasi data, di mana perangkat saling terhubung untuk bertukar informasi melalui media transmisi. Proses ini melibatkan protokol jaringan yang mengatur pengiriman, penerimaan, dan integritas data, memungkinkan perangkat berkomunikasi secara efisien dalam suatu sistem.;80;95;84,25
8;Bagaimana prinsip dasar jaringan komputer bekerja?;Jaringan komputer bekerja berdasarkan prinsip komunikasi data antara perangkat yang terhubung.;70;56;73,25
8;Bagaimana prinsip dasar jaringan komputer bekerja?;;0;0;0
8;Bagaimana prinsip dasar jaringan komputer bekerja?;Prinsip dasar jaringan komputer bekerja dengan menghubungkan dua atau lebih perangkat agar dapat saling berkomunikasi dan berbagi data. Jaringan ini beroperasi melalui protokol komunikasi, seperti **TCP/IP**, yang mengatur bagaimana data dikirim, diterima, dan diproses. Data yang dikirim melalui jaringan akan dibagi menjadi paket-paket kecil, dikirim melalui berbagai jalur, lalu disusun kembali di perangkat tujuan. Jaringan juga menggunakan perangkat seperti **router, switch, dan modem** untuk mengatur lalu lintas data dan memastikan koneksi tetap stabil. Dengan adanya jaringan komputer, perangkat dapat terhubung dalam skala kecil seperti **LAN (Local Area Network)** atau skala besar seperti **internet**, memungkinkan komunikasi global dan akses informasi secara cepat.;90;90;97,25
8;Bagaimana prinsip dasar jaringan komputer bekerja?;Jaringan komputer bekerja dengan menghubungkan perangkat komputer melalui node, lalu mengikuti protokol komunikasi.;80;70;73,75
8;Bagaimana prinsip dasar jaringan komputer bekerja?;Bisa dengan LAN, maupun wireless.;0;50;0
8;Bagaimana prinsip dasar jaringan komputer bekerja?;Komputer berkomunikasi satu sama lain melalui internet mengirim dan menerima data jika diberikan otorisasi yang cukup;70;50;67
8;Bagaimana prinsip dasar jaringan komputer bekerja?;Prinsip dasar jaringan komputer bekerja dengan cara menghubungkan dua atau lebih perangkat agar dapat saling berkomunikasi dan berbagi data. Jaringan ini dapat berupa jaringan lokal (LAN) yang menghubungkan perangkat dalam satu area terbatas, atau jaringan luas (WAN) seperti internet yang mencakup area lebih besar. Jaringan komputer beroperasi berdasarkan protokol komunikasi, seperti TCP/IP, yang menentukan bagaimana data dikirim, diterima, dan diinterpretasikan. Saat sebuah perangkat mengirimkan data, informasi tersebut dipecah menjadi paket-paket kecil yang dikirim melalui jalur jaringan. Paket-paket ini kemudian diterima oleh perangkat tujuan dan disusun kembali menjadi data yang utuh. Komponen utama dalam jaringan komputer meliputi perangkat keras seperti router, switch, dan modem, serta perangkat lunak yang mengelola lalu lintas data. Selain itu, jaringan dapat menggunakan media transmisi seperti kabel Ethernet, gelombang radio dalam jaringan nirkabel (Wi-Fi), atau serat optik untuk komunikasi yang lebih cepat. Prinsip dasar ini memungkinkan berbagai layanan seperti berbagi file, akses internet, komunikasi online, dan komputasi terdistribusi.;90;90;93
8;Bagaimana prinsip dasar jaringan komputer bekerja?;Two-way communication antara pengirim dan penerima;50;40;48,5
8;Bagaimana prinsip dasar jaringan komputer bekerja?;-;0;0;0
8;Bagaimana prinsip dasar jaringan komputer bekerja?;Prinsip dasarnya adalah menghubungkan komputer untuk berbagi data dan sumber daya melalui protokol komunikasi.;90;70;87,25
8;Bagaimana prinsip dasar jaringan komputer bekerja?;Jaringan komputer bekerja dengan menghubungkan beberapa perangkat untuk berbagi data dan sumber daya melalui protokol komunikasi seperti TCP/IP. Data dikirim dalam bentuk paket melalui media transmisi, seperti kabel atau nirkabel, yang diteruskan oleh perangkat jaringan seperti router dan switch. Prinsip dasar jaringan meliputi pengalamatan, routing, dan pengendalian aliran data agar komunikasi antar perangkat berlangsung efisien dan aman.;90;100;93,5
8;Bagaimana prinsip dasar jaringan komputer bekerja?;Jaringan komputer berkerja dengan menghubungkan node seperti komputer, router, dan switch menggunakan kabel, optik fiber, atau sinyal nirkabel;70;56;75
8;Bagaimana prinsip dasar jaringan komputer bekerja?;Jaringan pada komputer bekerja ketika sebuah hardware terhubung dengan suatu jaringan baik secara wired ataupun wireless;60;56;67,75
8;Bagaimana prinsip dasar jaringan komputer bekerja?;Jaringan komputer bekerja dengan menghubungkan beberapa perangkat melalui media komunikasi untuk berbagi data dan sumber daya. Prinsip dasarnya melibatkan pengiriman paket data menggunakan protokol komunikasi seperti TCP/IP, yang memastikan data dikirim dengan benar dan efisien. Setiap perangkat dalam jaringan memiliki alamat unik (IP address) untuk identifikasi. Data dikirim dalam bentuk paket yang melewati router dan switch untuk mencapai tujuan. Jaringan dapat berupa kabel (wired) atau nirkabel (wireless), seperti Wi-Fi. Dengan jaringan komputer, perangkat dapat berkomunikasi, mengakses internet, dan berbagi sumber daya seperti printer atau server.;90;100;85,5
8;Bagaimana prinsip dasar jaringan komputer bekerja?;Jaringan komputer bekerja berdasarkan prinsip dasar pertukaran data antara perangkat yang terhubung melalui media komunikasi, seperti kabel, gelombang radio, atau serat optik. Komunikasi ini terjadi menggunakan protokol jaringan seperti TCP/IP, yang mengatur bagaimana data dikirim, diterima, dan diinterpretasikan. Setiap perangkat dalam jaringan memiliki alamat IP yang unik untuk mengidentifikasi dan memfasilitasi komunikasi. Data dikirim dalam bentuk paket, yang berisi informasi sumber, tujuan, serta isi pesan. Jaringan dapat berupa LAN (Local Area Network) untuk area terbatas atau WAN (Wide Area Network) untuk cakupan luas, termasuk internet. Perangkat seperti router, switch, dan modem membantu mengelola lalu lintas data agar berjalan efisien. Prinsip utama jaringan komputer adalah memastikan kecepatan, keandalan, dan keamanan dalam transmisi data antar perangkat.;80;100;78,5
8;Bagaimana prinsip dasar jaringan komputer bekerja?;Jaringan komputer berkerja dengan menghubungkan node seperti komputer, router, dan switch menggunakan kabel, optik fiber, atau sinyal nirkabel. Koneksi ini memungkinkan perangkat dalam jaringan untuk berkomunikasi dan berbagi informasi serta sumber daya.;90;100;89,25
8;Bagaimana prinsip dasar jaringan komputer bekerja?;pr;0;0;0
8;Bagaimana prinsip dasar jaringan komputer bekerja?;Jaringan komputer menghubungkan perangkat untuk saling bertukar data melalui paket yang dikirim lewat media transmisi. Protokol mengatur cara komunikasi, dan perangkat seperti router serta switch mengarahkan paket ke tujuan yang tepat.;75;80;78
8;Bagaimana prinsip dasar jaringan komputer bekerja?;Prinsip dasar jaringan komputer bekerja dengan menghubungkan dua atau lebih perangkat untuk berbagi data dan sumber daya melalui media transmisi, seperti kabel atau nirkabel. Data dikirim dalam bentuk paket melalui protokol komunikasi seperti TCP/IP, yang memastikan data dikirim, diterima, dan diatur dengan benar. Jaringan memungkinkan komunikasi, berbagi file, akses internet, dan koordinasi antar perangkat dalam berbagai skala, dari lokal (LAN) hingga global (WAN).;90;100;95,25
8;Bagaimana prinsip dasar jaringan komputer bekerja?;Jaringan komputer bekerja dengan menghubungkan perangkat untuk berbagi data menggunakan protokol komunikasi seperti TCP/IP. Prinsip dasarnya mencakup transmisi data melalui media fisik atau nirkabel, penggunaan alamat IP dan MAC untuk identifikasi, serta mekanisme routing dan switching untuk mengarahkan data secara efisien antar perangkat dalam jaringan.;80;70;74,75
8;Bagaimana prinsip dasar jaringan komputer bekerja?;Perangkat terhubung ke sebuah jaringan internet melalui router dengan IP address lokal dan MAC address (identifier perangkat) dimana router tersebut akan tersambung ke sebuah server dengan IP address publik, yang dimana jika pengguna mengakses website, web address dari website tersebut akan dikonversikan menjadi IP address oleh DNS yang bisa diakses perangkat;50;70;48,75
8;Bagaimana prinsip dasar jaringan komputer bekerja?;Terjadi komunikasi antara pengirim dan penerima informasi.;60;56;63
8;Bagaimana prinsip dasar jaringan komputer bekerja?;Jaringan komputer adalah kumpulan beberapa komputer yang terhubung melalui protokol komunikasi.;70;70;69,5
8;Bagaimana prinsip dasar jaringan komputer bekerja?;Menghubungkan beberapa komputer menggunakan node-node dan melakukan komunikasi melalui node tersebut.;60;56;59
8;Bagaimana prinsip dasar jaringan komputer bekerja?;Jaringan komputer bekerja dengan cara menghubungkan beberapa perangkat sehingga bisa saling berbagi data dan sumber daya.;80;70;85,25
8;Bagaimana prinsip dasar jaringan komputer bekerja?;prinsip dasar nya adalah pengirim dan penerima output;40;40;35,75
8;Bagaimana prinsip dasar jaringan komputer bekerja?;perangkat komputer di hubungi ke node, lalu dapat mengikuti protokol komunikasi;60;50;52,25
8;Bagaimana prinsip dasar jaringan komputer bekerja?;Dasar jaringan komputer bekerja dengan mengirimkan maupun menerima data sesuai dengan kebutuhan dari komputer melalui berbagai format seperti USB maupun wireless;60;40;57,25
8;Bagaimana prinsip dasar jaringan komputer bekerja?;;0;0;0
8;Bagaimana prinsip dasar jaringan komputer bekerja?;Beberapa komputer terhubung melalui sebuah jaringan sehingga bisa terjadinya komunikasi dan perpindahan data.;70;50;71,5
8;Bagaimana prinsip dasar jaringan komputer bekerja?;Menghubungkan perangkat melalui kabel untuk berbagi data dan sumber daya.;80;56;72,5
8;Bagaimana prinsip dasar jaringan komputer bekerja?;Jaringan komputer beroperasi dengan menyambungkan perangkat komputer lewat node, kemudian menjalankan protokol komunikasi. Protokol ini mengatur metode perangkat untuk berkomunikasi dan menukarkan informasi.;80;70;83,75
8;Bagaimana prinsip dasar jaringan komputer bekerja?;Jaringan komputer bekerja dengan menghubungkan perangkat melalui media komunikasi entah kabel atau nirkabel agar dapat bertukar data dan sumber daya;80;56;85,75
8;Bagaimana prinsip dasar jaringan komputer bekerja?;Jaringan komputer bekerja berdasarkan prinsip komunikasi data, yang memungkinkan perangkat komputer saling terhubung dan bertukar informasi. Berikut adalah prinsip dasarnya:;75;56;73,5
8;Bagaimana prinsip dasar jaringan komputer bekerja?;Prinsip dasar dari jaringan komputer ini adalah adanya komunikasi dua arah antar komputer.;60;56;65,5
8;Bagaimana prinsip dasar jaringan komputer bekerja?;Jaringan komputer bekerja dengan menghubungkan berbagai perangkat melalui sistem pengalamatan, seperti IP (Internet Protocol) memungkinkan setiap perangkat dikenali secara unik dalam jaringan. Perangkat jaringan seperti router dan switch berperan dalam mengarahkan lalu lintas data dengan efisien, memastikan bahwa paket data dikirim ke tujuan yang benar melalui jalur komunikasi yang optimal, baik dalam jaringan lokal (LAN) maupun internet.;70;70;78
8;Bagaimana prinsip dasar jaringan komputer bekerja?;Dasar jaringan komputer memiliki prinsip seperti layaknya manusia berkomunikasi, yaitu pengirim informasi, media, dan penerima informasi.;70;50;73,5
8;Bagaimana prinsip dasar jaringan komputer bekerja?;Prinsip dasar kerja jaringan komputer adalah dengan menghubungkan berbagai perangkat, seperti komputer, server, printer, dan perangkat lainnya, melalui saluran komunikasi sehingga mereka dapat saling bertukar data dan sumber daya.;90;90;83,5
8;Bagaimana prinsip dasar jaringan komputer bekerja?;Jaringan komputer adalah sebuah sistem dimana komputer yang ada terhubung satu sama lain sehingga memungkinkan untuk berbagi dan mengolah data antara satu komputer dan komputer yang lain;75;56;74
8;Bagaimana prinsip dasar jaringan komputer bekerja?;Prinsip dasar jaringan komputer adalah menghubungkan dua atau lebih perangkat agar bisa saling bertukar data. Ini dilakukan melalui perangkat keras seperti router, switch, dan kabel, serta perangkat lunak yang mengatur komunikasi, seperti protokol TCP/IP;80;80;87
8;Bagaimana prinsip dasar jaringan komputer bekerja?;komputer kimputer yang saling berkomunikasi;60;50;52
8;Bagaimana prinsip dasar jaringan komputer bekerja?;Jaringan komputer bekerja dengan menghubungkan beberapa perangkat melalui media komunikasi (kabel atau nirkabel) untuk bertukar data dan sumber daya. Prinsip dasarnya mencakup: • Pengalamatan (IP Address) untuk mengidentifikasi perangkat. • Protokol komunikasi (misalnya TCP/IP) untuk memastikan data dikirim dan diterima dengan benar. • Model komunikasi seperti Client-Server atau Peer-to-Peer. • Penggunaan perangkat jaringan seperti router, switch, dan hub untuk mengelola lalu lintas data.;80;100;87,75
8;Bagaimana prinsip dasar jaringan komputer bekerja?;jaringan komputer bekerja dengan melalui transmisi yang berguna untuk menyambungkan antar komputer;70;56;71,5
8;Bagaimana prinsip dasar jaringan komputer bekerja?;Jaringan komputer bekerja dengan menghubungkan perangkat untuk berbagi data melalui media transmisi. Proses ini dikendalikan oleh protokol jaringan yang memastikan data dikirim dengan benar dan efisien.;75;90;69,25
8;Bagaimana prinsip dasar jaringan komputer bekerja?;Dasar jaringan untuk menghubungkan suatu data ke komputer;70;40;63
8;Bagaimana prinsip dasar jaringan komputer bekerja?;Terjaid komunikasi dua arah;50;50;43,25
8;Bagaimana prinsip dasar jaringan komputer bekerja?;terjadinya komunikasi dua arah antara pengirim dan penerima informasi;50;50;49
8;Bagaimana prinsip dasar jaringan komputer bekerja?;Jaringan komputer bekerja dengan dasar hubungan network antara lebih dari 1 jenis komputer. Network ini dapat berupa wireless atau wired. Jenis perangkat komputer nya juga bisa berbeda beda. Fungsi jaringan komputer adalah agar komputer-komputer dapat bekerja sama dalam melakukan suatu fungsi;50;65;51
8;Bagaimana prinsip dasar jaringan komputer bekerja?;Dengan menghubungkan 2 atau lebih komputer untuk saling berkomunikasi.;60;56;52
8;Bagaimana prinsip dasar jaringan komputer bekerja?;;0;0;0
8;Bagaimana prinsip dasar jaringan komputer bekerja?;Prinsip dari jaringan komputer adalah komunikasi antara pengirim dan penerima melalui serangkaian kode koneksi;60;50;64,5
8;Bagaimana prinsip dasar jaringan komputer bekerja?;Jaringan komputer bekerja dengan menghubungkan perangkat komputer melalui node, seperti modem, hub, switch, atau peralatan terminal data. Lalu jaringan komputer mengikuti protokol komunikasi agar perangkat-perangkat yang terhubung dapat berkomunikasi.;70;80;72,5
8;Bagaimana prinsip dasar jaringan komputer bekerja?;;0;0;0
8;Bagaimana prinsip dasar jaringan komputer bekerja?;-;0;0;0
8;Bagaimana prinsip dasar jaringan komputer bekerja?;Jadi sekumpulan komputer yang berguna untuk berbagi data atau layanan secara satu dengan yang lain;60;40;60,25
8;Bagaimana prinsip dasar jaringan komputer bekerja?;;0;0;0
8;Bagaimana prinsip dasar jaringan komputer bekerja?;Prinsipnya adalah dengan mengumpulkan dua atau lebih perangkat yang terhubung untuk berbagi data dan sumber daya. Jaringan ini memungkinkan komunikasi antara perangkat melalui berbagai media, baik kabel maupun nirkabel.;80;65;74,25
8;Bagaimana prinsip dasar jaringan komputer bekerja?;-;0;0;0
8;Bagaimana prinsip dasar jaringan komputer bekerja?;terjadinya komunikasi dua arah antara pengirim dan penerima informasi.;60;50;54
8;Bagaimana prinsip dasar jaringan komputer bekerja?;Komputer meminta sinyal dari receiver transmiter dari wifi mengirimkan sinyal;20;40;19,25
8;Bagaimana prinsip dasar jaringan komputer bekerja?;Jaringan komputer itu cara komputer-komputer saling ngobrol lewat kabel atau wireless. Prinsip dasarnya: data dikirim dalam bentuk paket, terus lewat router, switch, atau server buat nyampe ke tujuan.;40;56;37
8;Bagaimana prinsip dasar jaringan komputer bekerja?;Mereka bekerja berdasarkan konsep utama yg memungkinkan perangkat untuk berkomunikasi dan berbagi sumber daya;85;40;85,5
8;Bagaimana prinsip dasar jaringan komputer bekerja?;komputer bekerja dengan mentransmisikan suatu sinyal ke komputer lain;20;40;19,75
8;Bagaimana prinsip dasar jaringan komputer bekerja?;Jaringan komputer bekerja dengan menyambungkan perangkat komputer melalui node seperti modem;70;40;74,5
8;Bagaimana prinsip dasar jaringan komputer bekerja?;Jaringan komputer itu cara perangkat saling terhubung buat berbagi data. Datanya dikirim lewat kabel atau WiFi, pakai alamat unik (IP), dan diatur sama router atau switch biar gak tabrakan. Tanpa jaringan, gak bisa internetan.;60;56;61,5
8;Bagaimana prinsip dasar jaringan komputer bekerja?;Menghubungkan router, komputer, switch menggunakan kabel atau sinyal;40;56;43
8;Bagaimana prinsip dasar jaringan komputer bekerja?;Jaringan komputer adalah kumpulan dua atau lebih perangkat komputer yang saling terhubung untuk berbagi data, sumber daya, atau komunikasi;80;70;76,25
8;Bagaimana prinsip dasar jaringan komputer bekerja?;.;0;0;0
8;Bagaimana prinsip dasar jaringan komputer bekerja?;Prinsip dasar jaringan komputer bekerja dengan menghubungkan perangkat melalui media komunikasi (seperti kabel atau nirkabel) untuk bertukar data.;80;56;81
8;Bagaimana prinsip dasar jaringan komputer bekerja?;Prinsip dasar jaringan komputer adalah terjadinya komunikasi dua arah antara pengirim dan penerima informasi;60;50;56,5
8;Bagaimana prinsip dasar jaringan komputer bekerja?;-;0;0;0
8;Bagaimana prinsip dasar jaringan komputer bekerja?;Dengan menghubungkan komputer baik melalui kabel maupun nirkabel ke server, yang kemudian disambungkan ke komputer lain lagi, atau langsung ke komputer lain.;40;56;43,75
8;Bagaimana prinsip dasar jaringan komputer bekerja?;terjadinya komunikasi dua arah antara pengirim dan penerima informasi.;60;50;66,25
8;Bagaimana prinsip dasar jaringan komputer bekerja?;-;0;0;0
8;Bagaimana prinsip dasar jaringan komputer bekerja?;Prinsip dasar jaringan komputer bekerja dengan menghubungkan berbagai perangkat komputer melalui media komunikasi, seperti kabel atau sinyal nirkabel, untuk saling bertukar data. Data dikirim dalam bentuk paket yang berisi informasi pengalamatan dan isi data, lalu diproses oleh perangkat jaringan, seperti router dan switch, untuk memastikan data sampai ke tujuan dengan tepat dan efisien.;70;80;65,5
8;Bagaimana prinsip dasar jaringan komputer bekerja?;Prinsipnya melibatkan koneksi antara beberapa komputer untuk membagi informasi;50;50;47,5
8;Bagaimana prinsip dasar jaringan komputer bekerja?;Pada dasarnya jaringan komputer bekerja dengan berkomunikasi antar dua perangkat;70;56;62,5
8;Bagaimana prinsip dasar jaringan komputer bekerja?;Prinsip dasar jaringan komputer adalah menghubungkan beberapa perangkat agar bisa bertukar data jaringan ini bisa wired atau wireless;50;56;46,75
8;Bagaimana prinsip dasar jaringan komputer bekerja?;Jaringan/network dalam komputer itu mengacu dalam proses komunikasi antar device.;50;56;43,25
8;Bagaimana prinsip dasar jaringan komputer bekerja?;Menghubungkan dua atau lebih perangkat untuk komunikasi dan berbagi data melalu kabel atau nirkabel.;75;56;69,75
8;Bagaimana prinsip dasar jaringan komputer bekerja?;-;0;0;0
8;Bagaimana prinsip dasar jaringan komputer bekerja?;Tidak tahu;0;0;0
8;Bagaimana prinsip dasar jaringan komputer bekerja?;Kurang tau;0;0;0
8;Bagaimana prinsip dasar jaringan komputer bekerja?;Jaringan komputer memiliki prinsip dasar node;40;0;34,5
8;Bagaimana prinsip dasar jaringan komputer bekerja?;Sebagai suatu jalan antara komputer;20;0;23,5
8;Bagaimana prinsip dasar jaringan komputer bekerja?;Jaringan komputer bekerja dengan nyambungin perangkat pake kabel atau nirkabel buat bagi data. Prinsipnya pakai protokol, kayak TCP/IP, biar data bisa dikirim dan diterima dengan bener antar komputer, entah lokal atau global.;65;90;65
8;Bagaimana prinsip dasar jaringan komputer bekerja?;Identify alamat komputer , retas , log in;0;0;0
8;Bagaimana prinsip dasar jaringan komputer bekerja?;Prinsip dasar jaringan komputer bekerja adalah komunikasi 2 arah antara pengirim dan penerima informasi.;60;56;55
8;Bagaimana prinsip dasar jaringan komputer bekerja?;Komputer saling kirim data lewat kabel atau sinyal;40;56;38,25
8;Bagaimana prinsip dasar jaringan komputer bekerja?;jaringan komputer adalah sesuatu yang menghubungkan komputer dengan komputer lainnya dan berbagai perangkat jaringan;65;50;65
8;Bagaimana prinsip dasar jaringan komputer bekerja?;Jaringan komputer bekerja dengan komunikasi antar jaringan;70;40;67,25
8;Bagaimana prinsip dasar jaringan komputer bekerja?;Jaringan komputer bekerja ketika ada lebih dari satu komputer terhubung melalui satu jaringan interconnected;60;56;60
8;Bagaimana prinsip dasar jaringan komputer bekerja?;bekerja dengan cara memproses data;0;0;0
8;Bagaimana prinsip dasar jaringan komputer bekerja?;jaringan komputer ngirim data antar perangkat pakai protokol dan perangkat kayak router dan switch;70;56;63,75
8;Bagaimana prinsip dasar jaringan komputer bekerja?;Jaringan komputer, jadi komputer terhubung dgn lain melalui suatu media;60;56;58,75
8;Bagaimana prinsip dasar jaringan komputer bekerja?;jaringan komputer bekerja dengan cara mentransmisikan data dalam bentuk paket melalui berbagai perangkat menggunakan protokol komunikasi untuk memastikan data sampai ke tujuan dengan benar.;70;75;72,75
8;Bagaimana prinsip dasar jaringan komputer bekerja?;Jaringan komputer adalah ketika dua atau lebih perangkat komputer terhubung lewat hubungan apapun yang artinya ada transfer data antarkomputer terjadi.;40;56;46
8;Bagaimana prinsip dasar jaringan komputer bekerja?;Jaringan komputer merupakan sekumpulan komputer atau perangkat lain yang dihubungkan bersama, biasanya untuk transfer data.;60;56;56,25
8;Bagaimana prinsip dasar jaringan komputer bekerja?;jaringan komputer itu ngubungin beberapa perangkat biar bisa saling berbagi data atau sumber daya, kayak internet.;70;60;68,5
8;Bagaimana prinsip dasar jaringan komputer bekerja?;Jaringan komputer bekerja dengan memanfaatkan gelombang sinyal yang kemudian diproses dengan penangkap sinyal menjadi sebuah jaringan atau network.;40;50;41,25
8;Bagaimana prinsip dasar jaringan komputer bekerja?;;0;0;0
8;Bagaimana prinsip dasar jaringan komputer bekerja?;Jaringan komputer menghubungkan perangkat untuk bertukar data melalui protokol komunikasi.;75;56;77
8;Bagaimana prinsip dasar jaringan komputer bekerja?;Jaringan komputer bekerja dengan menghubungkan perangkat melalui protokol komunikasi seperti TCP/IP, memungkinkan transfer data antar perangkat melalui kabel atau nirkabel.;75;80;67,5
8;Bagaimana prinsip dasar jaringan komputer bekerja?;Menghubungkan media kabel atau tanpa kabel antara dua komputer atau lebih;50;50;46
8;Bagaimana prinsip dasar jaringan komputer bekerja?;Jaringan komputer bekerja dengan menghubungkan perangkat melalui media komunikasi, seperti kabel atau nirkabel, untuk berbagi data. Prinsip dasarnya melibatkan pengiriman paket data melalui protokol, IP, dan perutean oleh perangkat seperti router. Ini memungkinkan komunikasi cepat, efisien, dan andal antar sistem di lokasi berbeda.;75;95;76,75
8;Bagaimana prinsip dasar jaringan komputer bekerja?;Jaringan komputer adalah cara untuk menghubungkan komputer.;70;50;66
8;Bagaimana prinsip dasar jaringan komputer bekerja?;Prinsip dasar jaringan komputer adalah memungkinkan perangkat (komputer, smartphone, dll) untuk saling terhubung dan berkomunikasi melalui media fisik (kabel) atau nirkabel, menggunakan protokol komunikasi untuk mentransmisikan data;75;90;75,25
8;Bagaimana prinsip dasar jaringan komputer bekerja?;Data dikirin -> sinyal bergerak -> sinyal deterina -> user menerima;0;40;0
8;Bagaimana prinsip dasar jaringan komputer bekerja?;perangkat eektronik saing terhubung (dgn ip, dll);20;50;16,5
8;Bagaimana prinsip dasar jaringan komputer bekerja?;komputer akan terhubung dengan komputer lain dengan kabel;30;50;33,5
8;Bagaimana prinsip dasar jaringan komputer bekerja?;Jaringan komputer bekerja dengan ngirim data;30;50;27,5
8;Bagaimana prinsip dasar jaringan komputer bekerja?;Prinsip Dasar Jaringan Komputer: Menghubungkan perangkat untuk bertukar data menggunakan protokol, alamat IP, dan topologi tertentu.;50;65;41,5
8;Bagaimana prinsip dasar jaringan komputer bekerja?;server yang berisi data dan siap untuk di akses melalui tether ataupun wireless;60;40;62,75
8;Bagaimana prinsip dasar jaringan komputer bekerja?;Pertukaran data antara perangkat melalui protokol (seperti TCP/IP) dengan media kabel/nirkabel.;70;75;73,5
8;Bagaimana prinsip dasar jaringan komputer bekerja?;Jaringan komputer bekerja dengan menghubungkan perangkat menggunakan media komunikasi (kabel atau nirkabel) untuk bertukar data. Prinsip dasarnya melibatkan pengalamatan (IP), protokol komunikasi (seperti TCP/IP), dan pengelolaan paket data, sehingga informasi dapat dikirim, diterima, dan diproses dengan efisien di antara perangkat yang terhubung.;70;80;70
8;Bagaimana prinsip dasar jaringan komputer bekerja?;Jaringan komputer bekerja dengan menghubungkan beberapa perangkat melalui media komunikasi;70;56;71,75
8;Bagaimana prinsip dasar jaringan komputer bekerja?;memungkinkan perangkat (komputer, smartphone, dll) untuk saling terhubung dan berkomunikasi melalui media fisik (kabel) atau nirkabel, menggunakan protokol komunikasi untuk mentransmisikan data;80;90;77,5
8;Bagaimana prinsip dasar jaringan komputer bekerja?;saya tidak tahu;0;0;0
8;Bagaimana prinsip dasar jaringan komputer bekerja?;memungkinkan perangkat (komputer, smartphone, dll) untuk saling terhubung dan berkomunikasi melalui media fisik (kabel) atau nirkabel, menggunakan protokol komunikasi untuk mentransmisikan dat;75;90;67
8;Bagaimana prinsip dasar jaringan komputer bekerja?;Prinsip dasar jaringan komputer adalah menghubungkan perangkat untuk saling bertukar data melalui media komunikasi, seperti kabel atau gelombang radio. Jaringan memungkinkan perangkat untuk berbagi sumber daya, mengirimkan informasi, dan berkomunikasi dengan efisien menggunakan protokol yang memastikan data sampai dengan benar dan aman antar perangkat yang terhubung.;80;100;77
8;Bagaimana prinsip dasar jaringan komputer bekerja?;Jaringan komputer bekerja dengan cara berhubungan dengan komputer yang lain, hubugan ini bisa secara kabel atau nirkabel;50;56;49
8;Bagaimana prinsip dasar jaringan komputer bekerja?;Menurut saya, jaringan komputer menghubungkan perangkat dan menggunakan protokol serta teknik routing untuk memastikan komunikasi data yang handal dan efisien.;70;80;67,25
8;Bagaimana prinsip dasar jaringan komputer bekerja?;sync;0;0;0
8;Bagaimana prinsip dasar jaringan komputer bekerja?;memproses input yang ada untuk menghasilkan output;20;0;11,5
8;Bagaimana prinsip dasar jaringan komputer bekerja?;Jaringan data merupakan perangkat lunak yang berfungsi untuk menghubungkan dan bertukar data.;60;20;53
8;Bagaimana prinsip dasar jaringan komputer bekerja?;kurang tahu;0;0;0
8;Bagaimana prinsip dasar jaringan komputer bekerja?;komputer menerima perintah berupa input, perintah akan diproses di cpu, komputer akan mengeluarkan output sesuai perintah;30;0;36,25
8;Bagaimana prinsip dasar jaringan komputer bekerja?;saya tidak tahu;0;0;0
8;Bagaimana prinsip dasar jaringan komputer bekerja?;Prinsip dasar jaringan komputer adalah memungkinkan perangkat (komputer, smartphone, dll) untuk saling terhubung dan berkomunikasi melalui media fisik (kabel) atau nirkabel, menggunakan protokol komunikasi untuk mentransmisikan data;80;90;83
8;Bagaimana prinsip dasar jaringan komputer bekerja?;Prinsip dasar jaringan komputer bekerja dengan menghubungkan petangkat baik secara kabel atau nirkabel;30;60;33,5
8;Bagaimana prinsip dasar jaringan komputer bekerja?;Seperti pos, di mana komputer pengirim akan menuliskan alamat untuk komputer penerima dan komputer pengirim, dari informasi tersebut digunakan untuk mengirimkan data ke komputer tujuan dengan akurat. Pada umumnya data-data tersebut dikirim melalui kabel optik.;60;65;66,25
8;Bagaimana prinsip dasar jaringan komputer bekerja?;Jaringan komputer berkerja dengan menghubungkan node seperti komputer, router, dan switch menggunakan kabel, optik fiber, atau sinyal nirkabel. Koneksi ini memungkinkan perangkat dalam jaringan untuk berkomunikasi dan berbagi informasi serta sumber daya.;80;80;85
8;Bagaimana prinsip dasar jaringan komputer bekerja?;Software yang mengelola hardware komputer dan menyediakan layanan bagi perangkat lunak lain. Contoh sistem operasi meliputi Windows, macOS, dan Linux. Sistem operasi memungkinkan pengguna berinteraksi dengan komputer dan menjalankan aplikasi.;60;11;67
8;Bagaimana prinsip dasar jaringan komputer bekerja?;jaringan komputer-komputer yang dapat saling bertukar data satu sama lain;50;50;46,75
8;Bagaimana prinsip dasar jaringan komputer bekerja?;Jaringan komputer bekerja dengan menghubungkan beberapa perangkat untuk bertukar data melalui media komunikasi seperti kabel atau nirkabel.;70;65;65,25
8;Bagaimana prinsip dasar jaringan komputer bekerja?;Jaringan komputer berkerja dengan menghubungkan node seperti komputer, router, dan switch menggunakan kabel, optik fiber, atau sinyal nirkabel.;70;65;67,25
8;Bagaimana prinsip dasar jaringan komputer bekerja?;Kurang tahu;0;0;0
8;Bagaimana prinsip dasar jaringan komputer bekerja?;Prinsip dasar jaringan komputer adalah memungkinkan perangkat (komputer, smartphone, dll) untuk saling terhubung dan berkomunikasi melalui media fisik (kabel) atau nirkabel, menggunakan protokol komunikasi untuk mentransmisikan data.  Berikut adalah penjelasan lebih rinci: Hubungan (Connectivity): Jaringan komputer menghubungkan perangkat-perangkat melalui media fisik (kabel) atau nirkabel (sinyal radio).  Komunikasi: Perangkat yang terhubung dalam jaringan dapat saling bertukar data dan informasi.  Protokol Komunikasi: Untuk memastikan komunikasi yang efisien dan terstruktur, jaringan menggunakan protokol komunikasi (aturan) yang mendefinisikan bagaimana data dikirim dan diterima. Contohnya adalah TCP/IP yang digunakan di internet.  Node: Perangkat yang terhubung dalam jaringan disebut node, seperti komputer, router, atau switch.  Alamat IP: Setiap perangkat dalam jaringan memiliki alamat unik (alamat IP) yang digunakan untuk mengidentifikasi dan berkomunikasi dengan perangkat lain.  Router dan Switch: Router memfasilitasi komunikasi antar jaringan yang berbeda, sedangkan switch menghubungkan perangkat dalam jaringan yang sama.  Pembagian Sumber Daya: Jaringan memungkinkan berbagi sumber daya seperti printer, file, dan aplikasi antar perangkat yang terhubung.  Klien dan Server: Jaringan seringkali menggunakan model klien-server, di mana perangkat klien mengakses sumber daya yang disediakan oleh server.  Manajemen Sumber Daya: Jaringan membantu manajemen sumber daya yang lebih efisien, seperti perangkat keras, perangkat lunak, dan data.  Keamanan: Jaringan juga memiliki prinsip keamanan, seperti kerahasiaan, otentikasi, integritas, dan akses kontrol. ;80;100;74,75
8;Bagaimana prinsip dasar jaringan komputer bekerja?;Prinsip dasar jaringan komputer adalah memungkinkan untuk saling terhubung dan berkomunikasi melalui media untuk mentransmisikan data;80;65;73,25
8;Bagaimana prinsip dasar jaringan komputer bekerja?;menghubungkan komponen komponen yang berada dalam kompiter;50;0;41,5
8;Bagaimana prinsip dasar jaringan komputer bekerja?;Saling sambung tersambung;0;0;0
8;Bagaimana prinsip dasar jaringan komputer bekerja?;belum tau;0;0;0
8;Bagaimana prinsip dasar jaringan komputer bekerja?;menghubungkan device/komputasi melalui kabel atau nirkabel;40;56;30,75
8;Bagaimana prinsip dasar jaringan komputer bekerja?;berdasarkan konsep komunikasi data antara perangkat yang terhubung menggunakan protokol tertentu;70;60;67
8;Bagaimana prinsip dasar jaringan komputer bekerja?;Jaringan komputer bekerja dengan menghubungkan perangkat melalui media transmisi, baik kabel maupun nirkabel, agar bisa bertukar data. Protokol seperti TCP/IP mengatur komunikasi, sementara perangkat seperti router dan switch memastikan data sampai ke tujuan yang benar. Contohnya, saat browsing, perangkat mengirim permintaan ke server, lalu server mengirim balik data yang ditampilkan di layar.;60;95;67,5
8;Bagaimana prinsip dasar jaringan komputer bekerja?;Prinsip dasar jaringan komputer adalah memungkinkan perangkat (komputer, smartphone, dll) untuk saling terhubung dan berkomunikasi melalui media fisik (kabel) atau nirkabel, menggunakan protokol komunikasi untuk mentransmisikan data.;80;100;81,25
8;Bagaimana prinsip dasar jaringan komputer bekerja?;Prinsip dasar jaringan komputer adalah koneksi antara perangkat secara nirkabel maupun kabel.;40;60;33,75
8;Bagaimana prinsip dasar jaringan komputer bekerja?;Prinsip dasar jaringan komputer bekerja berdasarkan komunikasi data antara perangkat yang terhubung dalam suatu sistem;60;56;58,75
8;Bagaimana prinsip dasar jaringan komputer bekerja?;bekerja dengan menghubungkan persngjat menggunakan;0;0;0
8;Bagaimana prinsip dasar jaringan komputer bekerja?;Jaringan komputer adalah komunikasi data dua arah antara pengirim dan penerima informasi. Jaringan komputer dapat dijalankan secara terintegrasi setelah semua komponennya terstruktur dan saling terhubung;60;56;59
8;Bagaimana prinsip dasar jaringan komputer bekerja?;Menjalin komputer dengan perangkat lainnya dengan suatu koneksi internet atau lokal;40;50;38,5
8;Bagaimana prinsip dasar jaringan komputer bekerja?;Jaringan komputer bekerja dengan menghubungkan perangkat untuk saling bertukar data lewat protokol komunikasi seperti TCP/IP.;70;95;70,25
8;Bagaimana prinsip dasar jaringan komputer bekerja?;komunikasi dua arah antara pengirim dan penerima informasi;40;50;43
8;Bagaimana prinsip dasar jaringan komputer bekerja?;jaringan komputer bekerja menghubungkan beberapa perangkat agar dapat saling berbagi data.;60;56;61
8;Bagaimana prinsip dasar jaringan komputer bekerja?;Jaringan komputer bekerja untuk menghubungkan antar perangkat komputer;65;56;55,75
8;Bagaimana prinsip dasar jaringan komputer bekerja?;Bekerja dengan menghubungkan berbagai perangkat melalui media transmisi untuk bertukar data;60;56;54,25
8;Bagaimana prinsip dasar jaringan komputer bekerja?;Jaringan komputer bekerja dengan menghubungkan beberapa komputer baik dengan perantara kabel atau nirkabel dengan protokol komunikasi tertentu sehingga komputer-komputer yang terhubung dapat berkomunikasi satu sama lain.;70;80;73
8;Bagaimana prinsip dasar jaringan komputer bekerja?;Jaringan komputer bekerja melalui kabel data yang ditransmisikan dan mengikuti suatu protokol dalam jaringan tersebut.;70;65;70
8;Bagaimana prinsip dasar jaringan komputer bekerja?;Jaringan komputer bekerja dengan menghubungkan perangkat-perangkat pada satu sinyal dan serve;70;20;62,25
8;Bagaimana prinsip dasar jaringan komputer bekerja?;Jaringan komputer bekerja dengan cara menghubungkan berbagai jaringan yang kompleks melalui kabel atau pun nirkabel.;70;50;75,75
8;Bagaimana prinsip dasar jaringan komputer bekerja?;Jaringan Komputer adalah sistem yang menghubungkan antara suatu perangkat komputer dengan perangkat lainnya. Melalui kabel atau nirkabel.;70;56;66
8;Bagaimana prinsip dasar jaringan komputer bekerja?;prinsip dasar jaringan komputer bekerja dengan memungkinkan perangkat-perangkat untuk saling terhubung dan berkomunikasi melakui kabel atau nirkabel menggunakan protokol komunikasi untuk mentransmisikan data;80;90;86
8;Bagaimana prinsip dasar jaringan komputer bekerja?;Prinsip dasar jaringan komputer melibatkan komunikasi antara dua atau lebih perangkat melalui protokol yang telah ditentukan;65;60;59,75
8;Bagaimana prinsip dasar jaringan komputer bekerja?;Saya belum belajar;0;0;0
8;Bagaimana prinsip dasar jaringan komputer bekerja?;Jaringan komputer dapat bekerja secara wired atau wireless;40;50;33,75
8;Bagaimana prinsip dasar jaringan komputer bekerja?;Jaringan komputer bekerja dengan mengirimkan data melalui beberapa lapisan yang disebut ISO layer, dimana setiap data akan melewati setiap layer sebelum dikirimkan ke komputer lain.;40;20;33
8;Bagaimana prinsip dasar jaringan komputer bekerja?;Komunikasi dua arah, pengirim dan penerima.;50;20;49
8;Bagaimana prinsip dasar jaringan komputer bekerja?;Prinsip dasar jaringan komputer adalah terjadinya komunikasi dua arah antara pengirim dan penerima informasi.;60;20;56,75
9;Apa kegunaan DNS dalam internet?;dns digunakan untuk menerjemahkan domain menjadi alamat ip;90;90;88
9;Apa kegunaan DNS dalam internet?;Tidak tahu;0;0;0
9;Apa kegunaan DNS dalam internet?;"Domain Name System (DNS) berfungsi sebagai ""buku telepon"" internet, menerjemahkan nama domain (seperti google.com) ke alamat IP numerik yang digunakan komputer untuk berkomunikasi";90;90;91
9;Apa kegunaan DNS dalam internet?;Domain Name System (DNS) berfungsi sebagai “buku telepon” internet yang menerjemahkan nama domain (seperti google.com) menjadi alamat IP yang dapat dikenali oleh komputer. Tanpa DNS, pengguna harus mengingat alamat IP setiap situs web, yang tidak praktis. Dengan adanya DNS, kita bisa mengakses situs web hanya dengan mengetikkan nama domain, sementara sistem otomatis mencari dan menghubungkan kita ke alamat IP yang sesuai.;90;100;87
9;Apa kegunaan DNS dalam internet?;"sebagai ""buku telepon"" internet, menerjemahkan nama domain (seperti google.com) ke alamat IP numerik yang digunakan komputer untuk berkomunikasi";90;90;96
9;Apa kegunaan DNS dalam internet?;Tidak tahu.;0;0;0
9;Apa kegunaan DNS dalam internet?;DNS (Domain Name System) berfungsi menerjemahkan nama domain yang mudah diingat (seperti google.com) menjadi alamat IP yang dapat dikenali oleh komputer. Ini memungkinkan pengguna mengakses situs web tanpa perlu menghafal alamat IP, sehingga mempermudah navigasi di internet.;90;90;88,5
9;Apa kegunaan DNS dalam internet?;Domain Name System (DNS) mengubah alamat domain (misalnya www.contoh.com) menjadi alamat IP numerik, sehingga memudahkan pengguna dalam mengakses situs dan layanan di internet tanpa harus mengingat deretan angka.;90;90;88,75
9;Apa kegunaan DNS dalam internet?;DNS menerjemahkan nama domain ke alamat IP untuk mempermudah akses internet.;90;90;92
9;Apa kegunaan DNS dalam internet?;DNS menamai alamat IP yang merupakan kumpulan karakter tidak beraturan menjadi nama domain yang dapat dibaca oleh pengguna;50;80;47,75
9;Apa kegunaan DNS dalam internet?;memberi identifikasi secara hierarkis pada sebuah domain;0;60;0
9;Apa kegunaan DNS dalam internet?;Memberikan identifikasi dalam web;0;50;0
9;Apa kegunaan DNS dalam internet?;DNS seperti buku telepon internet, ia mengarahkan nama domain ke alamat IP;80;90;81
9;Apa kegunaan DNS dalam internet?;Domain Name System (DNS) berfungsi seperti buku telepon internet. Ketika kita mengetik alamat situs web, seperti www.example.com, DNS akan mengubahnya menjadi alamat IP yang dipahami komputer, seperti 192.168.1.1. Jadi, DNS memungkinkan kita untuk mengakses situs web dengan mudah menggunakan nama yang gampang diingat, tanpa perlu tahu alamat IP yang rumit. Tanpa DNS, kita harus menghafal alamat IP setiap situs yang ingin dikunjungi. Dengan adanya DNS, browsing di internet jadi lebih mudah dan cepat.;80;95;77,5
9;Apa kegunaan DNS dalam internet?;tidak tahu;0;0;0
9;Apa kegunaan DNS dalam internet?;menerjemahkan nama domain menjadi alamat ip sehingga memungiinkan kita terhubung ke web yang dituju;80;90;80,25
9;Apa kegunaan DNS dalam internet?;Kegunaan DNS adalah memberi identifikasi secara hierarkis pada sebuah domain, sehingga komputer juga protokol tidak kesulitan saat mendefinisikan sebuah alamat.;80;60;80,5
9;Apa kegunaan DNS dalam internet?;menerjemahkan nama domain menjadi ips;70;85;71,5
9;Apa kegunaan DNS dalam internet?;menerjemahkan alamat domain menjadi alamat ip;90;90;82
9;Apa kegunaan DNS dalam internet?;Kegunaan DNS sebagai penerjemah antara pengguna dan server.;50;60;51,75
9;Apa kegunaan DNS dalam internet?;DNS adalah suatu nama atau alamat untuk dapat mengakses suatu website ;50;50;50,75
9;Apa kegunaan DNS dalam internet?;Menerjemahkan domain menjadi alamat ip;90;90;94,25
9;Apa kegunaan DNS dalam internet?;DNS menerjemahkan nama domain menjadi alamat IP untuk mengakses website dengan aman;80;90;79
9;Apa kegunaan DNS dalam internet?;memudahkan konversi ke IP sehingga dapat mengakses web dengan lebih mudah diingat;60;85;57,5
9;Apa kegunaan DNS dalam internet?;Domain Name System (DNS) adalah sistem yang menerjemahkan nama domain yang mudah diingat, seperti www.geeksforgeeks.org, menjadi alamat IP numerik yang digunakan oleh komputer untuk mengidentifikasi suatu lokasi di internet.;85;95;88,75
9;Apa kegunaan DNS dalam internet?;memberi identifikasi secara hierarkis pada sebuah domain, sehingga komputer juga protokol tidak kesulitan saat mendefinisikan sebuah alamat. Protokol yang biasa digunakan untuk mendefinisikan sebuah alamat situs dengan memanfaatkan DNS adalah protokol IP;85;60;87,5
9;Apa kegunaan DNS dalam internet?;Untuk menerjemahkan alamat domain ke alamat ip;90;90;77,5
9;Apa kegunaan DNS dalam internet?;DNS berfungsi untuk menerjemahkan suatu website menjadi alamat ip dari website tersebut.;80;90;75,75
9;Apa kegunaan DNS dalam internet?;Domain name system adalah sebuah sistem dalam komputer yang memudahkan user untuk mengakses sebuah software atau website dengan hanya menuliskan domain dari website tersebut dan bukan IP adressny. Contohnya adalah www.wikipedia.com;70;85;74
9;Apa kegunaan DNS dalam internet?;memudahkan pengguna untuk mengakses suatu website karena untuk mengakses nya tidak perlu menggunakan alamat IP;0;80;0
9;Apa kegunaan DNS dalam internet?;Untuk menerjemahkan sebuah domain per IP ;70;70;72
9;Apa kegunaan DNS dalam internet?;Domain Name System (DNS) adalah sistem yang menerjemahkan nama domain seperti www.google.com menjadi alamat IP seperti 142.250.180.14, sehingga perangkat dapat berkomunikasi dalam jaringan internet.;90;90;84,5
9;Apa kegunaan DNS dalam internet?;menerjemahkan nama domain menjadi IP untuk internet;90;85;78,75
9;Apa kegunaan DNS dalam internet?;DNS (Domain Name System) berfungsi seperti buku telepon di internet. Saat kamu mengetik alamat web seperti google.com, DNS menerjemahkannya menjadi alamat IP, yaitu deretan angka yang bisa dimengerti komputer untuk menemukan server tujuan. Tanpa DNS, kita harus menghafal alamat IP tiap situs, yang tentu merepotkan! Jadi, DNS memudahkan kita mengakses website cukup dengan nama yang gampang diingat, membuat aktivitas browsing jadi lebih praktis dan cepat.;90;100;90,5
9;Apa kegunaan DNS dalam internet?;Menerjemahkan suatu alamat IP yang dapat dibaca oleh komputer sehinggan lebih mudah digunakkkan oleh pengguna;50;80;52
9;Apa kegunaan DNS dalam internet?;Berguna untuk menerjemah nama domain menjadi alamat IP.;80;90;73,25
9;Apa kegunaan DNS dalam internet?;Bagi saya, dapat digunakan untuk mengurangi iklan dan membuka situs yang dilarang di Indonesia seperti reddit ;50;20;53
9;Apa kegunaan DNS dalam internet?;menerjemahkan nama domain menjadi alamat IP;90;90;88,75
9;Apa kegunaan DNS dalam internet?;DNS analog dengan yellowpages atau buku yang berisi alamat telepon. Beda utamanya dengan yellowpages adalah DNS berisi alamat IP yang menunjuk kepada domain name tertentu dimana domain name berupa huruf dan angka sedangkan IP hanya berisi angka. Semuanya dipisahkan dengan beberapa simbol seperti titik.;85;90;86
9;Apa kegunaan DNS dalam internet?;Domain Name System merupakan suatu sistem yang memberikan nama dalam bentuk URL ke address komputer dalam suatu jaringan.;85;70;90,75
9;Apa kegunaan DNS dalam internet?;Domain Name System (DNS) berfungsi sebagai penerjemah alamat web di internet. DNS membantu mempercepat akses website, mendistribusikan lalu lintas jaringan, serta meningkatkan keamanan dengan fitur seperti pemfilteran domain berbahaya;70;85;70,5
9;Apa kegunaan DNS dalam internet?;DNS adalah komponen protokol standar internet yang bertanggung jawab untuk mengubah nama domain yang mudah dipahami manusia menjadi alamat Internet Protocol (IP) yang digunakan komputer untuk mengidentifikasi satu sama lain di jaringan. DNS ini digunakan dalam komputer untuk mempermudah dalam mengidentifikasi alamat.;90;80;96
9;Apa kegunaan DNS dalam internet?;Memudahkan mengakses website, menjalankan pengamanan data saat transfer data,  serta menyimpan semua informasi data;0;50;0
9;Apa kegunaan DNS dalam internet?;"Domain Name System (DNS) berfungsi sebagai ""buku telepon"" internet yang menerjemahkan nama domain (seperti google.com) menjadi alamat IP yang dapat dikenali oleh komputer";90;90;88
9;Apa kegunaan DNS dalam internet?;DNS adalah suatu sistem yang menerjemahkan nama domain menjadi alamat IP;90;90;86,5
9;Apa kegunaan DNS dalam internet?;DNS atau Domain Name System merupakan sistem untuk menerjemahkan domain yang mudah diingat manusia;60;80;58
9;Apa kegunaan DNS dalam internet?;DNS berfungsi menerjemahkan nama domain yang mudah diingat (seperti google.com) menjadi alamat IP yang digunakan komputer untuk berkomunikasi. Dengan DNS, pengguna bisa mengakses situs web tanpa harus menghafal alamat IP numeriknya.;90;90;96
9;Apa kegunaan DNS dalam internet?;;0;0;0
9;Apa kegunaan DNS dalam internet?;memberi identifikasi secara hierarkis pada sebuah domain, sehingga komputer juga protokol tidak kesulitan saat mendefinisikan sebuah alamat.;70;56;65,75
9;Apa kegunaan DNS dalam internet?;dns merupakan rute internet yang dijalani oleh perangkat kita;0;20;0
9;Apa kegunaan DNS dalam internet?;Domain Name System (DNS) berfungsi untuk menerjemahkan nama domain yang mudah diingat (seperti www.google.com) menjadi alamat IP yang dapat dikenali oleh komputer. DNS memungkinkan pengguna mengakses situs web tanpa perlu menghafal alamat IP, sehingga mempermudah navigasi di internet.;90;95;96
9;Apa kegunaan DNS dalam internet?;DNS (Domain Name System) berfungsi untuk menerjemahkan nama domain yang mudah diingat manusia (seperti google.com) menjadi alamat IP yang digunakan oleh komputer untuk mengakses server di internet.;90;90;97,75
9;Apa kegunaan DNS dalam internet?;Sebagai alamat dalam jaringan komputer;10;20;2,5
9;Apa kegunaan DNS dalam internet?;DNS (Domain Name System) berfungsi sebagai sistem penerjemah nama domain menjadi alamat IP yang dapat dikenali oleh komputer. Saat pengguna memasukkan alamat situs web seperti www.google.com, DNS akan mencari dan mengonversinya ke alamat IP yang sesuai, sehingga perangkat dapat terhubung ke server tujuan. Dengan adanya DNS, pengguna tidak perlu menghafal alamat IP yang panjang dan rumit untuk mengakses suatu situs, membuat pengalaman berselancar di internet menjadi lebih mudah dan efisien.;90;100;92
9;Apa kegunaan DNS dalam internet?;Domain Name System (DNS) berfungsi untuk mengubah nama domain menjadi alamat IP.;90;90;87
9;Apa kegunaan DNS dalam internet?;-;0;0;0
9;Apa kegunaan DNS dalam internet?;Menerjemahkan domain ke IP dan menemukan routing tercepat ke domain tersebut;80;60;74
9;Apa kegunaan DNS dalam internet?;Domain Name System (DNS) berfungsi sebagai sistem penerjemah nama domain ke alamat IP agar perangkat dapat saling berkomunikasi di internet. Saat pengguna mengakses sebuah situs web dengan mengetikkan nama domain, seperti www.example.com, DNS akan mencari dan mengonversi nama domain tersebut menjadi alamat IP numerik yang sesuai, misalnya 192.168.1.1.;90;90;96
9;Apa kegunaan DNS dalam internet?;Agar mendefinisikan suatu alamat tidak sulit;0;65;0
9;Apa kegunaan DNS dalam internet?;-;0;0;0
9;Apa kegunaan DNS dalam internet?;Mengubah nama domain (contoh: google.com) menjadi alamat IP agar komputer dapat mengakses situs web.;90;90;86,25
9;Apa kegunaan DNS dalam internet?;Domain Name System (DNS) berfungsi sebagai sistem penerjemah nama domain menjadi alamat IP, memungkinkan pengguna mengakses situs web dengan nama yang mudah diingat, seperti **google.com**, alih-alih menggunakan alamat IP numerik. DNS memastikan koneksi internet lebih efisien dengan mendistribusikan permintaan pencarian ke server yang relevan, mempercepat akses, dan meningkatkan keandalan jaringan.;90;95;96,5
9;Apa kegunaan DNS dalam internet?;Fungsi DNS adalah memberi identifikasi secara hierarkis pada sebuah domain, sehingga komputer juga protokol tidak kesulitan saat mendefinisikan sebuah alamat.;60;60;56
9;Apa kegunaan DNS dalam internet?;Sistem yang menerjemahkan domain menjadi IP;80;90;83,75
9;Apa kegunaan DNS dalam internet?;Domain Name System (DNS) berfungsi sebagai sistem penerjemah nama domain ke alamat IP agar pengguna dapat mengakses situs web dengan mudah. Tanpa DNS, pengguna harus mengingat alamat IP numerik setiap situs yang ingin dikunjungi. Saat seseorang mengetikkan nama domain seperti *google.com*, DNS akan mencari alamat IP yang sesuai dan mengarahkan permintaan ke server yang benar. DNS juga membantu dalam pengelolaan lalu lintas internet, meningkatkan kecepatan akses, serta menyediakan keamanan melalui fitur seperti filtering dan proteksi dari serangan phishing atau malware.;90;100;88
9;Apa kegunaan DNS dalam internet?;Domain Name System (DNS) berfungsi sebagai sistem penerjemah nama domain menjadi alamat IP, memungkinkan pengguna mengakses situs web tanpa harus menghafal deretan angka yang kompleks. Saat seseorang mengetikkan alamat situs seperti www.google.com, DNS akan mencari dan mengonversinya ke alamat IP yang sesuai agar perangkat dapat terhubung ke server tujuan. DNS bekerja dalam hirarki server, termasuk root server, TLD (Top-Level Domain) server, dan authoritative DNS server, untuk memastikan pencarian alamat IP berlangsung cepat dan efisien. Tanpa DNS, pengguna harus mengingat alamat IP setiap situs yang ingin diakses, yang akan sangat merepotkan. Selain itu, DNS juga meningkatkan keamanan dengan fitur seperti DNS filtering dan cache, yang membantu mempercepat akses serta melindungi dari serangan siber seperti DNS spoofing dan phishing.;90;80;93,5
9;Apa kegunaan DNS dalam internet?;Fungsi DNS adalah memberi identifikasi secara hierarkis pada sebuah domain, sehingga komputer juga protokol tidak kesulitan saat mendefinisikan sebuah alamat.;70;60;77,75
9;Apa kegunaan DNS dalam internet?;domain name system berfungsi untuk penamaan nama domain yang akan mengarahkan ke alamat IP, pada dasarnya DNS berfungsi untuk mengidentifikasi sistem komputer/perangkat komputer;80;80;86,5
9;Apa kegunaan DNS dalam internet?;;0;0;0
9;Apa kegunaan DNS dalam internet?;Domain Name System (DNS) berfungsi menerjemahkan nama domain yang mudah diingat manusia (seperti www.example.com) menjadi alamat IP numerik yang dapat dikenali oleh komputer. DNS mempermudah akses ke situs web tanpa perlu menghafal alamat IP. Selain itu, DNS memungkinkan navigasi internet yang lebih cepat, efisien, dan terorganisir.;90;95;91
9;Apa kegunaan DNS dalam internet?;Domain Name System (DNS) berfungsi menerjemahkan nama domain yang mudah diingat (seperti google.com) menjadi alamat IP numerik yang digunakan komputer untuk berkomunikasi. DNS memungkinkan akses situs web tanpa menghafal IP, mempercepat pencarian, dan meningkatkan efisiensi serta kenyamanan dalam penggunaan internet.;90;95;96
9;Apa kegunaan DNS dalam internet?;"Domain Name System kurang lebih yakni sebuah ""database"" yang mengkonversikan web address biasa (misal, google.com) ""menjadi"" (lebih akuratnya, mencari IP address dari web page tersebut) menjadi IP address";80;95;80,75
9;Apa kegunaan DNS dalam internet?;Memudahkan pengguna untuk mengakses web tanpa perlu mengingat alamat IP;50;85;50,5
9;Apa kegunaan DNS dalam internet?;DNS dalam internet adalah penerjemah nama domain menjadi alamat IP agar pengguna dapat mengakses situs.;85;90;84
9;Apa kegunaan DNS dalam internet?;Mudahnya untuk mentranslate alamat menjadi alamat ip yang dapat diakses pada suatu komputer;40;65;33,75
9;Apa kegunaan DNS dalam internet?;DNS menerjemahkan nama web menjadi alamat IP yang bisa dipahami oleh komputer sehingga kita bisa terhubung ke situs tersebut tanpa harus menghafal alamat IP-nya.;80;80;75
9;Apa kegunaan DNS dalam internet?;sebuah fungsi untuk menerjemahkan alamat;0;56;0
9;Apa kegunaan DNS dalam internet?;memberi identifikasi secara hierarkis pada sebuah domain, sehingga komputer juga protokol tidak kesulitan saat mendefinisikan sebuah alamat;60;60;55,25
9;Apa kegunaan DNS dalam internet?;DNS digunakan sebagai alamat sebuah website yang memudahkan pencarian sebuah website melalui address yang sudah di registrasi tersebut;20;56;18,25
9;Apa kegunaan DNS dalam internet?;;0;0;0
9;Apa kegunaan DNS dalam internet?;Mengubah nama situs manusia yang kemudian bisa dibaca oleh komputer sehingga komputer tau lokasi situs tersebut.;50;56;48,25
9;Apa kegunaan DNS dalam internet?;sistem yang menerjemahkan alamat website;30;56;28
9;Apa kegunaan DNS dalam internet?;Fungsi DNS adalah memberikan identifikasi secara berjenjang pada suatu domain, sehingga komputer dan protokol tidak mengalami kesulitan saat menentukan sebuah alamat.;60;60;58
9;Apa kegunaan DNS dalam internet?;DNS adalah sistem yang menerjemahkan nama domain seperti www.google.com menjadi alamat IP yang dapat dikenali oleh komputer;70;90;73,25
9;Apa kegunaan DNS dalam internet?;-;0;0;0
9;Apa kegunaan DNS dalam internet?;DNS berfungsi untuk mengubah nama domain yang mudah dipahami oleh manusia, yang dibentuk dalam angka IP.;70;90;69,5
9;Apa kegunaan DNS dalam internet?;Domain Name System (DNS) berperan sebagai sistem yang menerjemahkan nama domain menjadi alamat IP, memungkinkan pengguna mengakses situs web dengan mudah tanpa menghafal angka IP. DNS juga membantu mengoptimalkan lalu lintas jaringan, meningkatkan kecepatan akses melalui caching, serta mendukung keamanan dengan mencegah akses ke situs berbahaya. Tanpa DNS, internet akan lebih sulit digunakan secara efisien;80;80;82,5
9;Apa kegunaan DNS dalam internet?;DNS digunakan untuk menerjemahkan nama domain dari kode biner agar lebih mudah diingat manusia.;0;0;0
9;Apa kegunaan DNS dalam internet?;"Domain Name System (DNS) berfungsi sebagai ""buku telepon"" internet, menerjemahkan nama domain yang mudah diingat (seperti google.com) menjadi alamat IP (seperti 192.168.1.1) yang dibutuhkan komputer untuk berkomunikasi";80;90;77,75
9;Apa kegunaan DNS dalam internet?;Dns mengubah alamat domain menjadi ip. Ip ini kemudian menjadi alamat komputer untuk terhubung di internet;70;90;63
9;Apa kegunaan DNS dalam internet?;"Domain Name System (DNS) berfungsi sebagai ""buku alamat"" internet. Ketika kamu mengetik alamat situs web seperti google.com, DNS menerjemahkannya menjadi alamat IP yang bisa dikenali oleh komputer, misalnya 142.250.180.14";80;90;81
9;Apa kegunaan DNS dalam internet?;nama website (?);0;0;0
9;Apa kegunaan DNS dalam internet?;DNS berfungsi sebagai sistem penerjemah nama domain menjadi alamat IP yang dapat dimengerti oleh komputer. Alih-alih mengingat alamat IP seperti 192.168.1.1, pengguna cukup mengetik nama domain seperti www.google.com, dan DNS akan mencari alamat IP yang sesuai. Hal ini mempermudah akses ke situs web dan meningkatkan efisiensi komunikasi dalam jaringan internet.;70;95;77,5
9;Apa kegunaan DNS dalam internet?;DNS adalah suatu nama domain system yang berguna di internet sebagai pengenal;60;0;63,75
9;Apa kegunaan DNS dalam internet?;DNS (Domain Name System) berfungsi mengubah nama domain menjadi alamat IP, sehingga mempermudah akses ke situs web tanpa perlu mengingat alamat IP secara langsung.;90;90;92
9;Apa kegunaan DNS dalam internet?;Alamat yang dibutuhkan komputer untuk menjalankan program;0;0;0
9;Apa kegunaan DNS dalam internet?;Merupakan phonebook untuk internet;40;56;36
9;Apa kegunaan DNS dalam internet?;;0;0;0
9;Apa kegunaan DNS dalam internet?;DNS berguna sebagai alamat domain pada suatu sistem. Alamat ini berfungsi sebagai alamat perangkat komputer agar komputer tersebut dapat terhubung ke internet;30;50;32,25
9;Apa kegunaan DNS dalam internet?;Merubah dari domain yang lebih mudah untuk diingat menjadi ip address yang dapat dibaca komputer.;70;85;71
9;Apa kegunaan DNS dalam internet?;sebagai alamat dari perangkat yang digunakan;0;0;0
9;Apa kegunaan DNS dalam internet?;Kegunaan DNS adalah menerjemahkan alamat website menjadi IP. Contoh google.com menjadi IP ....;70;90;62,25
9;Apa kegunaan DNS dalam internet?;DNS berfugsi untuk mengubah nama domain menjadi sistem ip;70;75;68,25
9;Apa kegunaan DNS dalam internet?;;0;0;0
9;Apa kegunaan DNS dalam internet?;-;0;0;0
9;Apa kegunaan DNS dalam internet?;Jaid kegunaan dns adalah untuk menerjemahkan nama domain yang ada;60;56;58,5
9;Apa kegunaan DNS dalam internet?;;0;0;0
9;Apa kegunaan DNS dalam internet?;Sistem penerjemah domain menjadi alamat IP;70;90;66,5
9;Apa kegunaan DNS dalam internet?;DNS mengubah alamat domain menjadi alamat IP;80;90;73,25
9;Apa kegunaan DNS dalam internet?;Meminta informasi IP Address sebuah website berdasarkan nama domain.;70;80;68,5
9;Apa kegunaan DNS dalam internet?;Untuk mengakses web yang di blokir pemerintah contohnya eeddit;0;0;0
9;Apa kegunaan DNS dalam internet?;DNS itu kayak buku kontak internet. Dia ngubah alamat website (kayak google.com) jadi alamat IP biar komputer ngerti dan bisa nyambung ke server yang bener.;80;90;75
9;Apa kegunaan DNS dalam internet?;;0;0;0
9;Apa kegunaan DNS dalam internet?;.;0;0;0
9;Apa kegunaan DNS dalam internet?;DNS berfungsi untuk menerjemahkan nama domain menjadi alamat IP;90;90;94,25
9;Apa kegunaan DNS dalam internet?;DNS itu mengubah alamat website jadi alamat ip;80;80;75
9;Apa kegunaan DNS dalam internet?;Memudahkan protokal mencari alamat;40;56;29,5
9;Apa kegunaan DNS dalam internet?;Domain Name System (DNS) adalah sistem yang berfungsi untuk menerjemahkan nama domain yang mudah diingat (seperti www.google.com) menjadi alamat IP (seperti 142.250.190.78) yang dapat dimengerti oleh komputer;80;90;78
9;Apa kegunaan DNS dalam internet?;Tidak ingat;0;0;0
9;Apa kegunaan DNS dalam internet?;Domain Name System (DNS) berfungsi untuk menerjemahkan nama domain yang mudah diingat (seperti www.contoh.com) menjadi alamat IP numerik yang digunakan oleh komputer untuk saling berkomunikasi di Internet.;70;90;76,75
9;Apa kegunaan DNS dalam internet?;Fungsi DNS adalah memberi identifikasi secara hierarkis pada sebuah domain, sehingga komputer juga protokol tidak kesulitan saat mendefinisikan sebuah alamat;70;60;69,75
9;Apa kegunaan DNS dalam internet?;Mengganti dari alamat ip numerik menjadi nama yang lebih mudah diingat;30;0;24,75
9;Apa kegunaan DNS dalam internet?;Menerjemahkan nama web menjadi alamar ip yang dapat dimengerti komputer;70;80;60,75
9;Apa kegunaan DNS dalam internet?;DNS (Domain Name System) adalah sistem yang menerjemahkan nama domain menjadi alamat IP;90;90;90
9;Apa kegunaan DNS dalam internet?;-;0;0;0
9;Apa kegunaan DNS dalam internet?;Domain Name System (DNS) menerjemahkan nama domain menjadi alamat IP untuk memfasilitasi komunikasi antar komputer di internet. DNS memudahkan pengguna mengakses situs web dengan nama domain yang lebih mudah diingat daripada alamat IP numerik.;90;90;92,5
9;Apa kegunaan DNS dalam internet?;DNS berfungsi menerjemahkan nama domain menjadi ip numeric.;80;90;82,75
9;Apa kegunaan DNS dalam internet?;Domain Nama System atau DNS berguna untuk mengubah nama domain menjadi IP;90;90;93,75
9;Apa kegunaan DNS dalam internet?;DNS (Domain Name System) adalah sistem yang mengubah nama website yang kita ketik menjadi alamat IP;80;80;77
9;Apa kegunaan DNS dalam internet?;DNS berfungsi dalam proses request ketika misalnya browsing dll.;0;20;0
9;Apa kegunaan DNS dalam internet?;DNS berfungsi untuk menerjemahkan nama domain yang mudah diingat oleh pengguna menjadi alamat ip numerik yang mudah dipahami komputer;70;90;71
9;Apa kegunaan DNS dalam internet?;-;0;0;0
9;Apa kegunaan DNS dalam internet?;Tidak tahu;0;0;0
9;Apa kegunaan DNS dalam internet?;Seperti IP atau alamat dari suatu?;0;0;0
9;Apa kegunaan DNS dalam internet?;Domain Name System memberikan keunikan jaringan masing-masing perangkat;0;0;0
9;Apa kegunaan DNS dalam internet?;Sebagai alamat ketika menghubungkan dengan internet;20;20;12,75
9;Apa kegunaan DNS dalam internet?;DNS atau Domain Name System kegunaannya buat nerjemahin nama website, kayak google.com, jadi alamat IP yang dimengerti komputer. Jadi, kita nggak perlu hafal angka-angka IP, cukup ketik nama domain aja.;70;100;73
9;Apa kegunaan DNS dalam internet?;Domain name system merupakan sistem dalam jaringan komputer yang berbentuk sub environment berupa domain yang dibuat oleh pemogram tertentu.;60;0;60
9;Apa kegunaan DNS dalam internet?;Fungsi dari DNS adalah untuk mempermudah akses ke situs web, Mendukung keamanan jaringan, Meningkatkan efisiensi jaringan, Menjaga stabilitas dan keamanan jaringan, Membantu pengguna mengingat IP address.;70;56;67,5
9;Apa kegunaan DNS dalam internet?;Dia nyari alamat IP dari nama website biar kita bisa buka website dengan nama, bukan angka.;20;90;22
9;Apa kegunaan DNS dalam internet?;Adalah sistem untuk menghubungkan ke alamat ip suatu jaringan dengan nama domain;40;80;39,75
9;Apa kegunaan DNS dalam internet?;Menerjemahkan suatu alamat web untuk diubah menjadi ip yang dimengerti komputer;70;90;66
9;Apa kegunaan DNS dalam internet?;Domain name sistem adalah sistem yang mentransaksikan nama domain yang bisa dibaca manusia menjadi alamat IP yang bisa dibaca komputer;70;90;66,25
9;Apa kegunaan DNS dalam internet?;memberi nama;0;0;0
9;Apa kegunaan DNS dalam internet?;ngubah nama domain jadi IP address;70;90;60
9;Apa kegunaan DNS dalam internet?;Singkatnya, dia menerjemahkan nama domain menjadi ip;70;90;61
9;Apa kegunaan DNS dalam internet?;DNS berfungsi untuk menerjemahkan nama domain menjadi alamat IP agar pengguna dapat mengakses dengan mudah;70;90;70,5
9;Apa kegunaan DNS dalam internet?;Saya kurang tahu tentang DNS, mungkin itu mendeskripsikan jaringan komputer tertentu masuk ke mana dalam internet, apakah mereka bagian dari jaringan yang sama atau tidak;0;55;0
9;Apa kegunaan DNS dalam internet?;DNS merupakan sistem yang memberikan nama kepada setiap website supaya bisa dikenali dan diakses oleh komputer-komputer yang memiliki akses ke internet.;70;50;74
9;Apa kegunaan DNS dalam internet?;dns itu ngubah nama domain yang kita ketik di browser (kayak google.com) jadi alamat IP yang dipake komputer buat nyambungin ke website.;70;90;73,5
9;Apa kegunaan DNS dalam internet?;DNS berguna seperti pengenal atau identitas dari sebuah internet.;50;50;54,75
9;Apa kegunaan DNS dalam internet?;DNS digunakan untuk penamaan website agar mudah dibaca oleh pengguna yang akan mengaksesnya;50;0;52
9;Apa kegunaan DNS dalam internet?;DNS menerjemahkan nama domain ke alamat IP untuk akses internet.;80;90;74
9;Apa kegunaan DNS dalam internet?;DNS menerjemahkan nama domain (seperti google.com) menjadi alamat IP agar komputer dapat menemukan dan mengakses server yang dituju di internet.;70;90;73,75
9;Apa kegunaan DNS dalam internet?;Memetakan hostname dan ip address yang ada secara global;60;80;59
9;Apa kegunaan DNS dalam internet?;Domain Name System mengubah nama domain menjadi alamat IP yang dapat dibaca komputer. Kegunaannya adalah mempermudah pengguna mengakses situs web tanpa menghafal angka IP, mempercepat koneksi, dan mendukung infrastruktur internet dengan menerjemahkan permintaan secara efisien antara server dan klien di seluruh dunia;80;95;82,5
9;Apa kegunaan DNS dalam internet?;DNS berfungsi untuk menerjemahkan nama domain yang mudah diingat (seperti www.example.com) menjadi alamat IP numerik yang digunakan untuk menghubungkan perangkat di internet, sehingga memudahkan pengguna dalam mengakses situs web tanpa perlu mengingat angka-angka IP.;70;95;77,5
9;Apa kegunaan DNS dalam internet?;Domain Name System (DNS) berfungsi untuk menerjemahkan nama domain menjadi alamat IP. Dengan adanya DNS, pengguna dapat mengakses situs web dengan mudah tanpa harus menghafal alamat IP yang panjang;80;90;80,5
9;Apa kegunaan DNS dalam internet?;DNS berfungsi sebagai alamat router;50;0;49,75
9;Apa kegunaan DNS dalam internet?;seperti buku telepon, menerjemahkan domain ke ip;70;90;64,5
9;Apa kegunaan DNS dalam internet?;sebagai alamat untuk memisahkan dari domain satu dari domain lain;50;70;50,5
9;Apa kegunaan DNS dalam internet?;DNS menyederhanakan navigasi pengguna, meningkatkan skalabilitas jaringan, dan memfasilitasi load balancing;60;40;61,25
9;Apa kegunaan DNS dalam internet?;Fungsi Domain Name System untuk mebgIdentifikasi, manajemen akses, integrasi layanan, dan keamanan dalam jaringan.;80;56;79
9;Apa kegunaan DNS dalam internet?;dns digunakan untuk meminta ip client pada suatu website;20;50;13,25
9;Apa kegunaan DNS dalam internet?;Mengubah nama domain (contoh: google.com) menjadi alamat IP, memudahkan akses situs web.;80;90;80,5
9;Apa kegunaan DNS dalam internet?;"DNS berfungsi sebagai ""buku alamat"" internet yang menerjemahkan nama domain (seperti google.com) menjadi alamat IP yang dapat dikenali oleh komputer. Dengan DNS, pengguna bisa mengakses situs web menggunakan nama yang mudah diingat tanpa perlu menghafal alamat IP-nya.";80;95;86
9;Apa kegunaan DNS dalam internet?;sistem penerjemah nama domain menjadi alamat IP;80;90;72
9;Apa kegunaan DNS dalam internet?;Domain Name System (DNS) berfungsi untuk menerjemahkan nama domain menjadi alamat IP;80;90;72,5
9;Apa kegunaan DNS dalam internet?;saya tidak tahu;0;0;0
9;Apa kegunaan DNS dalam internet?;untuk menerjemahkan nama domain menjadi alamat IP. Dengan adanya DNS, pengguna dapat mengakses situs web dengan mudah tanpa harus menghafal alamat IP yang panjan;80;95;75
9;Apa kegunaan DNS dalam internet?;DNS (Domain Name System) berfungsi untuk mengonversi nama domain yang mudah diingat (misalnya, www.example.com) menjadi alamat IP numerik yang digunakan oleh komputer untuk saling berkomunikasi. DNS memungkinkan pengguna mengakses situs web dengan nama yang ramah, tanpa perlu mengingat alamat IP yang kompleks.;80;100;80,75
9;Apa kegunaan DNS dalam internet?;DNS berguna sebagai kamus sehingga ketika membuka suatu website kita tidak memasukkan alamat IP website tersebut;50;85;51
9;Apa kegunaan DNS dalam internet?;Menurut saya, DNS membuat internet lebih mudah digunakan dengan mengonversi nama domain ke alamat IP;80;85;73,5
9;Apa kegunaan DNS dalam internet?;nama domain untuk membedakan;0;0;0
9;Apa kegunaan DNS dalam internet?;untuk mrmanggil atau sebagai alamat sistem tersebut;20;50;22,5
9;Apa kegunaan DNS dalam internet?;DNS menerjemahkan nama domain ke alamat IP untuk akses internet.;80;90;83,75
9;Apa kegunaan DNS dalam internet?;kurang tahu;0;0;0
9;Apa kegunaan DNS dalam internet?;untuk mengubah nama domain system internet;70;20;72,5
9;Apa kegunaan DNS dalam internet?;Domain name system merupakan nama domain yg dimiliki suatu server atau website untuk beroperasi;40;0;33
9;Apa kegunaan DNS dalam internet?;Fungsi DNS adalah memberi identifikasi secara hierarkis pada sebuah domain, sehingga komputer juga protokol tidak kesulitan saat mendefinisikan sebuah alamat.;40;60;37,5
9;Apa kegunaan DNS dalam internet?;DNS digunakan untuk mengubah nama domain menjadi IP atau sebaliknya. Sehingga kita mudah untuk mengingat domain suatu website tanpa harus mengingat IP-nya.;70;90;70,5
9;Apa kegunaan DNS dalam internet?;Sebagai abstraksi dari sebuah alamat komputer yang ingin dituju.;0;0;0
9;Apa kegunaan DNS dalam internet?;DNS adalah memberi identifikasi secara hierarkis pada sebuah domain, sehingga komputer juga protokol tidak kesulitan saat mendefinisikan sebuah alamat;60;60;67,5
9;Apa kegunaan DNS dalam internet?;berfungsi untuk menerjemahkan nama domain (seperti www.google.com) menjadi alamat IP yang dapat dikenali oleh komputer. DNS memungkinkan pengguna mengakses situs web menggunakan nama yang mudah diingat daripada harus menghafal alamat IP.;70;95;68,75
9;Apa kegunaan DNS dalam internet?;alamat sebuah website yang menunjukan dimana website itu terletak dalam internet;0;56;0
9;Apa kegunaan DNS dalam internet?;DNS adalah sistem yang menerjemahkan nama domain (seperti google.com) menjadi alamat IP (seperti 1.1.1.1 dan 8.8.8.8) yang dapat dikenali oleh komputer. DNS memungkinkan pengguna mengakses situs web dengan nama yang mudah diingat daripada harus menghafal alamat IP.;80;95;89,75
9;Apa kegunaan DNS dalam internet?;Domain Name System (DNS) berfungsi untuk menerjemahkan nama domain menjadi alamat IP.;80;90;72,25
9;Apa kegunaan DNS dalam internet?;Kurang tahu;0;0;0
9;Apa kegunaan DNS dalam internet?;Domain Name System (DNS) berfungsi untuk menerjemahkan nama domain menjadi alamat IP. Dengan adanya DNS, pengguna dapat mengakses situs web dengan mudah tanpa harus menghafal alamat IP yang panjang. ;80;95;81,25
9;Apa kegunaan DNS dalam internet?;Domain Name System (DNS) berfungsi untuk menerjemahkan nama domain menjadi alamat IP;80;90;72
9;Apa kegunaan DNS dalam internet?;mengubah address yang menggantikan ip adreds;40;70;36,25
9;Apa kegunaan DNS dalam internet?;Sebagai tempat singgah antara user dan tujuan di internet (sehingga tidak ada yang lewat tanpa melalui dns);0;0;0
9;Apa kegunaan DNS dalam internet?;Men translate nama domain jadi alamat IP;70;90;64
9;Apa kegunaan DNS dalam internet?;meminta ip address suatu web domain;30;70;29,5
9;Apa kegunaan DNS dalam internet?;menerjemahkan domain menjadi alamat ip;80;90;70,5
9;Apa kegunaan DNS dalam internet?;Fungsinya menerjemahkan nama domain (kayak google.com) jadi alamat IP yang bisa dimengerti komputer. Jadi, daripada harus inget angka IP yang ribet, kita cukup ketik nama website, dan DNS yang urus sisanya biar kita sampai ke situs yang benar;80;95;85,75
9;Apa kegunaan DNS dalam internet?;Domain Name System (DNS) berfungsi untuk menerjemahkan nama domain menjadi alamat IP.;80;90;72,25
9;Apa kegunaan DNS dalam internet?;Domain name system berguna untuk mendirect sebuah link pada sebuah server khusus seperti www.example.com;20;50;20,5
9;Apa kegunaan DNS dalam internet?;Domain Name System (DNS) adalah sistem yang digunakan untuk menerjemahkan nama domain menjadi alamat IP, sehingga perangkat dapat menemukan dan berkomunikasi dengan server yang benar di internet.;80;95;86
9;Apa kegunaan DNS dalam internet?;untuk menerjemahkan domain menjadi ip;75;80;65
9;Apa kegunaan DNS dalam internet?;kegunaannya yaitu Meminta informasi IP Address sebuah website berdasarkan nama domain lalu Menerjemahkan suatu hostname ke IP address ataupun sebaliknya;40;80;42,25
9;Apa kegunaan DNS dalam internet?;Menerjemahkan domain menjadi alamat IP;75;90;78
9;Apa kegunaan DNS dalam internet?;"DNS berfungsi sebagai ""buku alamat"" internet yang mengubah nama domain jadi alamat IP biar kita bisa akses website tanpa hapal angka.";80;95;87
9;Apa kegunaan DNS dalam internet?;Mempermudah akses ke berbagai web, menjaga keamanan;30;40;27,25
9;Apa kegunaan DNS dalam internet?;untuk menerjemahkan nama dokain menjadi alamat IPyang dapat dikenali oleh sistem komputer di internet.;70;85;67,5
9;Apa kegunaan DNS dalam internet?;DNS berfungsi untuk mengelola domain menjadi alamat yang simpel;40;0;39
9;Apa kegunaan DNS dalam internet?;berfungsi untuk menerjemahkan nama domain yang mudah diingat menjadi alamat IP yang digunakan komputer untuk menemukan dan berkomunikasi dengan server di internet.;70;90;69
9;Apa kegunaan DNS dalam internet?;Menerjemahkan domain pada jaringan komputer agar dapat dimengerti manusia.;30;0;24,75
9;Apa kegunaan DNS dalam internet?;Berfungsi untuk menerjemahkan IP domain dari bentuk IP Address ke dalam bentuk nama website.;40;0;33,25
9;Apa kegunaan DNS dalam internet?;Berguna sebagai buku alamat dalam menerjemahkan nama domain;75;60;75
9;Apa kegunaan DNS dalam internet?;Domain Name System mentranslate IP suatu website ke nama yang lebih mudah dipahami manusia.;80;0;80
9;Apa kegunaan DNS dalam internet?;"DNS adalah domain name system. Menerjemahkan ""nama"" sebuah domain yang mudah dipahami manusia menjadi bentuk IP numerik yang bisa diakses komputer.";80;90;78,75
9;Apa kegunaan DNS dalam internet?;domain name system berfungsi untuk menerjemahkan nama domain yang dapat dimengerti manusia menjadi ip address yang dimengerti jaringan komputer;80;90;74
9;Apa kegunaan DNS dalam internet?;DNS gunanyaa buat nerjemahin domain menjadi ip;70;85;70,5
9;Apa kegunaan DNS dalam internet?;Saya belum belajar;0;0;0
9;Apa kegunaan DNS dalam internet?;DNS berguna untuk mengubah alamat web dari angka-angka saja menjadi huruf yang mudah dihafal;20;0;23,25
9;Apa kegunaan DNS dalam internet?;DNS berfungsi sebagai buku nama dalam internet yang bertujuan sebagai tempat komputer mencari tahu alamat sebuah domain.;40;65;45,5
9;Apa kegunaan DNS dalam internet?;Menggantikan IP address suatu laman menjadi sebuah domain dengan tujuan mempermudah pengguna mengakses laman.;20;0;19,25
9;Apa kegunaan DNS dalam internet?;Domain Name System digunakan agar 'user' atau pengguna dapat mencari suatu laman dalam internet dengan mudah dan tidak harus menghapal alamat IP yang digunakan dari laman-laman tersebut.;20;90;20,75
10;"Jelaskan konsep ""cloud computing"".";teknologi yang memungkinkan kita dapat mengolah, mengakses, dan menyimpan data tanpa memiliki infrastruktur fisik sendiri ;90;70;89,75
10;"Jelaskan konsep ""cloud computing"".";Cloud computing merupakan komputasi melalui jaringan internet. Jadi sistem penyimpanannya (server) ada di tempat yang jauh/berbeda dari komputer user. ;80;60;79,75
10;"Jelaskan konsep ""cloud computing"".";Cloud computing adalah model penyampaian layanan komputasi yang memungkinkan pengguna mengakses sumber daya seperti server, penyimpanan, dan aplikasi melalui internet, tanpa perlu membeli atau mengelola infrastruktur fisik sendiri. ;90;75;89,25
10;"Jelaskan konsep ""cloud computing"".";Cloud computing adalah layanan komputasi seperti penyimpanan data, server, dan perangkat lunak yang disediakan melalui internet. Pengguna bisa mengakses sumber daya tanpa harus memiliki atau mengelola infrastruktur sendiri. Ini membuat penggunaan teknologi lebih fleksibel, hemat biaya, dan mudah disesuaikan dengan kebutuhan.;90;100;88
10;"Jelaskan konsep ""cloud computing"".";model layanan yang memungkinkan pengguna mengakses sumber daya komputasi (seperti server, penyimpanan, dan aplikasi) melalui internet, tanpa perlu mengelola infrastruktur IT sendiri;90;90;90,75
10;"Jelaskan konsep ""cloud computing"".";Cloud computing adalah komputer yang menjalankan algoritma yang diproses secara online oleh server bukan locally.;70;60;73,75
10;"Jelaskan konsep ""cloud computing"".";Cloud computing adalah konsep komputasi berbasis internet yang memungkinkan pengguna mengakses dan menyimpan data, serta menjalankan aplikasi melalui server jarak jauh daripada di perangkat lokal. Layanan ini menawarkan skalabilitas, efisiensi biaya, dan fleksibilitas melalui model seperti **IaaS (Infrastructure as a Service), PaaS (Platform as a Service), dan SaaS (Software as a Service).;80;100;82
10;"Jelaskan konsep ""cloud computing"".";Cloud computing adalah model komputasi di mana sumber daya (seperti server, penyimpanan, dan aplikasi) disediakan melalui internet sesuai permintaan, sehingga pengguna tidak perlu mengelola infrastruktur fisik sendiri.;85;90;87,5
10;"Jelaskan konsep ""cloud computing"".";Cloud computing menyediakan sumber daya IT melalui internet tanpa memerlukan infrastruktur fisik sendiri.;75;70;69
10;"Jelaskan konsep ""cloud computing"".";Cloud computing adalah ketika pengguna dapat melakukan berbagai kegiatan yang dilakukan oleh komputer tanpa perangkat fisik;75;56;73,25
10;"Jelaskan konsep ""cloud computing"".";sistem informasi yang memungkinkan kemudahan akses kepada komponen sumber daya seperti server, aplikasi, dan database melalui jaringan internet. ;80;65;71,75
10;"Jelaskan konsep ""cloud computing"".";Model komputasi yang dapat dilakukan secara daring;75;65;71,75
10;"Jelaskan konsep ""cloud computing"".";cloud computing adalah konsep menggunakan server untuk komputasi.;80;65;83
10;"Jelaskan konsep ""cloud computing"".";Cloud computing adalah teknologi yang memungkinkan kita untuk menyimpan data dan menggunakan aplikasi lewat internet, tanpa perlu punya atau mengelola perangkat keras seperti server sendiri. Dengan cloud, data dan aplikasi tidak disimpan di perangkat kita, melainkan di server yang dikelola oleh penyedia layanan cloud. Kita bisa mengaksesnya kapan saja dan di mana saja selama terhubung ke internet. Ada beberapa jenis layanan dalam cloud computing, seperti Infrastructure as a Service (IaaS) yang menyediakan infrastruktur dasar seperti server dan penyimpanan, Platform as a Service (PaaS) yang menyediakan platform untuk membuat aplikasi, dan Software as a Service (SaaS) yang memberikan aplikasi jadi yang bisa langsung kita pakai, seperti email atau aplikasi pengolah data. Keuntungan utama dari cloud computing adalah kemudahan, biaya yang lebih efisien, dan kita bisa menambah atau mengurangi kapasitas sesuai kebutuhan tanpa harus membeli perangkat keras baru.;80;100;80,5
10;"Jelaskan konsep ""cloud computing"".";mungkin metode penyimpanan yang abstrak yang tidak membutuhkan perangjat keras melainkan disimpan di ‘awan’;70;50;62
10;"Jelaskan konsep ""cloud computing"".";gabungan pemanfaatan komputer dan internet sehingga pengguna dapat mengakses sumber daya darimanapun dan kapanpun;75;56;70,75
10;"Jelaskan konsep ""cloud computing"".";Cloud computing adalah penyediaan sumber daya komputasi seperti server, penyimpanan data, jaringan, dan perangkat lunak melalui internet. ;85;75;86
10;"Jelaskan konsep ""cloud computing"".";mengakses server, penyimpanan dll menggunakan internet;60;56;54,25
10;"Jelaskan konsep ""cloud computing"".";model layanan komputasi yang memungkinkan pengguna mengakses melalui internet;80;65;73,25
10;"Jelaskan konsep ""cloud computing"".";cloud computing adalah kumpulan dari berbagai perangkat / sistem komputer yang terintegrasi menjadi satu atau saling terhubung dalam suatu jaringan yang dapat digunakan oleh pihak lain/luar secara on-demand service (ODS) melalui suatu network  yang bersifat private maupun public;70;56;68
10;"Jelaskan konsep ""cloud computing"".";Cloud Computing adalah dimana penyimpanan dari suatu perangkat tidak disimpan di perangkat kita sendiri atau lokal tetapi di suatu server penyimpanan;80;50;79
10;"Jelaskan konsep ""cloud computing"".";Penyampaian layanan melalui internet;60;50;62
10;"Jelaskan konsep ""cloud computing"".";yaitu model layanan yang memunginkan pengguna mengakses server, penyimpanan, dan aplikasi melalui internet tanpa harus mengelola secara fisik;80;80;75,25
10;"Jelaskan konsep ""cloud computing"".";tempat penyimpanan data, signal dan program dalam komputer ;50;0;42
10;"Jelaskan konsep ""cloud computing"".";Cloud Computing adalah metode penyediaan berbagai layanan komputasi—seperti server, penyimpanan data, database, jaringan, dan perangkat lunak—melalui internet. Tanpa menggunakan infrastruktur fisik lokal, pengguna dapat mengakses dan mengelola sumber daya ini secara online;80;90;85,75
10;"Jelaskan konsep ""cloud computing"".";model layanan yang memungkinkan pengguna mengakses sumber daya komputasi (seperti server, penyimpanan, jaringan, dan perangkat lunak) melalui internet, tanpa perlu mengelola infrastruktur IT sendiri. ;90;90;93
10;"Jelaskan konsep ""cloud computing"".";Ga tau ini bu;0;10;0
10;"Jelaskan konsep ""cloud computing"".";cloud computing adalah komputasi teknologi yang menyediakan layanan tanpa harus memiliki perangkat keras yang memadai spesifikasi layanan tersebut. karena, layanan disalurkan melalui jaringan internet.;80;56;72
10;"Jelaskan konsep ""cloud computing"".";Cloud computing adalah semua sistem dalam komputer yang memudahkan user untuk menyimpan data dalam internet, yang juga disebut sebagai “cloud”. Ini juga memudahkan user karena mereka tidak harus menyimpan data tersebut dalam sebuah perangkat keras;75;50;76,5
10;"Jelaskan konsep ""cloud computing"".";menggunakan komputer melalui jaringan internet yang jarak jauh;70;40;68,25
10;"Jelaskan konsep ""cloud computing"".";Penyimpanan komputer dalam bentuk awan (tidak di hardware) seperti google drive;75;56;72,5
10;"Jelaskan konsep ""cloud computing"".";Cloud computing atau komputasi awan adalah model penyediaan layanan teknologi informasi yang memungkinkan pengguna mengakses sumber daya komputasi—seperti server, penyimpanan data, aplikasi, dan layanan lainnya—melalui internet tanpa perlu memiliki atau mengelola infrastruktur fisik secara langsung;90;90;93
10;"Jelaskan konsep ""cloud computing"".";metode layanan yang memungkinkan komputasi OS melalui internet  ;70;40;63,75
10;"Jelaskan konsep ""cloud computing"".";"Cloud computing adalah konsep menggunakan layanan komputer seperti penyimpanan data, server, dan aplikasi lewat internet, tanpa harus punya perangkat fisik sendiri. Ibaratnya, daripada simpan file di komputer pribadi, kita taruh di ""awan"" (cloud) dan bisa diakses kapan saja lewat internet. Jadi, kita nggak perlu beli perangkat mahal atau instal software berat, cukup sewa layanan cloud seperti Google Drive atau Dropbox. Praktis buat kerja, simpan data, atau kolaborasi online!";75;75;77
10;"Jelaskan konsep ""cloud computing"".";Suatu sistem integrasi perangkat sehinggan membuatnya salin berhubungan DNA dapat slaing berkomunikasi Dan pengelolaan data;70;40;65
10;"Jelaskan konsep ""cloud computing"".";Cloud computing adalah suatu konsep teknologi yang memungkinkan pengguna mengakses sumber daya komputask melalui internet;75;70;74
10;"Jelaskan konsep ""cloud computing"".";mengakses komputer melalui internet.;60;40;61
10;"Jelaskan konsep ""cloud computing"".";Metode penyampaian berbagai layananan melalui internet;60;56;56,25
10;"Jelaskan konsep ""cloud computing"".";Cloud computing adalah sistem berkomputer yag tehubung secara nirkabel antara satu komputer dengan lain. Cloud computing mempermudah interaksi antarkomputer karena adanya shared resources;75;60;73,5
10;"Jelaskan konsep ""cloud computing"".";Cloud Computing merupakan suatu skema dimana komputasi atau penjalanan program dijalankan di komputer selain utama. Hal ini signifikan karena Input dan Output program dikirim melalui jaringan dan melepas beban komputasi dari klien.;75;70;76
10;"Jelaskan konsep ""cloud computing"".";Cloud computing adalah konsep pemrosesan dan penyimpanan data yang dilakukan melalui internet. Dengan cloud computing, pengguna dapat mengakses berbagai layanan komputasi, seperti penyimpanan data, server, database, perangkat lunak, dan kecerdasan buatan, secara fleksibel sesuai kebutuhan;80;80;75
10;"Jelaskan konsep ""cloud computing"".";Cloud computing adalah teknologi yang memungkinkan pengguna untuk menyimpan, mengelola, dan mengakses data atau aplikasi melalui internet, tanpa harus bergantung pada perangkat keras fisik seperti penyimpanan memori pribadi. Dengan cloud computing, semua proses komputasi dilakukan di server jarak jauh yang dikelola oleh penyedia layanan, seperti Google Cloud, AWS, atau Microsoft Azure. Ini berarti pengguna bisa mengakses data dan aplikasi dari mana saja, asalkan ada koneksi internet. Teknologi ini lebih fleksibel, teknologi ini juga menghemat biaya karena tidak perlu membeli dan merawat infrastruktur sendiri. Cloud computing digunakan dalam berbagai bidang, mulai dari penyimpanan data, pengolahan AI, hingga hosting website dan aplikasi.;80;100;81
10;"Jelaskan konsep ""cloud computing"".";;0;0;0
10;"Jelaskan konsep ""cloud computing"".";Cloud computing adalah model komputasi yang memungkinkan pengguna mengakses sumber daya komputasi (seperti server, penyimpanan, database, jaringan, dan perangkat lunak) melalui internet tanpa perlu memiliki atau mengelola infrastruktur fisik sendiri.;90;80;89,75
10;"Jelaskan konsep ""cloud computing"".";Cloud computing adalah model komputasi berbasis internet yang memungkinkan pengguna mengakses sumber daya komputasi seperti server, penyimpanan, database, jaringan, dan perangkat lunak tanpa harus memiliki atau mengelola infrastruktur fisik sendiri;90;80;88,25
10;"Jelaskan konsep ""cloud computing"".";Cloud Computing adalah sebuah konsep yang dapat membantu user mengakses secara langsung;60;40;58,75
10;"Jelaskan konsep ""cloud computing"".";Cloud computing adalah konsep penggunaan sumber daya komputasi, seperti penyimpanan dan pemrosesan data, melalui internet tanpa perlu memiliki perangkat fisik sendiri. Dengan cloud computing, pengguna bisa mengakses data dan aplikasi kapan saja dari berbagai perangkat dengan koneksi internet.;80;75;78
10;"Jelaskan konsep ""cloud computing"".";;0;0;0
10;"Jelaskan konsep ""cloud computing"".";layanan komputasi yang dapat diakses melalui internet;60;70;55,5
10;"Jelaskan konsep ""cloud computing"".";komputasi di tempat yg berbeda dari perangkat;50;56;45
10;"Jelaskan konsep ""cloud computing"".";Cloud computing adalah model komputasi yang memungkinkan pengguna mengakses dan menyimpan data, serta menjalankan aplikasi melalui internet tanpa perlu bergantung pada perangkat fisik. Dengan cloud computing, sumber daya seperti server, penyimpanan, dan perangkat lunak dapat digunakan secara fleksibel dan efisien sesuai kebutuhan.;80;75;79,75
10;"Jelaskan konsep ""cloud computing"".";teknologi yang memungkinkan pengguna untuk mengakses dan menyimpan data serta menjalankan aplikasi melalui internet tanpa harus memiliki atau mengelola infrastruktur fisik sendiri;75;70;76,5
10;"Jelaskan konsep ""cloud computing"".";Algoritma yang dijalankan dalam server cloud;50;40;47,5
10;"Jelaskan konsep ""cloud computing"".";Cloud computing adalah model komputasi yang memungkinkan akses ke berbagai layanan komputasi, seperti penyimpanan data, server, database, jaringan, dan perangkat lunak, melalui internet tanpa harus memiliki atau mengelola infrastruktur fisik secara langsung. Layanan cloud biasanya disediakan oleh perusahaan seperti Google Cloud, Amazon Web Services (AWS), dan Microsoft Azure dengan model penggunaan on-demand atau berlangganan. Cloud computing memiliki beberapa jenis, seperti Infrastructure as a Service (IaaS), Platform as a Service (PaaS), dan Software as a Service (SaaS), yang memungkinkan fleksibilitas dan skalabilitas dalam penggunaan sumber daya komputasi.;80;100;86,75
10;"Jelaskan konsep ""cloud computing"".";Cloud computing adalah model layanan komputasi yang memungkinkan pengguna mengakses sumber daya komputasi melalui internet.;80;75;74
10;"Jelaskan konsep ""cloud computing"".";-;0;0;0
10;"Jelaskan konsep ""cloud computing"".";Dimana melakukuan komputasi melalui sistem yang terhubung ke internet bukan dalam sistem sendiri;70;70;74
10;"Jelaskan konsep ""cloud computing"".";Cloud computing adalah konsep komputasi yang memungkinkan pengguna untuk mengakses dan menyimpan data, menjalankan aplikasi, serta menggunakan layanan komputasi melalui internet tanpa perlu memiliki atau mengelola infrastruktur fisik secara langsung. Dalam sistem ini, sumber daya seperti server, penyimpanan, jaringan, dan perangkat lunak disediakan oleh penyedia layanan cloud dan dapat diakses sesuai kebutuhan pengguna. Cloud computing memiliki beberapa model layanan utama, yaitu Infrastructure as a Service (IaaS), Platform as a Service (PaaS), dan Software as a Service (SaaS). IaaS menyediakan infrastruktur dasar seperti server virtual dan penyimpanan, PaaS menyediakan lingkungan untuk pengembangan aplikasi, sedangkan SaaS memungkinkan pengguna untuk mengakses perangkat lunak secara langsung melalui internet tanpa perlu menginstalnya di perangkat mereka.;80;95;82
10;"Jelaskan konsep ""cloud computing"".";Layanan yang dapat diakses melalui internet;70;56;74
10;"Jelaskan konsep ""cloud computing"".";-;0;0;0
10;"Jelaskan konsep ""cloud computing"".";Layanan komputasi (seperti penyimpanan, server, database) yang diakses melalui internet, tanpa perlu infrastruktur fisik.;80;80;74
10;"Jelaskan konsep ""cloud computing"".";Cloud computing adalah teknologi yang memungkinkan penyimpanan, pengolahan, dan akses data atau aplikasi melalui internet tanpa memerlukan perangkat keras lokal. Layanan ini mencakup infrastruktur, platform, dan perangkat lunak yang dapat digunakan secara fleksibel sesuai kebutuhan. Cloud computing meningkatkan skalabilitas, efisiensi, dan aksesibilitas, memungkinkan pengguna mengakses data dari mana saja dengan koneksi internet.;80;90;89
10;"Jelaskan konsep ""cloud computing"".";cloud computing (komputasi awan) adalah metode penyampaian berbagai layanan melalui internet;70;80;68,75
10;"Jelaskan konsep ""cloud computing"".";-;0;0;0
10;"Jelaskan konsep ""cloud computing"".";Cloud computing adalah teknologi yang memungkinkan penyimpanan, pemrosesan, dan akses data atau aplikasi melalui internet, bukan di perangkat lokal. Layanan ini disediakan oleh penyedia cloud seperti AWS, Google Cloud, dan Microsoft Azure, yang menawarkan sumber daya komputasi sesuai kebutuhan. Cloud computing mencakup model seperti *Infrastructure as a Service* (IaaS), *Platform as a Service* (PaaS), dan *Software as a Service* (SaaS). Keunggulannya meliputi skalabilitas, efisiensi biaya, aksesibilitas dari berbagai perangkat, serta kemudahan kolaborasi dan pencadangan data secara otomatis.;80;100;78,75
10;"Jelaskan konsep ""cloud computing"".";Cloud Computing adalah model komputasi berbasis internet yang memungkinkan pengguna mengakses sumber daya komputasi, seperti penyimpanan data, server, jaringan, dan perangkat lunak, tanpa perlu memiliki atau mengelola infrastruktur fisik sendiri. Dengan konsep ini, layanan dapat digunakan secara fleksibel sesuai kebutuhan melalui sistem on-demand dan pay-as-you-go, sehingga lebih hemat biaya dan efisien. Cloud computing terdiri dari tiga model utama: IaaS (Infrastructure as a Service) yang menyediakan infrastruktur seperti server virtual, PaaS (Platform as a Service) yang menawarkan lingkungan pengembangan aplikasi, dan SaaS (Software as a Service) yang menyediakan perangkat lunak siap pakai melalui internet. Keunggulannya meliputi skalabilitas, aksesibilitas dari berbagai perangkat, keamanan data, serta kemudahan kolaborasi dalam tim. Model ini telah menjadi solusi utama bagi bisnis, pendidikan, dan layanan publik untuk meningkatkan efisiensi kerja serta mengurangi beban infrastruktur teknologi.;80;100;87,75
10;"Jelaskan konsep ""cloud computing"".";Cloud computing adalah model layanan yang memungkinkan pengguna mengakses sumber daya komputasi (seperti server, penyimpanan, aplikasi) melalui internet, tanpa perlu memiliki atau mengelola infrastruktur IT sendiri.;80;80;80,25
10;"Jelaskan konsep ""cloud computing"".";sistem komputer resources on demand tanpa manajemen user, tetapi menggunakan remote host dari internet;70;60;66,25
10;"Jelaskan konsep ""cloud computing"".";Cloud computing adalah konsep layanan komputasi yang diakses melalui internet, di mana data dan aplikasi disimpan serta dikelola di server jarak jauh, bukan di komputer lokal.;70;80;79
10;"Jelaskan konsep ""cloud computing"".";Cloud computing adalah model layanan komputasi yang memungkinkan pengguna mengakses dan menyimpan data, aplikasi, serta sumber daya melalui internet daripada di perangkat lokal. Konsep ini menawarkan fleksibilitas, skalabilitas, dan efisiensi biaya karena sumber daya seperti server, penyimpanan, dan perangkat lunak dapat digunakan sesuai kebutuhan tanpa investasi infrastruktur fisik.;80;95;81,5
10;"Jelaskan konsep ""cloud computing"".";Cloud computing adalah model penyediaan layanan komputasi melalui internet, mencakup penyimpanan, server, database, jaringan, dan perangkat lunak. Dengan cloud, pengguna dapat mengakses sumber daya sesuai kebutuhan tanpa harus memiliki infrastruktur fisik, meningkatkan skalabilitas, fleksibilitas, dan efisiensi biaya dalam pengelolaan data dan aplikasi.;80;100;81,25
10;"Jelaskan konsep ""cloud computing"".";"Cloud computing bisa berarti sebuah komputer, biasanya server, yang beroperasi seperti biasa namun diakses secara jarak jauh, dan tidak ""dipegang"" secara langsung";70;70;67,25
10;"Jelaskan konsep ""cloud computing"".";Computing lewat internet.;60;50;50
10;"Jelaskan konsep ""cloud computing"".";metode komputasi yang diakses melalui internet tanpa perlu akses fisik secara langsung.;75;60;70,75
10;"Jelaskan konsep ""cloud computing"".";Cloud computing menyimpan banyak data di dalam sebuah jaringan yang dapat diakses oleh banyak komputer.;70;56;62
10;"Jelaskan konsep ""cloud computing"".";Cloud computing adalah teknologi yang memungkinkan kita menyimpan dan mengakses data atau menjalankan aplikasi melalui internet, tanpa harus menggunakan penyimpanan atau perangkat keras sendiri.;80;70;74,75
10;"Jelaskan konsep ""cloud computing"".";komputer yang bekerja secara terpisah dengan user;40;50;30,25
10;"Jelaskan konsep ""cloud computing"".";Cloud computing memiliki fungsi utama sebagai penyimpanan data dan pertukaran informasi;60;56;56
10;"Jelaskan konsep ""cloud computing"".";Cloud Computing adalah metode penggunaan komputer dimana sebuah komputer processing powernya ditransfer ke sebuah server sentral dan komputer tersebut dapat digunakan secara nirkabel maupun tidak harus diakses di tempat.;70;60;72
10;"Jelaskan konsep ""cloud computing"".";;0;0;0
10;"Jelaskan konsep ""cloud computing"".";Adalah layanan berbasis cloud yang berarti melalui jaringan internet untuk menyediakan fitur-fitur seperti aplikasi tertentu.;70;60;77,75
10;"Jelaskan konsep ""cloud computing"".";penyediaan layanan komputasi melalui internet, termasuk penyimpanan, server, database, jaringan dll;70;60;71,75
10;"Jelaskan konsep ""cloud computing"".";Cloud computing merupakan teknologi yang memungkinkan pengguna untuk mendapatkan akses terhadap sumber daya komputasi melalui internet. Sumber daya itu dikelola di pusat informasi yang terhubung ke internet.;80;65;82,25
10;"Jelaskan konsep ""cloud computing"".";Sebuah model komputasi yang memungkinkan akses ke sumber daya komputasi melalui internet;90;65;90,25
10;"Jelaskan konsep ""cloud computing"".";Cloud computing adalah teknologi yang memungkinkan pengguna untuk menyimpan, mengakses, dan mengelola data serta aplikasi melalui internet tanpa perlu memiliki atau mengelola perangkat keras secara langsung. Dengan cloud computing, sumber daya seperti server, penyimpanan, dan perangkat lunak dapat digunakan sesuai kebutuhan dan dibayar berdasarkan pemakaian.;80;80;76,25
10;"Jelaskan konsep ""cloud computing"".";Cloud computing adalah konsep mengirim service-service computer.;50;40;49
10;"Jelaskan konsep ""cloud computing"".";Cloud computing adalah kumpulan dari berbagai perangkat / sistem komputer yang terintegrasi menjadi satu atau saling terhubung dalam suatu jaringan yang dapat digunakan oleh pihak lain/luar secara on-demand service melalui suatu jaringan.;70;56;72,25
10;"Jelaskan konsep ""cloud computing"".";Cloud computing memungkinkan akses layanan komputasi dengan internet tanpa perlu memiliki infrastruktur sendiri.;80;70;84,75
10;"Jelaskan konsep ""cloud computing"".";Cloud computing atau komputasi awan adalah konsep di mana sumber daya komputasi seperti server, penyimpanan, dan aplikasi, disajikan sebagai layanan melalui internet, memungkinkan pengguna mengaksesnya tanpa perlu mengelola infrastruktur sendiri.;80;80;76,25
10;"Jelaskan konsep ""cloud computing"".";Cloud computing adalah salah satu bentuk penerapan sistem jaringan. Cloud computing memungkinkan komputasi di jaringan internet t;70;65;75,75
10;"Jelaskan konsep ""cloud computing"".";Cloud computing adalah konsep di mana data, aplikasi, dan layanan komputasi disediakan melalui internet, bukan disimpan atau dijalankan langsung di perangkat pengguna. Ini memungkinkan pengguna untuk mengakses dan menggunakan sumber daya komputasi tanpa perlu memiliki atau mengelola infrastruktur fisik sendiri;80;80;79,5
10;"Jelaskan konsep ""cloud computing"".";computing yang dilakukan di server cloud;60;60;55,5
10;"Jelaskan konsep ""cloud computing"".";Cloud computing adalah model komputasi yang memungkinkan pengguna mengakses dan menyimpan data, serta menjalankan aplikasi melalui internet tanpa perlu memiliki atau mengelola infrastruktur fisik sendiri. Layanan cloud biasanya dibagi menjadi tiga kategori utama: Infrastructure as a Service (IaaS), Platform as a Service (PaaS), dan Software as a Service (SaaS). Contohnya adalah Google Drive, Microsoft Azure, dan Amazon Web Services (AWS).;75;80;83,25
10;"Jelaskan konsep ""cloud computing"".";cloud computing adalah suatu jaringan dimana setiap perangkat terhubung satu sama lain;70;20;68
10;"Jelaskan konsep ""cloud computing"".";Cloud computing adalah teknologi yang memungkinkan pengguna menyimpan data dan menjalankan aplikasi melalui internet tanpa bergantung pada perangkat fisik tertentu, sehingga lebih fleksibel dan efisien.;70;56;73,5
10;"Jelaskan konsep ""cloud computing"".";Menyimpan data pada server;70;50;63
10;"Jelaskan konsep ""cloud computing"".";Berbagai layanan melalui internet;70;56;71
10;"Jelaskan konsep ""cloud computing"".";mengakses server, penyimpanan, dan aplikasi melalui internet tanpa perangkat tertentu;80;56;77
10;"Jelaskan konsep ""cloud computing"".";Cloud computing merupakan konsep dimana suatu komputasi dilakukan di server eksternal dan bukan pada perangkat komputer yanh digunakan oleh pengguna;70;60;68,25
10;"Jelaskan konsep ""cloud computing"".";Menggunakan perangkat bukan milik sendiri untuk melakukan komputasi, biasanya untuk server.;75;50;73
10;"Jelaskan konsep ""cloud computing"".";cloud computing adalah sebuah perangkat lunak berupa komputer yang berada dalam jaringan;75;20;78
10;"Jelaskan konsep ""cloud computing"".";Teknologi yang memungkinkan mengakses data melalui internet. Contohnya google drive.;75;56;69
10;"Jelaskan konsep ""cloud computing"".";Cloud computing adalah konsep dimana layanan komputasi yang dimanfaatkan atau disebar internet untuk menyediakan sumber daya komputasi;80;50;82,25
10;"Jelaskan konsep ""cloud computing"".";layanan komputasi yang memungkinkan pengguna mengakses sumber daya komputasi melalui internet;80;60;80,5
10;"Jelaskan konsep ""cloud computing"".";-;0;0;0
10;"Jelaskan konsep ""cloud computing"".";model komputasi yang memungkinkan pengguna mengakses sumber daya komputasi melalui internet tanpa harus memiliki atau mengelola infrastruktur fisik sendiri.;80;70;74,5
10;"Jelaskan konsep ""cloud computing"".";Cloud computing adalah sistem operasi komputer di mana penyimpanan disimpan di sebuah server dengan kapasitas raksasa sehingga pengguna menganggap data disimpan di awan dan tidak tersimpan di gawai pribadi secara langsung.;70;50;67
10;"Jelaskan konsep ""cloud computing"".";Cloud computing adalah model komputasi berbasis internet yang memungkinkan pengguna untuk mengakses dan menggunakan sumber daya komputasi (seperti server, penyimpanan, dan aplikasi) tanpa harus memiliki atau mengelola infrastruktur fisik sendiri;90;70;95,75
10;"Jelaskan konsep ""cloud computing"".";-;0;0;0
10;"Jelaskan konsep ""cloud computing"".";penyediaan layanan komputasi (seperti penyimpanan, server, database, jaringan, dan perangkat lunak) melalui internet;80;60;71,5
10;"Jelaskan konsep ""cloud computing"".";Tidak ada komputer fisiknya. Karena fisiknya berada di pusat data center. Mengaksesnya hanya perlu menggunakan internet;70;56;66,5
10;"Jelaskan konsep ""cloud computing"".";Cloud computing itu kayak nyewa komputer di internet. bisa simpen data, jalanin aplikasi, atau pakai server tanpa perlu punya hardware sendiri.;70;65;72
10;"Jelaskan konsep ""cloud computing"".";;0;0;0
10;"Jelaskan konsep ""cloud computing"".";.;0;0;0
10;"Jelaskan konsep ""cloud computing"".";Cloud computing adalah metode penyampaian berbagai layanan melalui internet;70;56;62,5
10;"Jelaskan konsep ""cloud computing"".";Layanan bisa diakses dari mana saja tanpa perlu install atau simpan di komputer sendiri;70;56;69,5
10;"Jelaskan konsep ""cloud computing"".";Menyediakan apa yang diinginkan user;0;0;0
10;"Jelaskan konsep ""cloud computing"".";"Cloud computing adalah konsep komputasi yang menyediakan layanan komputasi, seperti penyimpanan data, server, basis data, jaringan, perangkat lunak, dan lainnya, melalui internet (""cloud"").";80;70;79
10;"Jelaskan konsep ""cloud computing"".";Cloud computing atau komputasi awan adalah layanan yang memungkinkan pengguna mengakses sumber daya komputasi melalui internet.;80;70;78,75
10;"Jelaskan konsep ""cloud computing"".";Cloud computing adalah penyediaan layanan komputasi, termasuk penyimpanan, pemrosesan, dan aplikasi, melalui internet (awan) sehingga pengguna dapat mengaksesnya kapan saja dan dari mana saja tanpa memerlukan infrastruktur fisik.;80;70;77
10;"Jelaskan konsep ""cloud computing"".";Cloud computing adalah model layanan yang memungkinkan pengguna mengakses sumber daya komputasi (seperti server, penyimpanan, dan aplikasi) melalui internet, tanpa perlu memiliki atau mengelola infrastruktur fisik sendiri;90;70;87
10;"Jelaskan konsep ""cloud computing"".";-;0;0;0
10;"Jelaskan konsep ""cloud computing"".";Layanan yang memungkinkan anda mengakses komputer tanpa perlu membeli perangkat;75;56;76
10;"Jelaskan konsep ""cloud computing"".";model layanan yang memungkinkan pengguna mengakses sumber daya komputasi melalui internet.;80;60;80,75
10;"Jelaskan konsep ""cloud computing"".";;0;0;0
10;"Jelaskan konsep ""cloud computing"".";Cloud computing adalah layanan komputasi yang disediakan melalui internet, memungkinkan akses data dan aplikasi tanpa perlu perangkat keras lokal. Layanan ini mencakup model seperti IaaS, PaaS, dan SaaS, yang memudahkan pengguna untuk mengakses dan mengelola data serta aplikasi secara fleksibel.;80;70;81
10;"Jelaskan konsep ""cloud computing"".";Komputasi yang menyediakan akses ke server, database, dan jaringan.;80;56;76
10;"Jelaskan konsep ""cloud computing"".";Service untuk computing yang berbasis internet bukan bentuk fisik;65;60;67,25
10;"Jelaskan konsep ""cloud computing"".";Cloud computing itu teknologi yang bikin kita bisa menyimpan data dan menjalankan aplikasi lewat internet, tanpa harus pakai komputer atau hard drive sendiri.;70;60;68,75
10;"Jelaskan konsep ""cloud computing"".";Cloud computing merupakan sistem yang menekankan kepada proses komputasi yang dilakukan di remote server. Cloud computing ini dilakukan pada data center yang besar dengan resource yang canggih.;70;60;76
10;"Jelaskan konsep ""cloud computing"".";Layanan komputasi yang menyediakan sumber daya seperti penyimpanan data, server,aplikasi, dan jaringan secara online;80;70;74,25
10;"Jelaskan konsep ""cloud computing"".";-;0;0;0
10;"Jelaskan konsep ""cloud computing"".";Tidak tahu;0;0;0
10;"Jelaskan konsep ""cloud computing"".";Operasi yang dijalankan melalui suatu server, jadi yang mengerjakan adalah server dan pengguna hanya input dan output;60;56;56,25
10;"Jelaskan konsep ""cloud computing"".";Cloud Computing adalah konsep di mana kita melakukan komputasi tetapi berbasis cloud;40;56;41
10;"Jelaskan konsep ""cloud computing"".";Menjalankan suatu program pada komputer lain dari komputer sendiri dengan menggunakan jaringan;60;56;57,25
10;"Jelaskan konsep ""cloud computing"".";Cloud computing itu konsep nyewa layanan komputer, kayak penyimpanan atau aplikasi, lewat internet. Jadi, nggak perlu punya server sendiri, cukup akses dari penyedia layanan kayak Google Drive atau AWS, lebih fleksibel dan hemat.;70;70;70,5
10;"Jelaskan konsep ""cloud computing"".";Computing yang menggunakan database sentral. Tidak menggunakan jaringan komputer pribadi.;50;56;53
10;"Jelaskan konsep ""cloud computing"".";Konsep cloud computing adalah penyediaan layanan komputasi (seperti server, penyimpanan, database, jaringan, dan perangkat lunak) melalui internet, memungkinkan pengguna mengakses dan menggunakannya tanpa perlu memiliki dan mengelola infrastruktur fisik sendiri.;80;90;79
10;"Jelaskan konsep ""cloud computing"".";Jadi kita store data kita di internet bukan di device kita;60;56;66
10;"Jelaskan konsep ""cloud computing"".";Cloud computing adalah metode untuk melakukan komputasi dengan komputer lain yang jauh lebih kuat dengan mengaksesnya melalui jaringan;75;70;70,5
10;"Jelaskan konsep ""cloud computing"".";Suatu layanan untuk menyewakan komputer secara digital, maksudnya kita meminjam kemampuan komputer untuk melakukan sesuatu;0;65;0
10;"Jelaskan konsep ""cloud computing"".";Cloud computing adalah sistem dimana banyak komputer dengan hardware yang relatif lemah terhubung melalui cloud dengan komputer yang lebih kuat, sehingga menurunkan biaya yang diperlukan untuk mendapatkan hardware / processing power yang lebih kuat;60;70;60,75
10;"Jelaskan konsep ""cloud computing"".";menyimpan data di internet bukan di perangkat;60;56;62
10;"Jelaskan konsep ""cloud computing"".";kayak database yang bisa diakses online;60;56;51
10;"Jelaskan konsep ""cloud computing"".";"Basically, dia komputer tapi ga dalam bentuk ""fisik"" melainkan internet. Bisa kaya gdrive gt atau software atay apapun yg berbasis di internet tp pdrilaku ky komputer";50;56;49
10;"Jelaskan konsep ""cloud computing"".";cloud computing adalah konsep penyediaan layanan komputasi seperti server, penyimpanan, database, jaringan, dan perangkat lunak melalui internet;80;60;80
10;"Jelaskan konsep ""cloud computing"".";Cloud computing adalah ketika kita bekerja dengan data yang kita dapatkan dari perangkat komputer lain, biasanya server, yang membentuk jaringan awan, karena biasanya server ini dapat menampung data yang sangat banyak yang dapat kita ambil tanpa hubungan kabel (wireless) dari jarak yang jauh, bagaikan awan.;70;60;71,25
10;"Jelaskan konsep ""cloud computing"".";"Cloud computing artinya memindahkan komputasi ke ""cloud"", yang biasanya merupakan sekumpulan komputer pada data center atau semacamnya yang dirancang untuk melakukan komputasi yang mungkin terlalu berat untuk komputer pribadi.";70;60;72,75
10;"Jelaskan konsep ""cloud computing"".";cloud computing itu nyediain layanan komputer lewat internet, kayak penyimpanan data atau aplikasi yang bisa kita akses dari mana aja, nggak perlu hardware khusus.;70;60;70,5
10;"Jelaskan konsep ""cloud computing"".";Cloud computing adalah proses mengolah data secara peramban atau tidak memerlukan perangkat fisik.;60;56;52,5
10;"Jelaskan konsep ""cloud computing"".";Cloud computing adalah cara suatu user menggunakan perangkat penyimpanan dari perusahaan yang menyediakan tempat penyimpanan tanpa perlu membeli dan menyimpan perangkat fisiknya;80;65;84
10;"Jelaskan konsep ""cloud computing"".";Cloud computing menyediakan sumber daya komputasi melalui internet secara fleksibel dan scalable.;70;70;65,5
10;"Jelaskan konsep ""cloud computing"".";Cloud computing adalah teknologi yang memungkinkan akses layanan komputasi seperti penyimpanan, pemrosesan, dan perangkat lunak melalui internet tanpa harus memiliki perangkat keras sendiri.;80;70;72
10;"Jelaskan konsep ""cloud computing"".";Cloud computing menyediakan resource komputasi seperti penyimpanan sesuai permintaan melalui internet;75;56;69,5
10;"Jelaskan konsep ""cloud computing"".";Cloud computing adalah penyediaan layanan komputasi, seperti server, penyimpanan, dan aplikasi, melalui internet. Pengguna mengakses sumber daya ini sesuai kebutuhan tanpa memiliki infrastruktur fisik. Konsepnya menawarkan fleksibilitas, skalabilitas, dan efisiensi biaya, dengan data disimpan di server jarak jauh yang dikelola penyedia layanan seperti AWS atau Google Cloud;80;80;87,25
10;"Jelaskan konsep ""cloud computing"".";Cloud computing adalah model layanan teknologi yang memungkinkan pengguna untuk mengakses dan menyimpan data serta menjalankan aplikasi di server jarak jauh melalui internet, bukan di perangkat lokal.;80;65;82
10;"Jelaskan konsep ""cloud computing"".";Cloud computing adalah model penyampaian layanan komputasi yang memungkinkan akses sumber daya seperti server, penyimpanan, jaringan, dan perangkat lunak melalui internet, tanpa perlu memiliki atau mengelola infrastruktur fisik;90;70;88
10;"Jelaskan konsep ""cloud computing"".";Computing yang dilakukan di komputer lain (awan);20;56;14,75
10;"Jelaskan konsep ""cloud computing"".";model komputasi berbasis internet;60;56;50,75
10;"Jelaskan konsep ""cloud computing"".";cloud computing adalah penjalanan program komputer tapi tidak pada komputer itu sendiri;40;56;42
10;"Jelaskan konsep ""cloud computing"".";Cloud computing adalah layanan komputasi (seperti server, penyimpanan, atau aplikasi) yang disediakan secara on-demand melalui internet, memungkinkan akses fleksibel dan skalabel tanpa perlu mengelola infrastruktur fisik.;80;70;76,25
10;"Jelaskan konsep ""cloud computing"".";Cloud Computing adalah teknologi yang memungkinkan penyimpanan, pengolahan, dan akses data atau aplikasi melalui internet tanpa perlu perangkat keras atau fisik;80;65;79,5
10;"Jelaskan konsep ""cloud computing"".";cloud computing merupakan sumber daya data pada suatu server yang dapat diakses oleh computer lain;70;60;67
10;"Jelaskan konsep ""cloud computing"".";Layanan komputasi (server, penyimpanan, database, dll.) yang diakses via internet, tanpa perlu infrastruktur fisik sendiri. Contoh: AWS, Google Cloud.;70;60;64,5
10;"Jelaskan konsep ""cloud computing"".";Cloud computing adalah konsep penggunaan sumber daya komputasi (seperti penyimpanan, server, dan aplikasi) melalui internet tanpa perlu memiliki atau mengelola perangkat fisik sendiri. Dengan cloud, pengguna bisa mengakses data dan layanan secara fleksibel, skala sesuai kebutuhan, serta mengurangi biaya infrastruktur karena semuanya dijalankan di server jarak jauh.;80;80;78,25
10;"Jelaskan konsep ""cloud computing"".";teknologi yang memungkinkan pengguna untuk mengakses dan menyimpan data, serta menjalankan aplikasi melalui internet;75;56;73
10;"Jelaskan konsep ""cloud computing"".";Cloud computing adalah model penyampaian layanan komputasi yang memungkinkan akses sumber daya seperti server, penyimpanan, jaringan, dan perangkat lunak melalui internet;85;56;86,5
10;"Jelaskan konsep ""cloud computing"".";data disimpan di cloud;50;40;41,75
10;"Jelaskan konsep ""cloud computing"".";model layanan yang memungkinkan pengguna mengakses sumber daya komputasi (seperti server, penyimpanan, dan aplikasi) melalui internet, tanpa perlu memiliki atau mengelola infrastruktur fisik sendiri;90;70;89,5
10;"Jelaskan konsep ""cloud computing"".";Cloud computing adalah model penyediaan layanan komputasi melalui internet, memungkinkan pengguna untuk mengakses sumber daya seperti penyimpanan data, aplikasi, dan pemrosesan tanpa harus memiliki infrastruktur fisik sendiri. Layanan ini fleksibel, skalabel, dan dapat diakses kapan saja, mengurangi biaya dan mempermudah manajemen TI.;80;100;74,5
10;"Jelaskan konsep ""cloud computing"".";Cloud computing adalah bagaimana kita mengoperasikan komputer tertentu secara jarak jauh dengan menggunakan komputer yang sedang kita gunakan.;70;60;68,75
10;"Jelaskan konsep ""cloud computing"".";Menurut saya, Cloud computing adalah teknologi yang memungkinkan pengguna mengakses dan menyimpan data, serta menjalankan aplikasi melalui internet, tanpa perlu memiliki atau mengelola infrastruktur fisik sendiri.;80;65;79,5
10;"Jelaskan konsep ""cloud computing"".";penyimpanan data digital;50;20;42
10;"Jelaskan konsep ""cloud computing"".";database yang digunakan menyimpan dara;20;20;21,75
10;"Jelaskan konsep ""cloud computing"".";Cloud computing menyediakan sumber daya komputasi melalui internet secara fleksibel dan scalable.;80;60;86
10;"Jelaskan konsep ""cloud computing"".";kurang tahu;0;0;0
10;"Jelaskan konsep ""cloud computing"".";database penyimpanan data;30;20;24
10;"Jelaskan konsep ""cloud computing"".";cloud computing merupakan segala pengolahan data secara cloud;50;50;42
10;"Jelaskan konsep ""cloud computing"".";Cloud computing adalah model penyampaian layanan komputasi yang memungkinkan akses sumber daya seperti server, penyimpanan, jaringan, dan perangkat lunak melalui internet, tanpa perlu memiliki atau mengelola infrastruktur fisik. ;80;90;79,5
10;"Jelaskan konsep ""cloud computing"".";Cloud computing adalah layanan komputasi yang memungkinkan akses ke server, penyimpanan, jaringan, dan perangkat lunak melalui internet tanpa perlu memiliki komponen fisiknya.;80;75;80
10;"Jelaskan konsep ""cloud computing"".";Cloud computing adalah komputasi yang dilakukan dengan komputer yang bukan merupakan komputer yang sedang digunakan.;70;50;75,5
10;"Jelaskan konsep ""cloud computing"".";Cloud computing adalah model penyampaian layanan komputasi yang memungkinkan akses sumber daya seperti server, penyimpanan, jaringan, dan perangkat lunak melalui internet, tanpa perlu memiliki atau mengelola infrastruktur fisik.;80;90;78
10;"Jelaskan konsep ""cloud computing"".";model komputasi di mana sumber daya komputasi (seperti server, penyimpanan, dan aplikasi) disediakan melalui internet. Pengguna dapat mengakses dan menggunakan layanan ini tanpa harus memiliki atau mengelola infrastruktur fisik sendiri. Contoh layanan cloud computing adalah Google Drive, Microsoft Azure, dan AWS.;80;100;87,75
10;"Jelaskan konsep ""cloud computing"".";suatu sistem komputasi dimana semua hal terkait komputasi diatasi secara daring (bukan oleh komputer sendiri);60;56;55,75
10;"Jelaskan konsep ""cloud computing"".";Cloud computing adalah model komputasi yang memungkinkan pengguna mengakses sumber daya komputasi seperti server, penyimpanan, dan aplikasi melalui internet. Layanan cloud dibagi menjadi beberapa kategori seperti IaaS (Infrastructure as a Service), PaaS (Platform as a Service), dan SaaS (Software as a Service). Contohnya termasuk Google Drive, AWS, dan Microsoft Azure.;80;70;74,25
10;"Jelaskan konsep ""cloud computing"".";Cloud computing adalah model penyampaian layanan komputasi yang memungkinkan akses sumber daya seperti server, penyimpanan, jaringan, dan perangkat lunak melalui internet, tanpa perlu memiliki atau mengelola infrastruktur fisik.;90;100;86
10;"Jelaskan konsep ""cloud computing"".";Penyimpanan data yang disimpan dalam jaringan aktif skala besar bernama cloud;40;40;43
10;"Jelaskan konsep ""cloud computing"".";Cloud computing adalah model penyampaian layanan komputasi yang memungkinkan akses sumber daya seperti server, penyimpanan, jaringan, dan perangkat lunak melalui internet, tanpa perlu memiliki atau mengelola infrastruktur fisik.  Berikut adalah penjelasan lebih rinci tentang konsep cloud computing: Akses Sumber Daya Melalui Internet: Cloud computing memungkinkan pengguna untuk mengakses dan menggunakan sumber daya komputasi (seperti server, penyimpanan, jaringan, dan perangkat lunak) melalui internet.  On-Demand dan Self-Service: Pengguna dapat mengakses sumber daya komputasi sesuai kebutuhan, kapan saja, dan di mana saja, tanpa perlu menunggu persetujuan atau bantuan dari penyedia layanan.  Fleksibilitas dan Skalabilitas: Cloud computing memberikan fleksibilitas dan skalabilitas yang tinggi, memungkinkan pengguna untuk meningkatkan atau mengurangi sumber daya komputasi sesuai kebutuhan bisnis mereka.  Penghematan Biaya: Dengan cloud computing, pengguna dapat mengurangi biaya investasi dalam infrastruktur IT, seperti pembelian perangkat keras dan perangkat lunak, serta biaya operasional dan pemeliharaan.  Contoh Layanan Cloud Computing: IaaS (Infrastructure as a Service): Menyediakan infrastruktur seperti server, penyimpanan, dan jaringan sebagai layanan.  PaaS (Platform as a Service): Menyediakan platform untuk pengembangan, pengujian, dan penyebaran aplikasi.  SaaS (Software as a Service): Menyediakan perangkat lunak sebagai layanan, seperti email, CRM, dan aplikasi kolaborasi.  Manfaat Cloud Computing: Kemudahan Akses: Pengguna dapat mengakses data dan aplikasi dari mana saja, kapan saja, selama ada koneksi internet.  Kolaborasi: Cloud computing mempermudah kolaborasi antar tim, karena data dan aplikasi dapat diakses secara bersamaan.  Keamanan Data: Penyedia layanan cloud memiliki infrastruktur dan keamanan yang canggih untuk melindungi data pengguna.  Efisiensi Biaya: Cloud computing membantu mengurangi biaya investasi dan operasional IT.  Contoh Aplikasi Cloud Computing: Penyimpanan Data: Google Drive, Dropbox, OneDrive.  Aplikasi Kolaborasi: Google Workspace, Microsoft 365, Zoom.  Layanan Email: Gmail, Outlook.  Aplikasi Web: Media sosial, e-commerce, aplikasi keuangan. ;80;100;85
10;"Jelaskan konsep ""cloud computing"".";Cloud computing adalah model penyediaan layanan komputer (seperti server, penyimpanan data, aplikasi, dan lainnya) yang dapat diakses melalui internet (cloud).;80;80;73,5
10;"Jelaskan konsep ""cloud computing"".";menjalankan sebuah kode yang menggunakan hardware orang lain;20;20;20,25
10;"Jelaskan konsep ""cloud computing"".";Cloud computing adalah sistem operasi yang berjalan secara online dan kita tidak bisa mengakses hardware secara langsung;70;20;74,5
10;"Jelaskan konsep ""cloud computing"".";Perpindahan services atau resources lewat internet;50;20;52
10;"Jelaskan konsep ""cloud computing"".";memungkin user/pengguna mengakses server dll;50;20;46,75
10;"Jelaskan konsep ""cloud computing"".";jasa penyedia hardware komputer, dimana kita dapat menggunakan hardware komputer yang kita sewa melalui komputer yang kita miliki;40;50;45
10;"Jelaskan konsep ""cloud computing"".";Cloud computing itu konsep di mana data, aplikasi, dan layanan bisa diakses lewat internet tanpa perlu disimpan di perangkat lokal. Semua proses komputasi dilakukan di server jarak jauh (cloud), jadi pengguna bisa pakai layanan seperti penyimpanan (Google Drive), pemrosesan (AWS, Azure), atau aplikasi (Google Docs) dari mana saja. Keuntungannya? Hemat biaya, fleksibel, dan bisa diakses kapan pun asal ada internet;70;100;66
10;"Jelaskan konsep ""cloud computing"".";Cloud computing adalah model penyampaian layanan komputasi yang memungkinkan akses sumber daya seperti server, penyimpanan, jaringan, dan perangkat lunak melalui internet, tanpa perlu memiliki atau mengelola infrastruktur fisik.;90;100;98,5
10;"Jelaskan konsep ""cloud computing"".";Cloud computing adalah computing yang meliputi berbagai perangkat yang ada dalam sebuah web.;70;50;74
10;"Jelaskan konsep ""cloud computing"".";Konsepnya adalah menjalankan program pada suatu jasa penyedia komputer, namun program akan di display dam di control oleh device kita.;20;60;15
10;"Jelaskan konsep ""cloud computing"".";konsep untuk komputasi untuk penyimpanan, server;70;50;60,5
10;"Jelaskan konsep ""cloud computing"".";cloud computing (komputasi awan) adalah metode penyampaian berbagai layanan melalui internet. contohnya adalah aplikasi seperti penyimpanan data, server, database, jaringan, dan perangkat lunak.;80;80;78,5
10;"Jelaskan konsep ""cloud computing"".";Pemrosesan dilakukan di perangkat lain;20;50;26
10;"Jelaskan konsep ""cloud computing"".";Cloud computing adalah teknologi yang memungkinkan penyimpanan dan pemrosesan data melalui internet tanpa harus bergantung pada perangkat fisik.;80;56;72
10;"Jelaskan konsep ""cloud computing"".";teknologi yang memungkinkan pengguna mengakses sumber daya komputasi melalui internet;80;56;82
10;"Jelaskan konsep ""cloud computing"".";model pengiriman layanan komputasi yang memungkinkan pengguna untuk mengakses sumber daya komputasi melalui internet.;80;56;72,75
10;"Jelaskan konsep ""cloud computing"".";Cloud computing memiliki konsep menjalankan sistem komputer dengan mengandalkan jaringan internet;65;56;65,5
10;"Jelaskan konsep ""cloud computing"".";Cloud computing adalah model komputasi yang menyediakan akses on-demand ke sumber daya komputasi (seperti server, penyimpanan, dan aplikasi) melalui internet, tanpa memerlukan pengelolaan langsung oleh pengguna.;90;60;92,75
10;"Jelaskan konsep ""cloud computing"".";Cloud computing adalah komputasi yang dilakukan melalui internet;80;56;81,5
10;"Jelaskan konsep ""cloud computing"".";Cloud computing merupakan sistem yang memungkinkan client dan server berkomunikasi, tentunya semua ini melalui internet.;70;50;70,25
10;"Jelaskan konsep ""cloud computing"".";Cloud computing memungkinkan user utk menyimpan dan mengelola data tanpa harus mempunyai tempar pemrosesan fisik;70;56;73
10;"Jelaskan konsep ""cloud computing"".";Cloud computing merupakan konsep di mana kita melakukan berbagai hal komputer dilakukan di cloud atau internet.;50;56;43,25
10;"Jelaskan konsep ""cloud computing"".";"Cloud computing adalah konsep dimana user bisa mengakses hal hal seperti database, server, dll pada sebuah ""cloud"" atau internet.";70;56;75,25
10;"Jelaskan konsep ""cloud computing"".";cloud computing adalah teknilogi yang memungkinkan untuk mengakses pemrograman melalui internet;70;56;68
10;"Jelaskan konsep ""cloud computing"".";Cloud computing itu layanan berbasis internet yang memungkinkan kita nyimpen data atau ngejalanin aplikasi tanpa harus punya hardware yang bagus;70;56;73
10;"Jelaskan konsep ""cloud computing"".";Seingat saya, cloud computing bekerja seperti media sosial. Kamu bisa menyimpan suatu gambar di DM temanmu misalnya. Akan tetapi, gambar tersebut tidak akan tersimpan langsung di HPmu. Apabila kamu menghapus gambar tersebut di gallery, di DM temanmu masih tersimpan. Jadi, bagiku cloud computing seperti penyimpanan tapi tidak bergantung dengan devicenya.;60;40;60,75
10;"Jelaskan konsep ""cloud computing"".";Cloud computing memanfaatkan virtualisasi prosesor, lalu komputer dapat diakses menggunakan internet;60;56;57
10;"Jelaskan konsep ""cloud computing"".";Cloud Computing adalah proses operasi komputasi yang dilakukan di Cloud atau di perangkat yang diakses melalui internet.;70;56;77,5
10;"Jelaskan konsep ""cloud computing"".";Sistem yang mempermudah akses komputasi melalui internet/cloud.;80;50;83,75
10;"Jelaskan konsep ""cloud computing"".";Cloud Computing adalah pemanfaatan layanan berbasis cloud untuk melakukan deployment jaringan di internet agar bisa diakses berbagai pengguna.;60;50;61
11;Jelaskan perbedaan antara perangkat lunak aplikasi dan perangkat lunak sistem.;PL sistem digunakan untuk mengelola hardware dan sistem dasar komouter, sedangkan PL aplikasi digunakan untuk mengelola sistem sesuai perintah pengguna;70;100;62,5
11;Jelaskan perbedaan antara perangkat lunak aplikasi dan perangkat lunak sistem.;Sistem sifatnya menyeluruh pada suatu device. Aplikasi hanya memiliki fungsi tertentu;40;56;40
11;Jelaskan perbedaan antara perangkat lunak aplikasi dan perangkat lunak sistem.;Perangkat lunak aplikasi (application software) dirancang untuk melakukan tugas-tugas spesifik yang dibutuhkan pengguna, seperti pengolah kata atau browser web, sementara perangkat lunak sistem (system software) mengelola sumber daya perangkat keras dan menyediakan layanan dasar untuk aplikasi. ;90;100;87
11;Jelaskan perbedaan antara perangkat lunak aplikasi dan perangkat lunak sistem.;Perangkat lunak aplikasi adalah program yang digunakan oleh pengguna untuk menjalankan tugas tertentu, seperti Microsoft Word untuk mengetik atau Google Chrome untuk browsing. Sedangkan perangkat lunak sistem adalah program yang mengelola dan mengontrol perangkat keras komputer, seperti sistem operasi (Windows, macOS, Linux) yang memungkinkan aplikasi berjalan dan mengatur sumber daya komputer.;80;100;88
11;Jelaskan perbedaan antara perangkat lunak aplikasi dan perangkat lunak sistem.;Perangkat lunak aplikasi (application software) dirancang untuk membantu pengguna melakukan tugas-tugas spesifik, sementara perangkat lunak sistem (system software) mengelola sumber daya perangkat keras dan menyediakan layanan dasar untuk aplikasi;90;100;87,5
11;Jelaskan perbedaan antara perangkat lunak aplikasi dan perangkat lunak sistem.;Perangkat lunak aplikasi adalah program yang kita gunakan untuk menggunakan jasanya. Contoh : Adobe Premiere Pro untum mengedit video. Sedangkan perangkat lunak sistem berguna untuk mengatur dan mengoperasikan hardware, contoh: BIOS pada motherboard.;80;90;86
11;Jelaskan perbedaan antara perangkat lunak aplikasi dan perangkat lunak sistem.;Perangkat lunak aplikasi adalah program yang dirancang untuk membantu pengguna menyelesaikan tugas tertentu, seperti pengolah kata, browser, atau aplikasi media sosial.    Perangkat lunak sistem adalah program yang mengelola perangkat keras dan menyediakan lingkungan bagi aplikasi untuk berjalan, seperti sistem operasi dan driver perangkat.;90;100;95,75
11;Jelaskan perbedaan antara perangkat lunak aplikasi dan perangkat lunak sistem.;Perangkat Lunak Aplikasi adalah program yang secara langsung digunakan oleh pengguna untuk menyelesaikan tugas tertentu (misalnya pengolah kata, pemutar musik, atau browser) sedangkan Perangkat Lunak Sistem adalah perangkat lunak yang mengelola dan mengendalikan sumber daya komputer, menyediakan platform bagi aplikasi untuk berjalan (misalnya sistem operasi dan driver).;80;100;86,75
11;Jelaskan perbedaan antara perangkat lunak aplikasi dan perangkat lunak sistem.;Perangkat lunak aplikasi untuk pengguna, perangkat lunak sistem untuk mengelola hardware.;80;90;80,75
11;Jelaskan perbedaan antara perangkat lunak aplikasi dan perangkat lunak sistem.;Perangkat lunak sistem lebih berorientasi pada pengguna, sedangkan perangkat lunak sistem digunakan untuk menghubungkan antar perangkat komputer.;80;50;78,75
11;Jelaskan perbedaan antara perangkat lunak aplikasi dan perangkat lunak sistem.;Perangkat Lunak Sistem adalah perangkat lunak tujuan umum sedangkan Perangkat Lunak Aplikasi adalah perangkat lunak tujuan khusus.;80;56;75,5
11;Jelaskan perbedaan antara perangkat lunak aplikasi dan perangkat lunak sistem.;Perangkat lunak sistem mengatur komputasi dalam komputer, perangkat lunak aplikasi mengatur apa yang ada di layar kita;70;60;69
11;Jelaskan perbedaan antara perangkat lunak aplikasi dan perangkat lunak sistem.;;0;0;0
11;Jelaskan perbedaan antara perangkat lunak aplikasi dan perangkat lunak sistem.;Perbedaan antara perangkat lunak aplikasi dan perangkat lunak sistem terletak pada fungsi dan tujuan penggunaannya.  Perangkat lunak aplikasi adalah program yang dirancang untuk membantu pengguna dalam melakukan tugas-tugas tertentu, seperti pengolah kata, spreadsheet, atau aplikasi media sosial. Contoh perangkat lunak aplikasi adalah Microsoft Word, Excel, atau Adobe Photoshop. Perangkat lunak ini digunakan langsung oleh pengguna untuk menjalankan aktivitas sehari-hari dan menyelesaikan pekerjaan tertentu.  Sementara itu, perangkat lunak sistem adalah perangkat lunak yang berfungsi untuk mengelola dan mengatur sumber daya perangkat keras komputer, serta menyediakan platform untuk menjalankan perangkat lunak aplikasi. Contoh perangkat lunak sistem adalah sistem operasi (seperti Windows, macOS, atau Linux) dan perangkat lunak utilitas seperti antivirus atau driver perangkat keras. Perangkat lunak ini bekerja di latar belakang untuk memastikan perangkat keras dan perangkat lunak aplikasi dapat berjalan dengan baik.  Singkatnya, perangkat lunak aplikasi membantu kita menyelesaikan pekerjaan tertentu, sementara perangkat lunak sistem memastikan komputer berjalan dengan lancar dan menyediakan dasar bagi perangkat lunak aplikasi untuk berfungsi;90;100;87
11;Jelaskan perbedaan antara perangkat lunak aplikasi dan perangkat lunak sistem.;perangkat lunak aplikasi adalah sistem yang dimiliki oleh suatu aplikasi sedangkan perangkat lunak sistem adalah perangkat lunak yang dipakai suatu gadget;70;20;64,75
11;Jelaskan perbedaan antara perangkat lunak aplikasi dan perangkat lunak sistem.;PLS berhubungan dengan kontrol sumber daya dan hardware. perangkat lunak berurursan dengan interaksi pengguna;70;70;61,25
11;Jelaskan perbedaan antara perangkat lunak aplikasi dan perangkat lunak sistem.;Perbedaan Utama Antara Perangkat Lunak Sistem dan Perangkat Lunak Aplikasi. Perangkat lunak sistem mengelola dan mengendalikan perangkat keras dan sumber daya komputer, sedangkan perangkat lunak aplikasi melakukan tugas tertentu untuk pengguna akhir.;90;90;90,75
11;Jelaskan perbedaan antara perangkat lunak aplikasi dan perangkat lunak sistem.;perangkat lunak sistem untuk mengontrol fungsi dasar komputer, sedangkan perangkat lunak aplikasi mengontrol tugas spesifik;80;90;79,5
11;Jelaskan perbedaan antara perangkat lunak aplikasi dan perangkat lunak sistem.;perangkat lunak sistem mengelola sumber informasi dari perangkat lunak aplikasi;90;50;90,75
11;Jelaskan perbedaan antara perangkat lunak aplikasi dan perangkat lunak sistem.;Perangkat lunak aplikasi adalah software yang digunakan langsung oleh pengguna untuk melakukan tugas tertentu, sedangkan Perangkat lunak sistem adalah software yang mengelola dan mendukung kinerja komputer, seperti sistem operasi (Windows, macOS, Linux) dan driver.;80;90;81
11;Jelaskan perbedaan antara perangkat lunak aplikasi dan perangkat lunak sistem.;Perangkat lunak aplikasi lebih berhubungan dengan apliaksinya seperti desain program2nya dll, sedangkan perangkat lunak sistem lebih berhubungan ke pengelolaan sumber daya dari hardware agar sistem operasi dapat berjalan;90;80;92,5
11;Jelaskan perbedaan antara perangkat lunak aplikasi dan perangkat lunak sistem.;Aplikasi cuman tertentu aja kalau lunak sistem yang mengendalikan sistem di komputer dan hardware nya;60;60;56
11;Jelaskan perbedaan antara perangkat lunak aplikasi dan perangkat lunak sistem.;Perangkat lunak aplikasi membantu pengguna melakukan tugas2 spesifik sedangkan perangkat lunak sistem mengelola sumber daya perangkat keras dan menyediakan layanan dasar untuk perangkat lunak aplikasi;90;100;86,5
11;Jelaskan perbedaan antara perangkat lunak aplikasi dan perangkat lunak sistem.;perangkat lunak aplikasi berfungsi untuk mengoperasikan hardware dan sumber daya komputer, sedangkan system software melakukan tugas untuk user;80;40;78
11;Jelaskan perbedaan antara perangkat lunak aplikasi dan perangkat lunak sistem.;Perangkat lunak sistem adalah jenis perangkat lunak yang dirancang untuk berkomunikasi dengan perangkat keras atau bahkan perangkat lunak aplikasi. Perangkat lunak aplikasi adalah jenis perangkat lunak yang dirancang untuk menyelesaikan tugas-tugas spesifik dalam sistem operasi. Beberapa dari tugas ini termasuk menangani dokumen, perhitungan, pengeditan gambar, dan lainnya.;80;90;78,75
11;Jelaskan perbedaan antara perangkat lunak aplikasi dan perangkat lunak sistem.;Perangkat lunak aplikasi (application software) dirancang untuk membantu pengguna melakukan tugas-tugas spesifik, sementara perangkat lunak sistem (system software) mengelola sumber daya perangkat keras dan menyediakan layanan dasar untuk aplikasi. ;90;100;95,25
11;Jelaskan perbedaan antara perangkat lunak aplikasi dan perangkat lunak sistem.;Kalau perangkat lunak sistem itu biasa nya digunakan untuk menyesuaikan hard ware, contoh di laptop legion ada sistem lenovo vantage yang bisa digunakan untuk menyeting speed,mode,fan dll.sdngkan sistem aplikasi itu contohnya seperti adobe premier dll;60;75;67,25
11;Jelaskan perbedaan antara perangkat lunak aplikasi dan perangkat lunak sistem.;perangkat lunak aplikasi adalah software yang diciptakan memang peruntukannya untuk memudahkan aktivitas dan produktivitas manusia. sedangkan perangkat lunak sistem adalah software untuk bertugas dalam megelola perangkat keras yang mengelola sistemnya;70;80;64,5
11;Jelaskan perbedaan antara perangkat lunak aplikasi dan perangkat lunak sistem.;Perangkat lunak aplikasi adalah sebuah software yang memudahkan user untuk melakukan task atau tujuan yang mereka ingin pada sebuh komputer. Sementara itu, perangkat lunak sistem adalah software yang menghubungkan semua sistem pada komputer dan jaringan agar task user bisa dimudahkan.;70;80;64,25
11;Jelaskan perbedaan antara perangkat lunak aplikasi dan perangkat lunak sistem.;perangkat lunak aplikasi memiliki beberapa restrictions sedangkan perangkat lunak sistem dapat mengakses daata seccara lebih bebass;70;20;69
11;Jelaskan perbedaan antara perangkat lunak aplikasi dan perangkat lunak sistem.;Perangkat lunak aplikasi dan sistem memiliki dasar perbedaan dalam sistem operasi dan kompleksitas karena aplikasi untuk menjalankan aplikasi dan sistem untuk sistem secara besar;70;20;69
11;Jelaskan perbedaan antara perangkat lunak aplikasi dan perangkat lunak sistem.;Bahasa pemrograman nya kalau perangkat lunak sistem itu Umumnya ditulis dalam bahasa tingkat rendah atau menengah, sedangkan perangkat lunak aplikasi Ditulis dalam bahasa tingkat tinggi.;60;40;64
11;Jelaskan perbedaan antara perangkat lunak aplikasi dan perangkat lunak sistem.;perangkat lunak aplikasi melakukan tugas spesifik yang diinginkan user, perangkat lunak sistem mengelola sumber daya hardware dan menyediakan layanan untuk aplikasi;90;100;91
11;Jelaskan perbedaan antara perangkat lunak aplikasi dan perangkat lunak sistem.;Perangkat lunak sistem adalah software yang bertugas mengontrol dan mengelola kerja perangkat keras komputer. Contohnya seperti sistem operasi Windows, macOS, atau Linux. Fungsinya memastikan semua komponen komputer bisa berjalan dengan baik. Sedangkan perangkat lunak aplikasi adalah program yang kita pakai secara langsung untuk menyelesaikan pekerjaan tertentu, seperti menulis dokumen di Microsoft Word atau browsing internet dengan Google Chrome. Jadi, perangkat lunak sistem adalah pengatur, sedangkan aplikasi adalah alat bantu pengguna.;85;90;88,75
11;Jelaskan perbedaan antara perangkat lunak aplikasi dan perangkat lunak sistem.;Perangkat lunak aplikasi adalah sistem yang memperoses didepan Dan digunakkkan langsung oleh user, sedangkan perangkat lunak sistem merupakkan program yang dijalankan dilatat belakang Dan langsung bekerja dengan bahasa komputer;70;70;75
11;Jelaskan perbedaan antara perangkat lunak aplikasi dan perangkat lunak sistem.;Perangkat lunak sistem mengelola hardware atau komputer itu sendiri, sedangkan perangkat lunak aplikasi melakukan perintah tertentu tergantung usernya.;70;80;66
11;Jelaskan perbedaan antara perangkat lunak aplikasi dan perangkat lunak sistem.;perangkat lunak sistem mengelola sumber daya perangkat, Aplikasi adalah program yang dirancang untuk melakukan tugas-tugas tertentu;80;85;69,5
11;Jelaskan perbedaan antara perangkat lunak aplikasi dan perangkat lunak sistem.;Sistem mengeolola hardware dan sumber daya komputer. Sedangkan, perangkay lunak aplikasi untuk mengerjakan tugas tugas tertentu;70;85;74
11;Jelaskan perbedaan antara perangkat lunak aplikasi dan perangkat lunak sistem.;Perangkat lunak sistem berada di atas perangkat lunak aplikasi dimana perangkat lunak sistem mengendalikan perangkat lunak aplikasi. Contoh sederhananya adalah aplikasi harus di design sesuai OS yang terinstal.;70;56;71
11;Jelaskan perbedaan antara perangkat lunak aplikasi dan perangkat lunak sistem.;Perangkat lunak aplikasi merupakan suatu program yang bekerja diatas perangkat lunak sistem. Dalam arti, perangkat lunak aplikasi memiliki abstraksi yang tinggi dan tidak secara langsung berfungsi dengan instruksi low level.;70;50;64,75
11;Jelaskan perbedaan antara perangkat lunak aplikasi dan perangkat lunak sistem.;Perangkat lunak aplikasi adalah program yang digunakan oleh pengguna untuk menjalankan tugas tertentu, seperti pengolah kata, browser, atau media player. Sementara itu, perangkat lunak sistem berfungsi untuk mengelola dan mengontrol perangkat keras serta menyediakan lingkungan bagi perangkat lunak aplikasi, seperti sistem operasi dan driver;80;100;89
11;Jelaskan perbedaan antara perangkat lunak aplikasi dan perangkat lunak sistem.;Perangkat lunak aplikasi dan perangkat lunak sistem memiliki perbedaan utama dalam fungsinya. Perangkat lunak aplikasi adalah program yang langsung digunakan oleh pengguna untuk menyelesaikan tugas tertentu, seperti Microsoft Word untuk mengetik, Google Chrome untuk browsing, atau Spotify untuk mendengarkan musik. Sementara itu, perangkat lunak sistem berfungsi untuk mengelola dan menjalankan perangkat komputer atau gadget, seperti sistem operasi Windows, macOS, Linux, atau Android. Tanpa perangkat lunak sistem, aplikasi tidak akan bisa berjalan karena sistem operasi-lah yang mengatur bagaimana perangkat keras dan perangkat lunak bekerja bersama.;80;100;83
11;Jelaskan perbedaan antara perangkat lunak aplikasi dan perangkat lunak sistem.;"Perangkat lunak aplikasi adalah perangkat lunak yang berfungsi untuk menjalankan perintah dalam aplikasi tersebut. Sementara perangkat lunak sistem berada pada sistem dan berfungsi mengontrol komputer untuk membuka dan menjalankan aplikasi serta fitur"" lain di dalam komputer";70;90;68
11;Jelaskan perbedaan antara perangkat lunak aplikasi dan perangkat lunak sistem.;Perangkat lunak sistem adalah program yang mengelola perangkat keras dan menyediakan platform bagi perangkat lunak lain, seperti sistem operasi (Windows, Linux) dan driver. Perangkat lunak aplikasi, di sisi lain, adalah program yang digunakan oleh pengguna untuk melakukan tugas tertentu, seperti Microsoft Word, Google Chrome, atau Photoshop. Perangkat lunak aplikasi bergantung pada perangkat lunak sistem agar dapat berjalan dengan baik.;80;100;83,25
11;Jelaskan perbedaan antara perangkat lunak aplikasi dan perangkat lunak sistem.;Perangkat lunak aplikasi adalah suatu sistem tertentu yang digunakan untuk mengeksekusi tugas tertentu dalam suatu sistem tertutup. Sedangkan perangkat lunak sistem adalah perangkat lunak yang digunakan untuk menjalankan tugas secara umum untum berbagai sistem yang berbeda;70;70;66
11;Jelaskan perbedaan antara perangkat lunak aplikasi dan perangkat lunak sistem.;Perangkat lunak aplikasi adalah program yang dinentuk untuk menyelesaikan tugas sehingga dapat membantu user. Sedangkat perangkat lunak sistem adalah perangkat lunak yang berfungsi untuk mengatur dan mengelola perangkat keras.;80;90;85,5
11;Jelaskan perbedaan antara perangkat lunak aplikasi dan perangkat lunak sistem.;Perangkat lunak aplikasi adalah program yang digunakan oleh pengguna untuk menjalankan tugas tertentu, seperti pengolah kata atau pemutar musik. Sementara itu, perangkat lunak sistem berfungsi mengelola perangkat keras dan menyediakan lingkungan bagi perangkat lunak aplikasi, contohnya sistem operasi.;80;100;81
11;Jelaskan perbedaan antara perangkat lunak aplikasi dan perangkat lunak sistem.;;0;0;0
11;Jelaskan perbedaan antara perangkat lunak aplikasi dan perangkat lunak sistem.;Perangkat lunak sistem mengelola sumber daya komputer, sedangkan perangkat lunak aplikasi melakukan tugas tertentu untuk pengguna.;80;90;86,75
11;Jelaskan perbedaan antara perangkat lunak aplikasi dan perangkat lunak sistem.;tidak tahu;0;0;0
11;Jelaskan perbedaan antara perangkat lunak aplikasi dan perangkat lunak sistem.;Perangkat lunak aplikasi adalah program yang digunakan oleh pengguna untuk menjalankan tugas tertentu, seperti pengolah kata atau browser. Sementara itu, perangkat lunak sistem berfungsi untuk mengelola perangkat keras dan menyediakan lingkungan bagi aplikasi, seperti sistem operasi.;80;100;76
11;Jelaskan perbedaan antara perangkat lunak aplikasi dan perangkat lunak sistem.;Perangkat lunak aplikasi adalah program yang dirancang untuk membantu pengguna dalam menjalankan tugas tertentu, seperti Microsoft Word, Google Chrome, dan Adobe Photoshop. sedangkan, Perangkat lunak sistem adalah perangkat lunak yang berfungsi untuk mengelola perangkat keras komputer dan menyediakan lingkungan bagi perangkat lunak aplikasi untuk berjalan, seperti sistem operasi (Windows, Linux, macOS) dan utilitas sistem.;80;100;80,75
11;Jelaskan perbedaan antara perangkat lunak aplikasi dan perangkat lunak sistem.;;0;0;0
11;Jelaskan perbedaan antara perangkat lunak aplikasi dan perangkat lunak sistem.;Perangkat lunak aplikasi adalah program yang dirancang untuk membantu pengguna dalam menjalankan tugas tertentu, seperti pengolahan kata, desain grafis, atau komunikasi. Contoh perangkat lunak aplikasi meliputi Microsoft Word, Adobe Photoshop, dan WhatsApp. Sementara itu, perangkat lunak sistem adalah perangkat lunak yang bertugas mengelola sumber daya perangkat keras dan menyediakan platform bagi perangkat lunak aplikasi untuk berjalan. Contohnya adalah sistem operasi (Windows, macOS, Linux) dan driver perangkat keras;80;100;88
11;Jelaskan perbedaan antara perangkat lunak aplikasi dan perangkat lunak sistem.;Perangkat lunak sistem mengelola sumber daya komputer, sedangkan perangkat lunak aplikasi melakukan tugas tertentu untuk pengguna.;80;90;77
11;Jelaskan perbedaan antara perangkat lunak aplikasi dan perangkat lunak sistem.;;0;0;0
11;Jelaskan perbedaan antara perangkat lunak aplikasi dan perangkat lunak sistem.;Belum faham;0;0;0
11;Jelaskan perbedaan antara perangkat lunak aplikasi dan perangkat lunak sistem.;Perangkat lunak aplikasi dan perangkat lunak sistem memiliki peran yang berbeda dalam suatu komputer. Perangkat lunak aplikasi adalah program yang dirancang untuk membantu pengguna menyelesaikan tugas tertentu, seperti pengolah kata, peramban web, atau perangkat lunak desain grafis. Perangkat lunak ini berjalan di atas sistem operasi dan digunakan secara langsung oleh pengguna untuk berbagai keperluan, baik produktivitas, hiburan, maupun komunikasi. Sementara itu, perangkat lunak sistem berfungsi untuk mengelola perangkat keras dan menyediakan lingkungan bagi perangkat lunak aplikasi agar dapat berjalan dengan baik. Contohnya adalah sistem operasi seperti Windows, macOS, dan Linux, serta perangkat lunak utilitas yang membantu dalam pengelolaan sistem, seperti program antivirus atau pengelola file. Perangkat lunak sistem bekerja di latar belakang untuk memastikan kinerja komputer tetap stabil dan efisien. Tanpa perangkat lunak sistem, perangkat lunak aplikasi tidak dapat dijalankan dengan optimal.;80;100;81,5
11;Jelaskan perbedaan antara perangkat lunak aplikasi dan perangkat lunak sistem.;Aplikasi disetel oleh pengguna, sistem sudah tertanam sejak awal dan krusial untuk perangkat;60;70;56,5
11;Jelaskan perbedaan antara perangkat lunak aplikasi dan perangkat lunak sistem.;-;0;0;0
11;Jelaskan perbedaan antara perangkat lunak aplikasi dan perangkat lunak sistem.;Aplikasi untuk tugas spesifik (contoh: browser), sistem untuk mengelola hardware dan menjalankan aplikasi;70;95;68
11;Jelaskan perbedaan antara perangkat lunak aplikasi dan perangkat lunak sistem.;Perangkat lunak aplikasi adalah program yang dirancang untuk membantu pengguna melakukan tugas tertentu, seperti pengolah kata, browser, atau media player. Sementara itu, perangkat lunak sistem berfungsi untuk mengelola perangkat keras dan menyediakan lingkungan bagi aplikasi, seperti sistem operasi dan driver. Perangkat lunak sistem bekerja di latar belakang, sedangkan perangkat lunak aplikasi digunakan langsung oleh pengguna untuk keperluan spesifik.;80;100;78
11;Jelaskan perbedaan antara perangkat lunak aplikasi dan perangkat lunak sistem.;Perangkat lunak sistem mengelola dan mengendalikan perangkat keras dan sumber daya komputer, sedangkan perangkat lunak aplikasi melakukan tugas tertentu untuk pengguna akhir.;80;90;74,25
11;Jelaskan perbedaan antara perangkat lunak aplikasi dan perangkat lunak sistem.;-;0;0;0
11;Jelaskan perbedaan antara perangkat lunak aplikasi dan perangkat lunak sistem.;Perangkat lunak aplikasi adalah program yang dirancang untuk membantu pengguna melakukan tugas tertentu, seperti pengolah kata (Microsoft Word), browser web (Google Chrome), atau media sosial. Sementara itu, perangkat lunak sistem berfungsi untuk mengelola perangkat keras dan menyediakan lingkungan bagi perangkat lunak aplikasi agar dapat berjalan, contohnya sistem operasi (Windows, Linux) dan driver perangkat. Perangkat lunak sistem bekerja di latar belakang untuk mengatur sumber daya komputer, sedangkan perangkat lunak aplikasi digunakan secara langsung oleh pengguna untuk menyelesaikan pekerjaan atau hiburan.;80;100;83,5
11;Jelaskan perbedaan antara perangkat lunak aplikasi dan perangkat lunak sistem.;Perangkat lunak aplikasi dan perangkat lunak sistem memiliki perbedaan utama dalam fungsi dan penggunaannya. Perangkat lunak aplikasi adalah program yang dirancang untuk membantu pengguna dalam melakukan tugas tertentu, seperti Microsoft Word untuk pengolahan kata, Google Chrome untuk menjelajah internet, atau Adobe Photoshop untuk desain grafis. Aplikasi ini berjalan di atas sistem operasi dan digunakan langsung oleh pengguna untuk kebutuhan spesifik. Sementara itu, perangkat lunak sistem bertanggung jawab mengelola perangkat keras dan menyediakan lingkungan bagi perangkat lunak aplikasi untuk berjalan. Contohnya adalah sistem operasi (Windows, macOS, Linux) dan utilitas seperti driver, antivirus, serta sistem manajemen file. Tanpa perangkat lunak sistem, perangkat lunak aplikasi tidak dapat berjalan dengan optimal. Perangkat lunak sistem beroperasi di latar belakang, sementara perangkat lunak aplikasi digunakan langsung oleh pengguna untuk berbagai keperluan.;90;100;92
11;Jelaskan perbedaan antara perangkat lunak aplikasi dan perangkat lunak sistem.;Aplikasi dan sistem operasi (OS) adalah dua komponen yang berbeda dalam sebuah sistem komputer. Aplikasi adalah program yang dirancang untuk melakukan tugas-tugas tertentu, sementara sistem operasi adalah perangkat lunak yang mengendalikan sumber daya perangkat keras dan memberikan layanan kepada aplikasi;80;100;82,25
11;Jelaskan perbedaan antara perangkat lunak aplikasi dan perangkat lunak sistem.;perangkat lunak aplikasi hanya terbatas untuk diprogram oleh pemilik aplikasi, smentara perangkat lunak sistem bisa dimanajemen oleh user;70;50;71
11;Jelaskan perbedaan antara perangkat lunak aplikasi dan perangkat lunak sistem.;Perangkat lunak aplikasi adalah program yang digunakan langsung oleh pengguna untuk melakukan tugas-tugas tertentu (seperti pengolah kata, browser, atau aplikasi email). Sedangkan perangkat lunak sistem adalah program yang mengelola dan mengatur operasi dasar komputer, seperti sistem operasi dan driver, sehingga mendukung jalannya perangkat keras dan aplikasi.;75;100;74,5
11;Jelaskan perbedaan antara perangkat lunak aplikasi dan perangkat lunak sistem.;Perangkat lunak aplikasi adalah program yang dirancang untuk membantu pengguna menyelesaikan tugas tertentu, seperti pengolah kata, peramban web, atau perangkat lunak akuntansi. Sementara itu, perangkat lunak sistem mengelola operasi dasar komputer, seperti sistem operasi (Windows, Linux) yang mengontrol perangkat keras dan menyediakan lingkungan untuk menjalankan aplikasi.;80;100;81
11;Jelaskan perbedaan antara perangkat lunak aplikasi dan perangkat lunak sistem.;Perangkat lunak aplikasi dirancang untuk pengguna akhir guna menjalankan tugas tertentu, seperti Microsoft Word atau Google Chrome. Sedangkan perangkat lunak sistem, seperti sistem operasi (Windows, Linux), mengelola perangkat keras dan menyediakan lingkungan bagi aplikasi agar dapat berjalan dengan efisien di komputer atau perangkat lainnya.;80;100;76,75
11;Jelaskan perbedaan antara perangkat lunak aplikasi dan perangkat lunak sistem.;Perangkat lunak aplikasi biasanya sesuatu yang bermanfaat bagi pengguna, contohnya sebuah text editor, sedangkan perangkat lunak sistem bekerja agar perangkat keras yang dipakai bisa berjalan sesuai dengan fungsinya, contohnya driver;60;70;57
11;Jelaskan perbedaan antara perangkat lunak aplikasi dan perangkat lunak sistem.;Aplikasi melakukan tugas tertentu untuk pengguna, sementara sistem mengelola hardware;50;70;44,25
11;Jelaskan perbedaan antara perangkat lunak aplikasi dan perangkat lunak sistem.;Perangkat lunak aplikasi merupakan sebuah program yang berjalan di atas perangkat lunak sistem untuk menyelesaikan tugas tertentu. Perangkat lunak sistem adalah pengelola perangkat keras dan menyediakan lingkungan untuk perangkat kunak aplikasi.;80;100;87
11;Jelaskan perbedaan antara perangkat lunak aplikasi dan perangkat lunak sistem.;Perangkat lunak aplikasi digunakan untuk melakukan suatu tugas spesifik, sementara perangkat lunak sistem adalah dasar yang mengelola komputer.;75;80;75
11;Jelaskan perbedaan antara perangkat lunak aplikasi dan perangkat lunak sistem.;Perangkat lunak aplikasi adalah program yang digunakan pengguna untuk menjalankan tugas tertentu. Sedangkan Perangkat lunak sistem adalah program yang mengelola dan mengontrol perangkat keras komputer, seperti sistem operasi.;80;80;88,75
11;Jelaskan perbedaan antara perangkat lunak aplikasi dan perangkat lunak sistem.;software apk adalah teemasuk sistem perangkat lunak, jadi sistem perangkat lunak adalah wadah untik sistem aplikasi;70;50;74
11;Jelaskan perbedaan antara perangkat lunak aplikasi dan perangkat lunak sistem.;Perangkat lunak sistem mengelola perangkat keras dan sumber daya komputer, sedangkan perangkat lunak aplikasi melakukan tugas tertentu untuk pengguna;90;90;84,5
11;Jelaskan perbedaan antara perangkat lunak aplikasi dan perangkat lunak sistem.;Software application adalah software yang dijalankan untuk fungsi - fungsi yang dibutuhkan oleh pengguna, sedangkan software system adalah software essential yang dibutuhkan sebagai dasar penggunaan dari Operating System;50;70;51,75
11;Jelaskan perbedaan antara perangkat lunak aplikasi dan perangkat lunak sistem.;;0;0;0
11;Jelaskan perbedaan antara perangkat lunak aplikasi dan perangkat lunak sistem.;Perangkat lunak aplikasi berarti program tambahan sesuai kebutuhan user sedangkan perangkat lunak sistem berarti adalah perangkat lunak esensial supaya komputer bisa berjalan dengan lancar.;70;70;61,75
11;Jelaskan perbedaan antara perangkat lunak aplikasi dan perangkat lunak sistem.;Perangkat Lunak Aplikasi ? Program yang digunakan pengguna untuk melakukan tugas tertentu. Contoh: Microsoft Word, Photoshop, web browser. Perangkat Lunak Sistem ? Program yang mengelola perangkat keras dan lingkungan eksekusi aplikasi. Contoh: Windows, Linux, driver perangkat keras.;70;100;72
11;Jelaskan perbedaan antara perangkat lunak aplikasi dan perangkat lunak sistem.;;0;0;0
11;Jelaskan perbedaan antara perangkat lunak aplikasi dan perangkat lunak sistem.;perangkat lunak aplikasi adalah program yang membantu pengguna, sedangkan perangkat lunak sistem adalah program yang mengelola perangkat keras dan menyediakan platform bagi perangkat lunak aplikasi;80;100;77
11;Jelaskan perbedaan antara perangkat lunak aplikasi dan perangkat lunak sistem.;-;0;0;0
11;Jelaskan perbedaan antara perangkat lunak aplikasi dan perangkat lunak sistem.;;0;0;0
11;Jelaskan perbedaan antara perangkat lunak aplikasi dan perangkat lunak sistem.;Perangkat lunak aplikasi adalah program yang digunakan pengguna untuk menjalankan tugas tertentu, seperti Microsoft Word, Photoshop, dan browser web. Perangkat lunak sistem mengelola perangkat keras dan menyediakan platform bagi aplikasi, contohnya sistem operasi (Windows, Linux) dan driver. Perangkat lunak sistem bekerja di latar belakang, sementara perangkat lunak aplikasi berinteraksi langsung dengan pengguna untuk menyelesaikan tugas spesifik;80;100;85,5
11;Jelaskan perbedaan antara perangkat lunak aplikasi dan perangkat lunak sistem.;Perangkat lunak aplikasi adalah program yang dirancang untuk melakukan tugas spesifik bagi pengguna, sementara perangkat lunak sistem adalah program yang mengelola perangkat keras dan menyediakan platform bagi perangkat lunak lain.;80;100;83
11;Jelaskan perbedaan antara perangkat lunak aplikasi dan perangkat lunak sistem.;Perangkat lunak aplikasi adalah program yang digunakan pengguna untuk menjalankan tugas tertentu, seperti Microsoft Word, Google Chrome, atau WhatsApp. Sedangkan, Perangkat lunak sistem adalah program yang mengelola dan mengontrol perangkat keras komputer, seperti sistem operasi (Windows, macOS, Linux).;75;90;76,75
11;Jelaskan perbedaan antara perangkat lunak aplikasi dan perangkat lunak sistem.;Perangkat lunak aplikasi adlaah perangkat lunak yang akan dieksekusi oleh sistem. Perangkat lunak sistem akan dieksekusi untuk menggerakan perangkat keras sebuah komputer;80;56;78,25
11;Jelaskan perbedaan antara perangkat lunak aplikasi dan perangkat lunak sistem.;"Perangkat lunak aplikasi dan perangkat lunak sistem memiliki peran yang berbeda dalam sebuah komputer. Perangkat lunak aplikasi digunakan langsung oleh pengguna untuk menjalankan tugas tertentu, seperti mengolah kata dengan Microsoft Word, menjelajah internet dengan Google Chrome, atau mengedit gambar dengan Photoshop. Sementara itu, perangkat lunak sistem bertugas mengelola sumber daya komputer dan menyediakan lingkungan agar perangkat lunak aplikasi dapat berjalan dengan baik. Contohnya adalah sistem operasi seperti Windows, macOS, atau Linux, serta driver yang membantu perangkat keras berfungsi dengan benar. Dengan kata lain, perangkat lunak sistem berperan sebagai ""pondasi dan mesin"" komputer, sedangkan perangkat lunak aplikasi adalah ""alat"" yang digunakan oleh pengguna untuk menyelesaikan berbagai pekerjaan";80;100;79
11;Jelaskan perbedaan antara perangkat lunak aplikasi dan perangkat lunak sistem.;;0;0;0
11;Jelaskan perbedaan antara perangkat lunak aplikasi dan perangkat lunak sistem.;Perangkat lunak aplikasi adalah program yang dirancang untuk memenuhi kebutuhan pengguna, seperti pengolahan kata (Microsoft Word), pemutar media (VLC Media Player), dan browser web (Google Chrome). • Perangkat lunak sistem adalah perangkat lunak yang berfungsi untuk mengelola perangkat keras dan menyediakan layanan dasar bagi perangkat lunak aplikasi, seperti sistem operasi (Windows, Linux, macOS) dan driver perangkat.;80;100;87,25
11;Jelaskan perbedaan antara perangkat lunak aplikasi dan perangkat lunak sistem.;perangkat lunak aplikasi lebih simpel dibandingkan perangkat lunak sistem;70;20;71,25
11;Jelaskan perbedaan antara perangkat lunak aplikasi dan perangkat lunak sistem.;Perangkat lunak aplikasi digunakan oleh pengguna untuk menjalankan tugas tertentu, seperti Microsoft Word. Sementara itu, perangkat lunak sistem mengelola hardware dan menyediakan lingkungan bagi aplikasi, seperti sistem operasi Windows.;80;100;84
11;Jelaskan perbedaan antara perangkat lunak aplikasi dan perangkat lunak sistem.;Peramgkat lunak aplikasi mengatur sumber komputer, sementara sistem mengatur sumber pengguna;70;20;68,5
11;Jelaskan perbedaan antara perangkat lunak aplikasi dan perangkat lunak sistem.;Perangkat lunak adalah software Perangkat lunak sistem adlaah koding;40;20;36,5
11;Jelaskan perbedaan antara perangkat lunak aplikasi dan perangkat lunak sistem.;;0;0;0
11;Jelaskan perbedaan antara perangkat lunak aplikasi dan perangkat lunak sistem.;Perangkat lunak aplikasi merupakan perangkat lunak yang berupa aplikasi non-esensial dan tidak diperlukan komputer untuk menyala, sedangkan perangkat lunak sistem merupakan perangkat lunak yang dibutuhkan komputer untuk berfungsi sebagai penghubung antara perangkat keras dan perangkat lunak lainnya;70;56;70,75
11;Jelaskan perbedaan antara perangkat lunak aplikasi dan perangkat lunak sistem.;perangkat lunak aplikasi adalah prrangkat lunak yang melakukan operasi tertentu, sedangkan perangkat lunak sistem adalah perangkat lunak yang mengelola perangkat keras;80;70;72,75
11;Jelaskan perbedaan antara perangkat lunak aplikasi dan perangkat lunak sistem.;perangkat lunak sistem adalah hal yang digunakan untuk menjalankan sebuah komputer;70;40;69
11;Jelaskan perbedaan antara perangkat lunak aplikasi dan perangkat lunak sistem.;Perangkat lunak sistem untuk menjalankan suatu aplikasi/software sedangkan perangkat lunak sistem mengelola antara perangkat keras dan perangkat lunak komputer.;80;56;87
11;Jelaskan perbedaan antara perangkat lunak aplikasi dan perangkat lunak sistem.;Perangkat lunak aplikasi mengelola atau melaksanakan tugas pada aplikasi tertentu sedangkan perangkat lunak sistem mengelola sumber daya komputer;80;70;86
11;Jelaskan perbedaan antara perangkat lunak aplikasi dan perangkat lunak sistem.;;0;0;0
11;Jelaskan perbedaan antara perangkat lunak aplikasi dan perangkat lunak sistem.;-;0;0;0
11;Jelaskan perbedaan antara perangkat lunak aplikasi dan perangkat lunak sistem.;Kalau perangkat lunak aplikasi digunaka untuk aplikasi sedangkan sistem untuk sistem yang mempunyai fungsi yang berbeda juga;70;50;70
11;Jelaskan perbedaan antara perangkat lunak aplikasi dan perangkat lunak sistem.;;0;0;0
11;Jelaskan perbedaan antara perangkat lunak aplikasi dan perangkat lunak sistem.;Aplikasi : Program yang dirancang untuk membantu pengguna melakukan tugas tertentu. Sistem : Perangkat lunak yang mengelola perangkat keras dan menyediakan lingkungan bagi aplikasi lain.;80;80;81,75
11;Jelaskan perbedaan antara perangkat lunak aplikasi dan perangkat lunak sistem.;-;0;0;0
11;Jelaskan perbedaan antara perangkat lunak aplikasi dan perangkat lunak sistem.;;0;0;0
11;Jelaskan perbedaan antara perangkat lunak aplikasi dan perangkat lunak sistem.;Perangkat lunak aplikasi jika dihapus tidak masalah. Sedangkan perangkat lunak sistem akan menimbulkan masalah;40;56;34,5
11;Jelaskan perbedaan antara perangkat lunak aplikasi dan perangkat lunak sistem.;Program yanv langsung dipake untuk buat ngerjain sesuatu;50;50;43,25
11;Jelaskan perbedaan antara perangkat lunak aplikasi dan perangkat lunak sistem.;;0;0;0
11;Jelaskan perbedaan antara perangkat lunak aplikasi dan perangkat lunak sistem.;.;0;0;0
11;Jelaskan perbedaan antara perangkat lunak aplikasi dan perangkat lunak sistem.;Sistem = sumber daya komputer, Aplikasi = tugas tertentu sesuai pengguna. Metode perangkat lunak sistem harus berjalan terlebih dahulu sebelum perangkat lunak aplikasi;70;60;70,75
11;Jelaskan perbedaan antara perangkat lunak aplikasi dan perangkat lunak sistem.;Aplikasi buat pengguna, sistem buat jalankan komputer.;70;65;69,5
11;Jelaskan perbedaan antara perangkat lunak aplikasi dan perangkat lunak sistem.;Aplikasi sudah diseting utk tugas tertentu, sedangkan sistem berguna mengatur semua;70;65;64,5
11;Jelaskan perbedaan antara perangkat lunak aplikasi dan perangkat lunak sistem.;Perangkat lunak aplikasi adalah perangkat lunak yang dirancang untuk membantu pengguna melakukan tugas tertentu atau menyelesaikan masalah spesifik;80;56;83,5
11;Jelaskan perbedaan antara perangkat lunak aplikasi dan perangkat lunak sistem.;Perangkat lunak aplikasi dan perangkat lunak sistem memiliki perbedaan;0;0;0
11;Jelaskan perbedaan antara perangkat lunak aplikasi dan perangkat lunak sistem.;Perangkat lunak aplikasi adalah program yang dirancang untuk membantu pengguna melakukan tugas tertentu, seperti pengolah kata atau perangkat lunak pengeditan gambar. Sementara itu, perangkat lunak sistem adalah perangkat lunak yang mengelola dan mengatur perangkat keras komputer serta sumber daya, seperti sistem operasi.;80;90;85
11;Jelaskan perbedaan antara perangkat lunak aplikasi dan perangkat lunak sistem.;Perangkat lunak sistem mengelola sumber daya komputer, sedangkan perangkat lunak aplikasi melakukan tugas tertentu untuk pengguna;80;90;81,75
11;Jelaskan perbedaan antara perangkat lunak aplikasi dan perangkat lunak sistem.;-;0;0;0
11;Jelaskan perbedaan antara perangkat lunak aplikasi dan perangkat lunak sistem.;Aplikasi kita yang menginstall sesuai kebutuhan. Adapun perangkat lunak sistem itu harus ada pada komputer agar dapat bekerja.;70;60;71
11;Jelaskan perbedaan antara perangkat lunak aplikasi dan perangkat lunak sistem.;;0;0;0
11;Jelaskan perbedaan antara perangkat lunak aplikasi dan perangkat lunak sistem.;-;0;0;0
11;Jelaskan perbedaan antara perangkat lunak aplikasi dan perangkat lunak sistem.;Perangkat lunak aplikasi dirancang untuk melakukan tugas tertentu yang bermanfaat bagi pengguna, seperti pengolah kata atau perangkat lunak desain. Sedangkan perangkat lunak sistem, seperti sistem operasi, bertugas mengelola dan mengatur operasi perangkat keras serta mendukung penggunaan aplikasi.;80;100;82,5
11;Jelaskan perbedaan antara perangkat lunak aplikasi dan perangkat lunak sistem.;Aplikasi untuk melakukan tugas bagi user, sistem untuk program yang mengopradikan sistem hardware computer;70;85;73,25
11;Jelaskan perbedaan antara perangkat lunak aplikasi dan perangkat lunak sistem.;;0;0;0
11;Jelaskan perbedaan antara perangkat lunak aplikasi dan perangkat lunak sistem.;Perangkat lunak appikasi adalah suatu perangkat lunak yang dapat diakses di berbagai sistem operasi contohnya grab bisa di download pada IOS dan Android sedangkan perangkat lunak sistem itu terikat dari sistem jadi belum tentu semua sistem operasi bisa;70;60;74,5
11;Jelaskan perbedaan antara perangkat lunak aplikasi dan perangkat lunak sistem.;Perangkat lunak aplikasi itu bekerja di atas sistem operasi. Sedangkan perangkat lunak sistem berfungsi dalam dasar komputer.;70;70;72,75
11;Jelaskan perbedaan antara perangkat lunak aplikasi dan perangkat lunak sistem.;Program yang dirancang untuk pengguna melakukan atau membuat suatu tugas. Sedangkan perangkat lunak sistem program untuk mengelola perangkat keras.;75;90;79,25
11;Jelaskan perbedaan antara perangkat lunak aplikasi dan perangkat lunak sistem.;-;0;0;0
11;Jelaskan perbedaan antara perangkat lunak aplikasi dan perangkat lunak sistem.;Tidak tahu;0;0;0
11;Jelaskan perbedaan antara perangkat lunak aplikasi dan perangkat lunak sistem.;Perngkat lunak aplikasi ada di bawah sistem;50;56;45,25
11;Jelaskan perbedaan antara perangkat lunak aplikasi dan perangkat lunak sistem.;Software aplikasi ibarat Software local, dan Software sistem ibarat Software global;40;50;44
11;Jelaskan perbedaan antara perangkat lunak aplikasi dan perangkat lunak sistem.;Aplikasi hanya untuk menjalankan program dari tujuan aplikasi itu saja, sistem sebagai pewadah dari aplikasi-aplikasi tersebut;60;56;63,75
11;Jelaskan perbedaan antara perangkat lunak aplikasi dan perangkat lunak sistem.;Perangkat lunak aplikasi itu program yang dipakai langsung sama pengguna, kayak Microsoft Word. Kalau perangkat lunak sistem itu yang ngatur komputer, kayak sistem operasi, biar hardware sama aplikasi bisa jalan bareng.;70;70;64
11;Jelaskan perbedaan antara perangkat lunak aplikasi dan perangkat lunak sistem.;Perangkat lunak aplikasi diembedded dan terbatas pada lingkungan di dalam environment itu sendiri. Perangkat lunak sistem memungkinkan users untuk merebak environment berupa aplikasi , domain, log , directory ,file yang ada dalam sistem tersebut.;70;56;75
11;Jelaskan perbedaan antara perangkat lunak aplikasi dan perangkat lunak sistem.;Perangkat lunak aplikasi (application software) dirancang untuk membantu pengguna melakukan tugas-tugas spesifik, sementara perangkat lunak sistem (system software) mengelola sumber daya perangkat keras dan menyediakan layanan dasar untuk aplikasi;90;85;92,25
11;Jelaskan perbedaan antara perangkat lunak aplikasi dan perangkat lunak sistem.;Aplikasi itu buat kerjaan kaya excell powerpoint tapi sistem tuh buat komputer kaya windows;40;56;38
11;Jelaskan perbedaan antara perangkat lunak aplikasi dan perangkat lunak sistem.;Perbedaannya aplikasi dibuat pada sistem namun sistem langsung berhubungan dengan perangkat keras;70;50;65
11;Jelaskan perbedaan antara perangkat lunak aplikasi dan perangkat lunak sistem.;Perngakat lunak aplikasi = software yang ada di komputer, perangkat lunak sistem = suatu software sistem operasi dimana fungsinya untuk menjalankan sistem dari komputer;70;50;66,75
11;Jelaskan perbedaan antara perangkat lunak aplikasi dan perangkat lunak sistem.;Perangkat lunak aplikasi adalah perangkat lunak yang menjalankan suatu fungsi tertentu untuk dapat digunakan oleh user. Perangkat lunak sistem adalah perangkat lunak yang dibutuhkan agar pengguna dapat menggunakan komputer dengan intuitif;80;50;81,25
11;Jelaskan perbedaan antara perangkat lunak aplikasi dan perangkat lunak sistem.;sistem software itu perangkat lunak sistem basically untuk jalannya di sistem itu, kalo aplikasi itu catered to each aplikasi masing masing.;60;50;55,75
11;Jelaskan perbedaan antara perangkat lunak aplikasi dan perangkat lunak sistem.;aplikasi untuk pengguna, sistem untuk jalanin dan ngatur hardware;60;60;52,75
11;Jelaskan perbedaan antara perangkat lunak aplikasi dan perangkat lunak sistem.;Perangkat lunak aplikasi: software untuk aplikasi yg menjalankan fungsi tertentu, kalau perangkat lunak sistem itu software buat ngatur jalannya /alur software hardware di system;65;65;71
11;Jelaskan perbedaan antara perangkat lunak aplikasi dan perangkat lunak sistem.;perangkat lunak aplikasi adalah program yang dirancang untuk membantu pengguna melakukan tugas tertentu, seperti browser. Sedangkan perangkat lunak sistem adalah perangkat lunak yang mengelola sumber daya komputer dan menyediakan lingkungan bagi perangkat lunak aplikasi untuk berjalan, seperti sistem operasi windows dan linux;80;100;79
11;Jelaskan perbedaan antara perangkat lunak aplikasi dan perangkat lunak sistem.;Perangkat lunak aplikasi adalah software yang dikembangkan untuk keperluan spesifik tertentu sedangkan perangkat lunak sistem adalah software yang dikembangkan untuk menunjang cara kerja sistem komputer.;70;70;64,5
11;Jelaskan perbedaan antara perangkat lunak aplikasi dan perangkat lunak sistem.;Aplikasi didesain untuk digunakan user, sedangkan aplikasi lunak sistem didesain untuk menghubungkan aplikasi dengan sistem operasi.;60;56;58,75
11;Jelaskan perbedaan antara perangkat lunak aplikasi dan perangkat lunak sistem.;perangkat lunak aplikasi itu buat tugas tertentu (misalnya word atau photoshop), sedangkan perangkat lunak sistem itu yang ngatur sistem di komputer (kayak windows atau linux).;70;100;63,5
11;Jelaskan perbedaan antara perangkat lunak aplikasi dan perangkat lunak sistem.;Perangkat lunak aplikasi adalah aplikasi yang dijalankan diatas sebuah sistem operasi dan perangkat lunak sistem adalah sistem yang mengoperasikan suatu instruksi dengan menggunakan cpu;70;80;68
11;Jelaskan perbedaan antara perangkat lunak aplikasi dan perangkat lunak sistem.;Perangkat lunak aplikasi perlu berjalan dalam perangkat lunak sistem, sedangkan perangkat lunak sistem adalah perngkat lunak yang langsung berinteraksi dengan hardware pada sistem;80;80;84,25
11;Jelaskan perbedaan antara perangkat lunak aplikasi dan perangkat lunak sistem.;Perangkat lunak aplikasi digunakan pengguna, sedangkan perangkat lunak sistem mengelola perangkat keras.;80;80;75
11;Jelaskan perbedaan antara perangkat lunak aplikasi dan perangkat lunak sistem.;Perangkat lunak aplikasi adalah software yang dirancang untuk membantu pengguna dalam menyelesaikan tugas tertentu, seperti pengolahan kata, browsing internet, atau pengeditan gambar. Sementara itu, perangkat lunak sistem berfungsi untuk mengelola sumber daya komputer dan mendukung operasi perangkat lunak aplikasi, contohnya sistem operasi dan driver. Perangkat lunak aplikasi bergantung pada perangkat lunak sistem agar dapat berjalan dengan baik.;80;100;89,25
11;Jelaskan perbedaan antara perangkat lunak aplikasi dan perangkat lunak sistem.;Perangkat lunak aplikasi bertujuan khusus sedangkan perangkat lunak sistem bertujuan umum;75;56;78,5
11;Jelaskan perbedaan antara perangkat lunak aplikasi dan perangkat lunak sistem.;Perangkat lunak aplikasi adalah program untuk tugas pengguna, seperti browser atau pengolah kata. Perangkat lunak sistem mengelola operasi komputer, seperti sistem operasi atau driver, mendukung fungsi dasar perangkat keras. Aplikasi memenuhi kebutuhan spesifik pengguna, sedangkan sistem memastikan komputer berjalan lancar dan mendukung aplikasi tersebut.;80;100;83,25
11;Jelaskan perbedaan antara perangkat lunak aplikasi dan perangkat lunak sistem.;Perangkat lunak aplikasi dirancang untuk membantu pengguna menyelesaikan tugas tertentu, seperti pengolah kata atau aplikasi desain. Sedangkan perangkat lunak sistem berfungsi untuk mengelola dan mengoperasikan perangkat keras komputer, seperti sistem operasi yang mengatur semua sumber daya komputer.;80;100;84,75
11;Jelaskan perbedaan antara perangkat lunak aplikasi dan perangkat lunak sistem.;Perangkat lunak aplikasi (application software) dirancang untuk membantu pengguna melakukan tugas-tugas spesifik, sementara perangkat lunak sistem (system software) mengelola sumber daya perangkat keras dan menyediakan layanan dasar untuk aplikasi;80;100;76,75
11;Jelaskan perbedaan antara perangkat lunak aplikasi dan perangkat lunak sistem.;Perangkat lunak aplikasi berfungsi sebagai pembantu sebuah tugas khusus;60;50;54,5
11;Jelaskan perbedaan antara perangkat lunak aplikasi dan perangkat lunak sistem.;aplikasi sebagai aplikasi, dan sistem sebagai pengelolanbperangkat keras;20;56;16,25
11;Jelaskan perbedaan antara perangkat lunak aplikasi dan perangkat lunak sistem.;aplikasi lebih ke kumpulan program untuk menjalankan suatu hal yang spesifik, sedangkan perangkat lunak sistem berguna untuk menjalankan perangkat lunak aplikasi;75;56;78
11;Jelaskan perbedaan antara perangkat lunak aplikasi dan perangkat lunak sistem.;Aplikasi untuk pengguna, sistem untuk hardware;70;56;70,5
11;Jelaskan perbedaan antara perangkat lunak aplikasi dan perangkat lunak sistem.;Perangkat Lunak Aplikasi digunakan pengguna untuk tugas tertentu seperti Word, Chrome). Perangkat Lunak Sistem: Mengelola perangkat keras dan mendukung aplikasi (misalnya, Windows, Linux).;75;90;77
11;Jelaskan perbedaan antara perangkat lunak aplikasi dan perangkat lunak sistem.;perngkat lunak aplikasi berguna untuk melalukan tugas untuk pengguna sedangkan sistem mengelola sumber daya komputer;70;80;71,5
11;Jelaskan perbedaan antara perangkat lunak aplikasi dan perangkat lunak sistem.;- Aplikasi: Untuk tugas spesifik pengguna (contoh: Microsoft Word, Photoshop). - Sistem: Mengelola hardware dan mendukung aplikasi (contoh: Windows, Linux).;70;90;65
11;Jelaskan perbedaan antara perangkat lunak aplikasi dan perangkat lunak sistem.;Perangkat lunak aplikasi adalah program yang dibuat untuk membantu pengguna menyelesaikan tugas tertentu, seperti pengolah kata, browser, atau media player. Sementara itu, perangkat lunak sistem adalah software yang mengelola perangkat keras dan menyediakan platform bagi aplikasi untuk berjalan, seperti sistem operasi dan driver.;75;100;78
11;Jelaskan perbedaan antara perangkat lunak aplikasi dan perangkat lunak sistem.;Program yang digunakan untuk memenuhi kebutuhan spesifik pengguna, seperti Microsoft Word, Chrome. Perangkat lunak yang berfungsi mengelola perangkat keras dan menyediakan lingkungan bagi aplikasi;80;56;85,75
11;Jelaskan perbedaan antara perangkat lunak aplikasi dan perangkat lunak sistem.;Perangkat lunak aplikasi (application software) dirancang untuk membantu pengguna melakukan tugas-tugas spesifik, sementara perangkat lunak sistem (system software) mengelola sumber daya perangkat keras dan menyediakan layanan dasar untuk aplikasi.;85;100;87,25
11;Jelaskan perbedaan antara perangkat lunak aplikasi dan perangkat lunak sistem.;saya tidak tahu;0;0;0
11;Jelaskan perbedaan antara perangkat lunak aplikasi dan perangkat lunak sistem.;Perangkat lunak aplikasi (application software) dirancang untuk membantu pengguna melakukan tugas-tugas spesifik, sementara perangkat lunak sistem (system software) mengelola sumber daya perangkat keras dan menyediakan layanan dasar untuk aplikas;85;100;87,75
11;Jelaskan perbedaan antara perangkat lunak aplikasi dan perangkat lunak sistem.;Perangkat lunak aplikasi adalah program yang dirancang untuk memenuhi kebutuhan pengguna, seperti pengolah kata atau aplikasi perbankan. Sedangkan perangkat lunak sistem adalah program yang mengelola dan mengontrol perangkat keras komputer, seperti sistem operasi atau driver perangkat, untuk memastikan bahwa perangkat keras dan perangkat lunak aplikasi dapat bekerja bersama.;80;100;88,5
11;Jelaskan perbedaan antara perangkat lunak aplikasi dan perangkat lunak sistem.;Software digunakan untuk mengolah data dalam mesin, sedangkan firmware digunakan untuk mengolah komponen mesin.;20;40;14
11;Jelaskan perbedaan antara perangkat lunak aplikasi dan perangkat lunak sistem.;Menurut saya, Perangkat lunak aplikasi adalah program yang dirancang untuk membantu pengguna menyelesaikan tugas tertentu, seperti pengolah kata, browser, atau media player. Perangkat lunak sistem adalah program yang mengelola perangkat keras dan menyediakan lingkungan bagi perangkat lunak aplikasi untuk berjalan, seperti sistem operasi (Windows, Linux) dan driver.;80;100;86,25
11;Jelaskan perbedaan antara perangkat lunak aplikasi dan perangkat lunak sistem.;aplikasi berada di dalam sistem;40;50;32
11;Jelaskan perbedaan antara perangkat lunak aplikasi dan perangkat lunak sistem.;perangkat lunak aplikasi terdapat pada aplikasi, sedangkan perangkat lunak sistem terdapat pada sistemnya;70;50;68,25
11;Jelaskan perbedaan antara perangkat lunak aplikasi dan perangkat lunak sistem.;Perangkat lunak aplikasi digunakan pengguna, sedangkan perangkat lunak sistem mengelola perangkat keras.;80;70;75
11;Jelaskan perbedaan antara perangkat lunak aplikasi dan perangkat lunak sistem.;kurang tahu;0;0;0
11;Jelaskan perbedaan antara perangkat lunak aplikasi dan perangkat lunak sistem.;perangkat lunak aplikasi digunakan untuk membantu kebutuhan user sesuai kegunaannya, sedangkan perangkat lunak sistem untuk menghubungkan antara perangkat keras (hardware) dengan perangkat lunak;75;65;68,5
11;Jelaskan perbedaan antara perangkat lunak aplikasi dan perangkat lunak sistem.;perangkat lunak sistem merupakan segala pengerjaan secara internal sedangkan aplikasi yang dilihat sama orang;60;56;60
11;Jelaskan perbedaan antara perangkat lunak aplikasi dan perangkat lunak sistem.;Perangkat lunak aplikasi (application software) dirancang untuk membantu pengguna melakukan tugas-tugas spesifik, sementara perangkat lunak sistem (system software) mengelola sumber daya perangkat keras dan menyediakan layanan dasar untuk aplikasi. ;85;100;90
11;Jelaskan perbedaan antara perangkat lunak aplikasi dan perangkat lunak sistem.;Perangkat lunak aplikasi digunakan untuk mempermudah kegiatan sehari-hari. Sedangkan perangkat lunak sistem digunakan untuk mengatur hardware suatu komputer dan sebagai interface user.;70;85;67
11;Jelaskan perbedaan antara perangkat lunak aplikasi dan perangkat lunak sistem.;Perangkat lunak aplikasi adalah pernagkat lunak yang digunakan untuk mengerjakan pekerjaan manusia, sedangkan perangkat lunak sistem adalah sistem yang menjalani komputer kita.;70;65;62,75
11;Jelaskan perbedaan antara perangkat lunak aplikasi dan perangkat lunak sistem.;Perangkat lunak aplikasi (application software) dirancang untuk membantu pengguna melakukan tugas-tugas spesifik, sementara perangkat lunak sistem (system software) mengelola sumber daya perangkat keras dan menyediakan layanan dasar untuk aplikasi.;85;100;81,25
11;Jelaskan perbedaan antara perangkat lunak aplikasi dan perangkat lunak sistem.;Perangkat lunak aplikasi adalah program yang digunakan oleh pengguna untuk melakukan tugas tertentu, seperti Microsoft Word, Google Chrome, atau Photoshop. • Perangkat lunak sistem adalah program yang mengelola perangkat keras dan menyediakan layanan dasar bagi perangkat lunak lain, seperti sistem operasi (Windows, macOS, Linux).;80;100;81,75
11;Jelaskan perbedaan antara perangkat lunak aplikasi dan perangkat lunak sistem.;perangkat lunak aplikasi bersifat lebih berorientasi kepada pengguna sementara perangkat lunak sistem lebih digunakan untuk bekerjanya sebuah komputer;60;70;62,25
11;Jelaskan perbedaan antara perangkat lunak aplikasi dan perangkat lunak sistem.;Perangkat lunak aplikasi adalah jenis perangkat lunak yang dirancang untuk membantu pengguna dalam menyelesaikan tugas tertentu, seperti mengetik dokumen, menjelajahi internet, atau mengedit gambar. Contohnya termasuk Microsoft Word, Google Chrome, dan Adobe Photoshop. Sementara itu, perangkat lunak sistem adalah perangkat lunak yang bertugas mengelola sumber daya komputer dan menyediakan lingkungan bagi perangkat lunak aplikasi agar dapat berjalan dengan baik. Contohnya adalah sistem operasi seperti Windows, macOS, dan Linux, serta driver yang memungkinkan perangkat keras berfungsi dengan benar.;80;100;89
11;Jelaskan perbedaan antara perangkat lunak aplikasi dan perangkat lunak sistem.;Perangkat lunak sistem mengelola dan mengendalikan perangkat keras dan sumber daya komputer, sedangkan perangkat lunak aplikasi melakukan tugas tertentu untuk pengguna akhir.;80;80;79
11;Jelaskan perbedaan antara perangkat lunak aplikasi dan perangkat lunak sistem.;Kurang tahu;0;0;0
11;Jelaskan perbedaan antara perangkat lunak aplikasi dan perangkat lunak sistem.;Perangkat lunak aplikasi (application software) dirancang untuk membantu pengguna melakukan tugas-tugas spesifik, sementara perangkat lunak sistem (system software) mengelola sumber daya perangkat keras dan menyediakan layanan dasar untuk aplikasi. ;85;100;86,25
11;Jelaskan perbedaan antara perangkat lunak aplikasi dan perangkat lunak sistem.;Perangkat lunak aplikasi (application software) dirancang untuk membantu pengguna melakukan tugas-tugas spesifik, sementara perangkat lunak sistem (system software) mengelola sumber daya perangkat keras dan menyediakan layanan dasar untuk aplikasi.;85;100;81,5
11;Jelaskan perbedaan antara perangkat lunak aplikasi dan perangkat lunak sistem.;aplikasi software mengerjakan tugas tugas dari user, sedangkan software system mengontrol sumber daya sistem;70;80;62
11;Jelaskan perbedaan antara perangkat lunak aplikasi dan perangkat lunak sistem.;aplikasi berjalan di bawah sistem;30;50;30,75
11;Jelaskan perbedaan antara perangkat lunak aplikasi dan perangkat lunak sistem.;Software sistem mendetermine kerja hardware komputer, software aplikasi untuk menjalankan tugas2 yang diinginkan user;30;56;31,5
11;Jelaskan perbedaan antara perangkat lunak aplikasi dan perangkat lunak sistem.;perangkat lunak sistem mengelola atau mengontrol perangkat keras dan perangkat lunak aplikasi adalah program yg melakukan tugas yg user inginkan;70;90;69,75
11;Jelaskan perbedaan antara perangkat lunak aplikasi dan perangkat lunak sistem.;software sistem merupakan perantara antara hardware dan software aplikasi, sementara software aplikasi merupakan software yang berfungsi untuk melalukan tugas tertentu;60;56;63
11;Jelaskan perbedaan antara perangkat lunak aplikasi dan perangkat lunak sistem.;Perangkat lunak aplikasi itu program yang langsung dipakai pengguna buat tugas tertentu, kayak Microsoft Word, Google Chrome, atau Photoshop. Sementara itu, perangkat lunak sistem adalah software yang ngatur dan mendukung hardware serta aplikasi lain, contohnya sistem operasi (Windows, macOS, Linux) dan driver perangkat. Jadi, perangkat lunak sistem itu fondasi, sedangkan aplikasi dipakai di atasnya.;70;85;65,75
11;Jelaskan perbedaan antara perangkat lunak aplikasi dan perangkat lunak sistem.;Perangkat lunak aplikasi (application software) dirancang untuk membantu pengguna melakukan tugas-tugas spesifik, sementara perangkat lunak sistem (system software) mengelola sumber daya perangkat keras dan menyediakan layanan dasar untuk aplikasi.;85;100;92
11;Jelaskan perbedaan antara perangkat lunak aplikasi dan perangkat lunak sistem.;Aplikasi adalah sebuah kumpulan program yang sudah dibuatkan secara khusus dan dapat diunduh untuk dijalankan. Sedangkan sebuah sistem adalah kumpulan program yang berguna untuk menjalankan sebuah perangkat dan berguna untuk menjalankan suatu aplikasi.;70;70;76
11;Jelaskan perbedaan antara perangkat lunak aplikasi dan perangkat lunak sistem.;Perangkat lunak sistem berguna untuk keberlangsungan dan kontrol sistem, sedangkan perangkat lunak aplikasi berguna untuk keperluan user;70;70;71,5
11;Jelaskan perbedaan antara perangkat lunak aplikasi dan perangkat lunak sistem.;digunakan untuk tugas user, dan lunak sistem mengelola hardware;65;56;66,25
11;Jelaskan perbedaan antara perangkat lunak aplikasi dan perangkat lunak sistem.;Aplikasi adalah perangkat lunak yang memenuhi kebutuhan tertentu atau melakukan tugas. Perangkat lunak sistem dirancang untuk menjalankan perangkat keras komputer dan menyediakan platform agar aplikasi dapat berjalan di atasnya.;80;65;84,25
11;Jelaskan perbedaan antara perangkat lunak aplikasi dan perangkat lunak sistem.;Perangkat lunak aplikasi lingkupnya lebih kecil daripada perangkat lunak sistem;50;50;53,25
11;Jelaskan perbedaan antara perangkat lunak aplikasi dan perangkat lunak sistem.;Perangkat lunak aplikasi dipakai pengguna buat kebutuhan tertentu, sementara perangkat lunak sistem ngatur kerja komputer biar aplikasi bisa jalan.;70;65;63,75
11;Jelaskan perbedaan antara perangkat lunak aplikasi dan perangkat lunak sistem.;Perangkat keras adalah komponen fisik komputer, sedangkan perangkat lunak adalah program atau aplikasi yang digunakan di kompuyer dan bekerja dibalik layar;65;40;60
11;Jelaskan perbedaan antara perangkat lunak aplikasi dan perangkat lunak sistem.;perangkat lunak aplikasi adalah program yang dirancang untuk memenuhi kebutuhan pengguna sedangkan perangkat lunak sistem adalah program yang mengelola dan mengontrol perangkat keras komputer.;75;75;69,75
11;Jelaskan perbedaan antara perangkat lunak aplikasi dan perangkat lunak sistem.;Perangkat lunak aplikasi, menjalankan sistem di aplikasi tertentu dengan fungsi tertentu. Perangkat lunak sistem, menjalankan fungsi sistem utama komputer;70;60;68,5
11;Jelaskan perbedaan antara perangkat lunak aplikasi dan perangkat lunak sistem.;Perangkat lunak aplikasi adalah program yang dirancang untuk membantu pengguna menyelesaikan tugas tertentu, seperti pengolah kata atau browser web, sedangkan perangkat lunak sistem adalah program yang mengelola perangkat keras dan menyediakan layanan dasar untuk aplikasi, seperti sistem operasi.;80;100;75,25
11;Jelaskan perbedaan antara perangkat lunak aplikasi dan perangkat lunak sistem.;Perangkat lunak sistem mengatur perangkat keras dan membantu menjalankan aplikasi. Perangkat aplikasi adalah program untuk menjalani tugas spesifik.;75;80;68,75
11;Jelaskan perbedaan antara perangkat lunak aplikasi dan perangkat lunak sistem.;Perangkat lunak aplikasi hanya berkerja pada aplikasi itu saja dan bisa mengakses beberapa fungsi lain dalam komputer jika dibutuhkan, sedangkan perangkat lunak sistem merupakan software yang sudah menjadi bawaan/default dari komputer tersebut dan fungsinya sangat penting dalam menjalankan komputer tersebut.;70;70;75,75
11;Jelaskan perbedaan antara perangkat lunak aplikasi dan perangkat lunak sistem.;Perangkat lunak aplikasi contohnya microsoft sedangkan perangkat lunak sistem contohnya windows;60;50;60
11;Jelaskan perbedaan antara perangkat lunak aplikasi dan perangkat lunak sistem.;Perangkat lunak aplikasi mengacu ke aplikasi sedangkan perangkat lunak sistem mengacu ke sistem operasi seperti linux.;75;40;77,5
11;Jelaskan perbedaan antara perangkat lunak aplikasi dan perangkat lunak sistem.;Perangkat lunak sistem adalah software yang dimiliki oleh sistem komputer itu sendiri, yang menjalankan segala sistem operasi dan sistem komputer itu sendiri. Perangkat lunak aplikasi adalah software yang dimiliki sebuah aplikasi. Aplikasi ini dijalankan oleh software sistem itu sendiri.;65;50;73,25
11;Jelaskan perbedaan antara perangkat lunak aplikasi dan perangkat lunak sistem.;perangkat lunak aplikasi hanya bekerja dalam aplikasi sedangakn perangkat lunak sistem bekerja di seluruh sistem sperti operating system;65;50;59,75
11;Jelaskan perbedaan antara perangkat lunak aplikasi dan perangkat lunak sistem.;software aplikasi itu verfokus pada aplikasi itu sendrii. kalo software sistem dia fokus buat ngebantu nge program si hardware;40;50;39,25
11;Jelaskan perbedaan antara perangkat lunak aplikasi dan perangkat lunak sistem.;Saya belum belajar;0;0;0
11;Jelaskan perbedaan antara perangkat lunak aplikasi dan perangkat lunak sistem.;Perangkat lunak aplikasi merupakan aplikasi yang terdapat dalam sistem operasi. Perangkat lunak sistem adalah sistem operasinya;65;56;58,75
11;Jelaskan perbedaan antara perangkat lunak aplikasi dan perangkat lunak sistem.;Perbedaan utamanya adalah aplikasi bertujuan untuk menjalankan sebuah tujuan spesifik dan sistem bertujuan untuk menjalankan banyak tujuan general/umum.F;65;50;62,25
11;Jelaskan perbedaan antara perangkat lunak aplikasi dan perangkat lunak sistem.;Perangkat lunak aplikasi berperan menjalankan perintah-perintah tertentu, sedangkan perangkat lunak sistem berperan mengontrol jalannya aplikasi.;65;56;60
11;Jelaskan perbedaan antara perangkat lunak aplikasi dan perangkat lunak sistem.;Perangkat lunak aplikasi adalah program yang dirancang untuk melakukan tugas-tugas tertentu pada suatu aplikasi. Sedangkan perangkat lunak sistem adalah yang mengendalikan resources perangkat keras yang dibutuhkan agar suatu aplikasi dapat bekerja dengan maksimal.;70;90;68,5
12;Jelaskan perbedaan antara firewall dan antivirus dalam konteks keamanan komputer.;firewall untuk keamanan lalu lintas data, sedangkan antivirus mencegah dan menghapus malware;90;90;93,5
12;Jelaskan perbedaan antara firewall dan antivirus dalam konteks keamanan komputer.;Tidak tahu;0;0;0
12;Jelaskan perbedaan antara firewall dan antivirus dalam konteks keamanan komputer.;Firewall berfungsi sebagai penghalang jaringan, memblokir akses yang tidak sah ke dan dari sistem, sementara antivirus mendeteksi dan menghapus perangkat lunak berbahaya (malware) yang sudah berada di perangkat. ;80;0;82,25
12;Jelaskan perbedaan antara firewall dan antivirus dalam konteks keamanan komputer.;Firewall dan antivirus sama-sama berfungsi untuk keamanan komputer, tapi cara kerjanya berbeda. Firewall bertindak sebagai penghalang yang mengatur lalu lintas data masuk dan keluar dari jaringan, mencegah akses yang mencurigakan atau tidak sah. Sementara itu, antivirus berfungsi untuk mendeteksi, mencegah, dan menghapus malware atau virus yang sudah masuk ke sistem. Firewall lebih fokus pada pencegahan akses berbahaya, sedangkan antivirus menangani ancaman yang sudah ada di dalam perangkat.;90;100;84,75
12;Jelaskan perbedaan antara firewall dan antivirus dalam konteks keamanan komputer.;Firewall berfungsi sebagai penghalang jaringan, memantau dan memblokir lalu lintas jaringan yang tidak sah, sementara antivirus mendeteksi dan menghapus perangkat lunak berbahaya (malware) yang ada di sistem;80;100;81,5
12;Jelaskan perbedaan antara firewall dan antivirus dalam konteks keamanan komputer.;Firewall memblokir seluruh koneksi internet yang berbahaya sedangkan antivirus melakukan scan pada seluruh file yang ada untuk mencari potential threats.;60;100;56,5
12;Jelaskan perbedaan antara firewall dan antivirus dalam konteks keamanan komputer.;Firewall mengontrol lalu lintas jaringan untuk mencegah akses yang tidak sah.   **Antivirus** mendeteksi dan menghapus malware dari sistem.;90;80;93
12;Jelaskan perbedaan antara firewall dan antivirus dalam konteks keamanan komputer.;Firewall adalah sistem yang memantau dan mengendalikan lalu lintas jaringan, bertindak sebagai penghalang untuk mencegah akses tidak sah dan serangan berbasis jaringan sedangkan Antivirus adalah perangkat lunak yang dirancang untuk mendeteksi, mencegah, dan menghapus malware (seperti virus, trojan, atau spyware) yang menyerang file dan sistem komputer.;80;100;77
12;Jelaskan perbedaan antara firewall dan antivirus dalam konteks keamanan komputer.;Firewall menyaring lalu lintas jaringan, sementara antivirus mendeteksi dan menghapus malware.;85;100;78,5
12;Jelaskan perbedaan antara firewall dan antivirus dalam konteks keamanan komputer.;Firewall untuk mencegah virus masuk, antivirus untuk menghilangkan virus yang sudah ada;80;80;84,5
12;Jelaskan perbedaan antara firewall dan antivirus dalam konteks keamanan komputer.;firewall lebih mengarah pada upaya keamanan eksternal, perangkat lunak antivirus adalah upaya keamanan internal;85;90;77
12;Jelaskan perbedaan antara firewall dan antivirus dalam konteks keamanan komputer.;Firewall melindungi jaringan, antivirus melindungi perangkat;90;60;82
12;Jelaskan perbedaan antara firewall dan antivirus dalam konteks keamanan komputer.;Firewall adalah seperangkat aturan yang menentukan koneksi apa yang diizinkan ke komputer. Antivirus adalah perangkat lunak yang mendeteksi dan mengkarantina/menghapus perangkat lunak berbahaya. ;80;60;78
12;Jelaskan perbedaan antara firewall dan antivirus dalam konteks keamanan komputer.;Firewall dan antivirus keduanya berperan penting dalam menjaga keamanan komputer, namun memiliki fungsi yang berbeda. Firewall berfungsi untuk mengontrol lalu lintas jaringan yang masuk dan keluar dari sistem dengan memantau dan memfilter data berdasarkan aturan tertentu, seperti alamat IP atau port yang digunakan. Tujuannya adalah mencegah akses tidak sah dari luar, seperti serangan hacker atau malware yang datang melalui jaringan. Sementara itu, antivirus berfokus pada mendeteksi, mengidentifikasi, dan menghapus perangkat lunak berbahaya seperti virus, trojan, atau worm yang mungkin telah menginfeksi komputer. Antivirus bekerja dengan memindai file dan program untuk mencari tanda-tanda infeksi, serta sering dilengkapi dengan pemindaian real-time untuk mencegah ancaman malware. Dengan demikian, firewall melindungi komputer dari ancaman eksternal melalui jaringan, sedangkan antivirus melindungi dari ancaman internal berupa malware yang masuk ke sistem. Keduanya bekerja bersama-sama untuk menciptakan lapisan perlindungan yang lebih kuat dan komprehensif bagi keamanan komputer.;90;80;84,75
12;Jelaskan perbedaan antara firewall dan antivirus dalam konteks keamanan komputer.;tidak tahu;0;100;0
12;Jelaskan perbedaan antara firewall dan antivirus dalam konteks keamanan komputer.;firewall mengidentifikasi data yang dicurigai. sedangkan antivirus memindai software yang dianggap bermasalah;60;0;63,5
12;Jelaskan perbedaan antara firewall dan antivirus dalam konteks keamanan komputer.;Firewall berfokus pada pemblokiran ancaman siber eksternal dengan memantau alamat IP dan lalu lintas jaringan pada tingkat protokol jaringan, program antivirus memindai berkas dan perangkat lunak sistem, mengidentifikasi dan menetralkan ancaman internal seperti virus, trojan, dan worm.;80;100;73,75
12;Jelaskan perbedaan antara firewall dan antivirus dalam konteks keamanan komputer.;firewall pencegahan virus, antivirus untuk memdeteksi dan menghapus virus;60;70;51,5
12;Jelaskan perbedaan antara firewall dan antivirus dalam konteks keamanan komputer.;firewall memindai lalu lintas sistem, antivirus memindai titik virus;70;56;66,5
12;Jelaskan perbedaan antara firewall dan antivirus dalam konteks keamanan komputer.;Firewall mengontrol dan menyaring lalu lintas data untuk mencegah akses berbahaya dari luar, sedangkan antivirus mendeteksi dan menghapus malware yang sudah masuk ke dalam sistem. Firewall bertindak sebagai penjaga gerbang jaringan, sementara antivirus melindungi perangkat dari ancaman seperti virus dan spyware.;90;60;85,75
12;Jelaskan perbedaan antara firewall dan antivirus dalam konteks keamanan komputer.;Firewall lebih ke keamanan eksternal, sementaea antivirus lebih ke keamanan komputer kita dalam artian lebih ke internal;70;100;71
12;Jelaskan perbedaan antara firewall dan antivirus dalam konteks keamanan komputer.;Firewall blokir ancaman siber kalau antivirus memindai aplikasi;40;60;37,25
12;Jelaskan perbedaan antara firewall dan antivirus dalam konteks keamanan komputer.;firewall berfungsi sebagai penghalang lalu lintas jaringan, sementara antivirus mendeteksi dan mengeliminasi malware/viruws di dalam perangkat;80;60;80,5
12;Jelaskan perbedaan antara firewall dan antivirus dalam konteks keamanan komputer.;firewall menjaga komputer dari IP eksternal yang menyerang, sedangkan antivirus menjaga komputer dari file dan spam;70;70;69,25
12;Jelaskan perbedaan antara firewall dan antivirus dalam konteks keamanan komputer.;Firewall berfungsi sebagai penghalang antara jaringan internal dan eksternal, mengontrol lalu lintas data yang masuk dan keluar untuk mencegah akses yang tidak sah. Perangkat lunak antivirus berfokus pada identifikasi, pencegahan, dan penghapusan perangkat lunak berbahaya seperti virus dan malware yang mungkin sudah ada di dalam sistem.;80;56;86,75
12;Jelaskan perbedaan antara firewall dan antivirus dalam konteks keamanan komputer.;Firewall dan antivirus adalah dua komponen keamanan komputer yang berbeda, meskipun keduanya penting untuk melindungi sistem dari ancaman. Firewall berfungsi sebagai penghalang lalu lintas jaringan, memblokir akses yang tidak sah, sementara antivirus mendeteksi dan menghapus malware yang sudah ada di sistem;80;100;82,25
12;Jelaskan perbedaan antara firewall dan antivirus dalam konteks keamanan komputer.;Ga tau bu;0;100;0
12;Jelaskan perbedaan antara firewall dan antivirus dalam konteks keamanan komputer.;antivirus sebagai software penghapus malware yang ada dalam sistem. sedangkan firewall adalah alat yang digunakan untuk memblokir akses asing dari jaringan internet yang terhubung dengan jaringan kita.;80;10;84,75
12;Jelaskan perbedaan antara firewall dan antivirus dalam konteks keamanan komputer.;Firewall menjaga komputer dari bahaya eksternal dari jaringan atau netwrok. Sementara itu,antivirus menjaga komputer dari malware;70;80;69
12;Jelaskan perbedaan antara firewall dan antivirus dalam konteks keamanan komputer.;firewall menghalangi dari web antivirus dari file;60;60;56,75
12;Jelaskan perbedaan antara firewall dan antivirus dalam konteks keamanan komputer.;Firewall dan antivirus memiliki perbedaan mendasar dalam lalu lintas data dan basis data nya;50;56;43
12;Jelaskan perbedaan antara firewall dan antivirus dalam konteks keamanan komputer.;Dari fungsi nya kalau firewall untuk Mengontrol dan memantau lalu lintas jaringan untuk mencegah akses yang tidak sah, sedangkan antivirus untuk Mendeteksi dan menghapus malware yang sudah ada atau mencoba masuk ke sistem;80;20;79
12;Jelaskan perbedaan antara firewall dan antivirus dalam konteks keamanan komputer.;firewall memblokir akses yang tidak dikenal, antivirus untuk virus;60;100;63,5
12;Jelaskan perbedaan antara firewall dan antivirus dalam konteks keamanan komputer.;Firewall dan antivirus punya peran berbeda dalam menjaga keamanan komputer. Firewall bekerja seperti penjaga pintu, yang memfilter dan mengontrol data yang keluar masuk dari jaringan ke komputer, mencegah akses asing yang berpotensi berbahaya. Sementara itu, antivirus bertindak layaknya petugas kebersihan di dalam sistem, mendeteksi, memblokir, dan menghapus virus atau program jahat yang sudah berhasil masuk. Dengan kata lain, firewall melindungi dari serangan luar, sedangkan antivirus menangani ancaman yang ada di dalam perangkat.;80;56;78
12;Jelaskan perbedaan antara firewall dan antivirus dalam konteks keamanan komputer.;Firewall berfokus pada pencegahan ancaman eksternal, sedangkan antivirus mendeteksi dan menghapus ancaman yang sudah masuk ke sistem;70;100;71
12;Jelaskan perbedaan antara firewall dan antivirus dalam konteks keamanan komputer.;Firewal l berfungsi untuk menyaring lalu lintas suatu data, sedangkan antivirus digunakan mendeteksi atau menghancurkan virus.;60;80;64,5
12;Jelaskan perbedaan antara firewall dan antivirus dalam konteks keamanan komputer.;Antivirus menghapus virus yang ada di komputer, firewall mencegah viruse masuk ke komputer;70;70;75,5
12;Jelaskan perbedaan antara firewall dan antivirus dalam konteks keamanan komputer.;Firewall mencegah akses sedangkan antivirus mendeteksi dan menghapus ancaman;70;80;65,5
12;Jelaskan perbedaan antara firewall dan antivirus dalam konteks keamanan komputer.;Firewall adalah filter yang membatasi komputer kita dengan jaringan luar. Artinya, firewall menjaga komputer kita terhadap jaringan internal atau eksternal. Di sisi lain, antivirius adalah software yang bertugas menjaga OS dari malware yang ada locally di dalam sistem penyimpanan komputer.;70;80;67
12;Jelaskan perbedaan antara firewall dan antivirus dalam konteks keamanan komputer.;Firewall merupakan program keamanan yang fokus pada jaringan komputer. Sedangkan, antivirus merupakan program yang bekerja pada tingkat lokal walaupun dapat di-bundle dengan suatu firewall tersendiri.;75;70;71
12;Jelaskan perbedaan antara firewall dan antivirus dalam konteks keamanan komputer.;Firewall berfungsi sebagai penghalang yang mengontrol lalu lintas data masuk dan keluar dari jaringan untuk mencegah akses yang tidak sah. Sementara itu, antivirus bertugas mendeteksi, mencegah, dan menghapus malware atau virus yang sudah masuk ke dalam sistem komputer;80;60;74,25
12;Jelaskan perbedaan antara firewall dan antivirus dalam konteks keamanan komputer.;Firewall dan antivirus adalah dua jenis perangkat lunak keamanan yang memiliki peran berbeda dalam melindungi komputer. Firewall bertindak sebagai penghalang yang mengontrol lalu lintas data masuk dan keluar dari jaringan komputer, mencegah akses yang mencurigakan atau tidak sah. Firewall bisa berupa perangkat lunak atau perangkat keras dan umumnya digunakan untuk melindungi jaringan dari ancaman eksternal seperti peretasan atau serangan malware sebelum masuk ke sistem.  Sementara itu, antivirus berfungsi untuk mendeteksi, mencegah, dan menghapus perangkat lunak berbahaya seperti virus, trojan, atau spyware yang sudah masuk ke dalam sistem. Antivirus bekerja dengan cara memindai file dan program untuk mencari ancaman yang dikenali atau mencurigakan. Jadi, jika firewall bertugas sebagai penjaga gerbang yang mencegah ancaman dari luar masuk ke jaringan, antivirus adalah pembersih yang menangani ancaman yang sudah berhasil melewati pertahanan tersebut. Idealnya, keduanya digunakan bersama untuk perlindungan yang lebih maksimal.;80;100;91
12;Jelaskan perbedaan antara firewall dan antivirus dalam konteks keamanan komputer.;;0;100;0
12;Jelaskan perbedaan antara firewall dan antivirus dalam konteks keamanan komputer.;Firewall mencegah akses tidak sah ke jaringan dengan mengatur lalu lintas data, sementara antivirus mendeteksi dan menghapus malware dari sistem komputer.;80;0;74,5
12;Jelaskan perbedaan antara firewall dan antivirus dalam konteks keamanan komputer.;Firewall digunakan untuk mencegah suatu malware untuk penetrasi ke dalam suatu sistem komputer. Sedangkan antivirus adalah suatu software untuk mengatasi atau menghilangkan malware yang sudah ada dalam sistem komputer.;75;100;78,25
12;Jelaskan perbedaan antara firewall dan antivirus dalam konteks keamanan komputer.;Firewall merupakan sistem keamanan yang bertindak sebagai penghalang antara jaringan internal dan jaringan eksternal, seperti internet, dengan tujuan mencegah akses yang tidak sah serta mengontrol lalu lintas data berdasarkan aturan keamanan yang telah ditentukan. Sedangkan antivirus merupkan perangkat lunak yang dibuat untukmendeteksi dan mencegah perangkat lunak berbahaya. ;80;100;80,25
12;Jelaskan perbedaan antara firewall dan antivirus dalam konteks keamanan komputer.;Firewall berfungsi sebagai penghalang yang mengatur lalu lintas data masuk dan keluar dari jaringan untuk mencegah akses tidak sah. Sementara itu, antivirus dirancang untuk mendeteksi, menghapus, dan mencegah malware yang sudah ada atau mencoba masuk ke dalam sistem komputer.;80;100;82,5
12;Jelaskan perbedaan antara firewall dan antivirus dalam konteks keamanan komputer.;;0;100;0
12;Jelaskan perbedaan antara firewall dan antivirus dalam konteks keamanan komputer.;Firewall berfungsi sebagai penghalang jaringan, memblokir akses yang tidak sah ke dan dari jaringan, sementara antivirus mendeteksi dan menghapus perangkat lunak berbahaya (malware) dari sistem;80;0;87
12;Jelaskan perbedaan antara firewall dan antivirus dalam konteks keamanan komputer.;firewall menahan adanya virus, antivirus mengecek perangkat untuk ada atau tidaknya virus;50;100;49,5
12;Jelaskan perbedaan antara firewall dan antivirus dalam konteks keamanan komputer.;Firewall berfungsi sebagai penghalang yang mengontrol lalu lintas data masuk dan keluar dari jaringan untuk mencegah akses tidak sah. Sementara itu, antivirus mendeteksi, menghapus, dan melindungi sistem dari malware atau virus yang dapat merusak perangkat.;80;80;78
12;Jelaskan perbedaan antara firewall dan antivirus dalam konteks keamanan komputer.;Firewall adalah sistem keamanan yang mengontrol lalu lintas jaringan masuk dan keluar berdasarkan aturan keamanan yang telah ditetapkan. Firewall bertindak sebagai penghalang untuk mencegah akses yang tidak sah ke atau dari jaringan. sementara, Antivirus adalah perangkat lunak yang dirancang untuk mendeteksi, mencegah, dan menghapus perangkat lunak berbahaya (malware), seperti virus, trojan, dan worm yang dapat merusak sistem komputer atau mencuri data pengguna.;80;100;77
12;Jelaskan perbedaan antara firewall dan antivirus dalam konteks keamanan komputer.;Firewall merupakan bawaan sementara antivirus eksternal;0;100;0
12;Jelaskan perbedaan antara firewall dan antivirus dalam konteks keamanan komputer.;Firewall dan antivirus sama-sama digunakan untuk menjaga keamanan komputer, tetapi memiliki fungsi yang berbeda. Firewall bertindak sebagai penghalang yang mengatur lalu lintas jaringan dengan memfilter data yang masuk dan keluar berdasarkan aturan keamanan tertentu. Firewall dapat mencegah akses tidak sah ke jaringan atau komputer. Sementara itu, antivirus berfungsi untuk mendeteksi, mencegah, dan menghapus malware atau virus yang dapat merusak sistem komputer. Antivirus bekerja dengan memindai file dan program untuk mencari ancaman keamanan, baik yang sudah dikenal maupun yang mencurigakan. Singkatnya, firewall berperan dalam perlindungan jaringan, sedangkan antivirus melindungi perangkat dari serangan malware;80;0;79
12;Jelaskan perbedaan antara firewall dan antivirus dalam konteks keamanan komputer.;Firewall dan antivirus adalah perangkat keamanan komputer yang berbeda dalam cara kerjanya dan tempat penerapannya.;20;100;14,25
12;Jelaskan perbedaan antara firewall dan antivirus dalam konteks keamanan komputer.;-;0;10;0
12;Jelaskan perbedaan antara firewall dan antivirus dalam konteks keamanan komputer.;Firewall menghamabat sedangkan antivirus mendeteksi dan menghapus virus;70;0;65,5
12;Jelaskan perbedaan antara firewall dan antivirus dalam konteks keamanan komputer.;Firewall dan antivirus adalah dua komponen penting dalam keamanan komputer, tetapi keduanya memiliki fungsi yang berbeda. Firewall bertindak sebagai penghalang antara jaringan internal dan jaringan eksternal (seperti internet) untuk mencegah akses yang tidak sah. Firewall mengontrol lalu lintas data berdasarkan aturan yang telah ditentukan, sehingga dapat memblokir ancaman seperti peretasan atau serangan siber sebelum mencapai sistem. Firewall dapat berupa perangkat lunak atau perangkat keras dan umumnya digunakan untuk melindungi jaringan dari ancaman eksternal. Sementara itu, antivirus berfungsi untuk mendeteksi, mencegah, dan menghapus malware seperti virus, trojan, dan spyware yang sudah masuk ke dalam sistem komputer. Antivirus bekerja dengan cara memindai file dan program untuk mencari tanda-tanda infeksi, baik dengan membandingkan data dengan database virus yang dikenal maupun menggunakan metode deteksi berbasis perilaku. Singkatnya, firewall lebih fokus pada pencegahan akses yang mencurigakan dari luar, sedangkan antivirus menangani ancaman yang sudah masuk ke dalam sistem. Keduanya saling melengkapi dalam menjaga keamanan komputer dari berbagai ancaman digital.;80;56;79,5
12;Jelaskan perbedaan antara firewall dan antivirus dalam konteks keamanan komputer.;;0;100;0
12;Jelaskan perbedaan antara firewall dan antivirus dalam konteks keamanan komputer.;-;0;0;0
12;Jelaskan perbedaan antara firewall dan antivirus dalam konteks keamanan komputer.;Firewall memblokir akses tidak sah ke jaringan, antivirus mendeteksi dan menghapus malware di perangkat;70;0;71,5
12;Jelaskan perbedaan antara firewall dan antivirus dalam konteks keamanan komputer.;Firewall adalah sistem keamanan yang mengontrol lalu lintas jaringan dengan memblokir atau mengizinkan data berdasarkan aturan yang ditetapkan, melindungi perangkat dari akses tidak sah. Sementara itu, antivirus adalah perangkat lunak yang mendeteksi, mencegah, dan menghapus malware seperti virus, trojan, dan spyware. Firewall berfungsi sebagai penghalang terhadap ancaman eksternal, sedangkan antivirus berperan dalam menangani ancaman yang sudah masuk ke sistem.;80;100;77
12;Jelaskan perbedaan antara firewall dan antivirus dalam konteks keamanan komputer.;Sementara firewall terutama berfokus pada pemblokiran ancaman siber eksternal dengan memantau alamat IP dan lalu lintas jaringan pada tingkat protokol jaringan, program antivirus memindai berkas dan perangkat lunak sistem, mengidentifikasi dan menetralkan ancaman internal seperti virus, trojan, dan worm.;70;100;75
12;Jelaskan perbedaan antara firewall dan antivirus dalam konteks keamanan komputer.;-;0;100;0
12;Jelaskan perbedaan antara firewall dan antivirus dalam konteks keamanan komputer.;Firewall dan antivirus memiliki peran berbeda dalam keamanan komputer. Firewall bertindak sebagai penghalang antara jaringan internal dan internet, mengontrol lalu lintas data yang masuk dan keluar berdasarkan aturan keamanan untuk mencegah akses tidak sah. Sementara itu, antivirus berfungsi mendeteksi, mencegah, dan menghapus perangkat lunak berbahaya seperti virus, malware, dan spyware yang sudah masuk ke sistem. Firewall melindungi dari ancaman eksternal dengan membatasi akses jaringan, sedangkan antivirus menangani ancaman internal dengan memindai dan membersihkan file yang terinfeksi. Keduanya bekerja bersama untuk meningkatkan keamanan sistem komputer.;80;0;85,75
12;Jelaskan perbedaan antara firewall dan antivirus dalam konteks keamanan komputer.;Firewall dan antivirus adalah dua komponen penting dalam keamanan komputer, tetapi memiliki fungsi yang berbeda. Firewall bertindak sebagai penghalang antara jaringan internal dan jaringan eksternal (seperti internet), mengontrol lalu lintas data berdasarkan aturan keamanan yang ditetapkan. Firewall dapat berupa perangkat keras atau perangkat lunak dan berfungsi untuk mencegah akses tidak sah serta melindungi sistem dari serangan seperti hacking dan DDoS. Sementara itu, antivirus berfokus pada mendeteksi, mencegah, dan menghapus perangkat lunak berbahaya seperti virus, worm, trojan, dan malware yang sudah masuk ke dalam sistem. Antivirus bekerja dengan memindai file, program, dan aktivitas mencurigakan yang dapat membahayakan komputer. Singkatnya, firewall bertindak sebagai pencegah ancaman eksternal, sedangkan antivirus bertugas untuk menangani ancaman yang sudah ada dalam sistem. Idealnya, keduanya digunakan bersama untuk perlindungan maksimal terhadap serangan siber.;80;100;82
12;Jelaskan perbedaan antara firewall dan antivirus dalam konteks keamanan komputer.;Perangkat lunak antivirus, memindai semua file yang sudah ada di komputer Anda dan menghapus virus serta malware lain yang ditemukan. Sedangkan firewall memindai traffic internet yang masuk untuk mencari virus dan malware serta mencegah mereka supaya tidak dapat mengakses komputer Anda.;70;95;75,75
12;Jelaskan perbedaan antara firewall dan antivirus dalam konteks keamanan komputer.;Firewall berfungsi untuk menjaga keamanan privasi data agar data tidak terbobol, sementara antivirus mencegah komputer mendapatkan virus yang dapat mengganggu kinerja komputer;60;100;61,75
12;Jelaskan perbedaan antara firewall dan antivirus dalam konteks keamanan komputer.;Firewall adalah sistem keamanan yang mengontrol lalu lintas data antara jaringan, mencegah akses tidak sah, sedangkan antivirus adalah program yang mendeteksi, mencegah, dan menghapus perangkat lunak berbahaya pada komputer.;80;50;84,5
12;Jelaskan perbedaan antara firewall dan antivirus dalam konteks keamanan komputer.;Firewall dan antivirus memiliki fungsi berbeda dalam menjaga keamanan komputer. Firewall bertindak sebagai penghalang antara jaringan internal dan eksternal, memantau serta mengontrol lalu lintas data untuk mencegah akses yang tidak sah. Antivirus, di sisi lain, mendeteksi, mencegah, dan menghapus perangkat lunak berbahaya seperti virus, malware, dan spyware yang dapat merusak sistem atau mencuri data.;80;100;75,5
12;Jelaskan perbedaan antara firewall dan antivirus dalam konteks keamanan komputer.;Firewall melindungi jaringan dengan memfilter lalu lintas data berdasarkan aturan keamanan, mencegah akses tidak sah. Antivirus mendeteksi, mencegah, dan menghapus malware dari sistem. Firewall berfokus pada kontrol akses jaringan, sementara antivirus menangani ancaman yang sudah masuk ke perangkat, seperti virus, trojan, dan spyware.;80;100;77,5
12;Jelaskan perbedaan antara firewall dan antivirus dalam konteks keamanan komputer.;Firewall memblokir sebuah website/IP address, sedangkan antivirus mendeteksi hal-hal yang aneh dalam komputer itu sendiri, lalu menghentikan dan menghapusnya sesuai dengan perintah;60;100;61,75
12;Jelaskan perbedaan antara firewall dan antivirus dalam konteks keamanan komputer.;Firewall proaktif, mencegah bahaya sebelum terjadi. Sementara antivirus reaktif, seperti menghapus malware;60;90;56,75
12;Jelaskan perbedaan antara firewall dan antivirus dalam konteks keamanan komputer.;Firewall berfungsi untuk mecegah virus sedangkan Antivirus adalah untuk mendeteksi dan menghapus virus dalam komputer.;70;60;73,5
12;Jelaskan perbedaan antara firewall dan antivirus dalam konteks keamanan komputer.;Firewall lebih mengamankan koneksi antara komunikasi dari komputer ke jaringan sementara antivirus lebih bekerja di internal komputer itu sendiri, tidak sampai mengakses jaringan.;60;60;62
12;Jelaskan perbedaan antara firewall dan antivirus dalam konteks keamanan komputer.;Firewall bertugas mengontrol lalu lintas data yang masuk dan keluar dari jaringan komputer dan Antivirus berfungsi untuk mendeteksi, mencegah, dan menghapus virus atau malware yang sudah masuk ke dalam sistem komputer.;90;60;94
12;Jelaskan perbedaan antara firewall dan antivirus dalam konteks keamanan komputer.;firewall berfungsi untuk memblokade lalu lintas internet, antivirus berfungsi mencegah dan memeriksa virus;80;80;79,25
12;Jelaskan perbedaan antara firewall dan antivirus dalam konteks keamanan komputer.;Firewall dan antivirus saling melengkapi dalam memberikan perlindungan keamanan siber. Firewall melindungi di tingkat jaringan, sedangkan antivirus melindungi sistem internal;80;80;73,75
12;Jelaskan perbedaan antara firewall dan antivirus dalam konteks keamanan komputer.;Firewall adalah sebuah metode pembatasan dan monitor koneksi yang ditujukan untuk mencegah masuknya virus ke dalam komputer, antivirus adalah program yang mengecek sistem lokal untuk file - file malware dan file berbahaya lainnya;80;80;84,75
12;Jelaskan perbedaan antara firewall dan antivirus dalam konteks keamanan komputer.;;0;100;0
12;Jelaskan perbedaan antara firewall dan antivirus dalam konteks keamanan komputer.;Firewall memblokir ancaman yang datang ke komputer sedangkan antivirus berfungsi untuk membersihkan komputer yang sudah terkena virus.;80;0;78,75
12;Jelaskan perbedaan antara firewall dan antivirus dalam konteks keamanan komputer.;firewall untuk mencegah akses berbahaya ke jaringan komputer. Antivirus untuk mendeteksi, mencegah, dan menghapus;85;90;78,25
12;Jelaskan perbedaan antara firewall dan antivirus dalam konteks keamanan komputer.;;0;90;0
12;Jelaskan perbedaan antara firewall dan antivirus dalam konteks keamanan komputer.;firewall adalah sistem keamanan yang mengontrol lalu lintas jaringan sedangkan antivirus adalah sistem keamanan yang dirancang untuk mendeteksi virus atau malware yang ada di komputer;85;0;87,25
12;Jelaskan perbedaan antara firewall dan antivirus dalam konteks keamanan komputer.;-;0;100;0
12;Jelaskan perbedaan antara firewall dan antivirus dalam konteks keamanan komputer.;;0;0;0
12;Jelaskan perbedaan antara firewall dan antivirus dalam konteks keamanan komputer.;Firewall mengontrol dan memfilter lalu lintas jaringan untuk mencegah akses yang tidak sah, sedangkan antivirus mendeteksi dan menghapus malware yang sudah masuk ke sistem. Firewall bekerja sebagai pertahanan pertama terhadap serangan dari luar, sementara antivirus melindungi dari ancaman internal seperti virus.;90;0;95,25
12;Jelaskan perbedaan antara firewall dan antivirus dalam konteks keamanan komputer.;Firewall adalah sistem keamanan yang mengontrol lalu lintas jaringan berdasarkan aturan yang ditentukan, sementara antivirus adalah perangkat lunak yang mendeteksi, mencegah, dan menghapus malware dari sistem.;85;100;80,5
12;Jelaskan perbedaan antara firewall dan antivirus dalam konteks keamanan komputer.;Firewall adalah sistem keamanan yang bertindak sebagai penyaring lalu lintas data yang masuk dan keluar dari jaringan komputer. Firewall berfungsi untuk mencegah akses yang tidak sah atau berbahaya dengan memblokir atau mengizinkan koneksi berdasarkan aturan yang telah ditentukan.;85;100;82,5
12;Jelaskan perbedaan antara firewall dan antivirus dalam konteks keamanan komputer.;Firewall adalah perlindungan untuk mencegah sebuah program tak dikenal masuk ke komputer. Anti virus adalah sebuah program yang digunakan untuk mendeteksi malware yang ada di dalam perangkat;80;70;85,25
12;Jelaskan perbedaan antara firewall dan antivirus dalam konteks keamanan komputer.;"Firewall dan antivirus adalah dua komponen penting dalam keamanan komputer, tetapi keduanya memiliki fungsi yang berbeda. Firewall bertindak sebagai ""penjaga gerbang"" yang mengontrol lalu lintas data yang masuk dan keluar dari jaringan atau perangkat, mencegah akses yang tidak sah dan serangan dari luar. Firewall dapat berupa perangkat lunak atau perangkat keras yang menyaring dan memblokir koneksi berbahaya sebelum mencapai sistem. Sementara itu, antivirus berfungsi untuk mendeteksi, mencegah, dan menghapus malware seperti virus, trojan, dan ransomware yang sudah masuk ke dalam sistem. Antivirus bekerja dengan memindai file, program, dan aktivitas sistem untuk mencari ancaman yang mencurigakan. Singkatnya, firewall melindungi dari ancaman eksternal dengan memfilter lalu lintas jaringan, sedangkan antivirus melindungi dari ancaman internal dengan mendeteksi dan menghapus malware yang telah masuk ke dalam komputer";90;90;97
12;Jelaskan perbedaan antara firewall dan antivirus dalam konteks keamanan komputer.;;0;100;0
12;Jelaskan perbedaan antara firewall dan antivirus dalam konteks keamanan komputer.;Firewall adalah sistem keamanan yang mengontrol lalu lintas jaringan berdasarkan aturan yang telah ditentukan. Firewall berfungsi untuk mencegah akses yang tidak sah ke atau dari jaringan, baik melalui perangkat lunak maupun perangkat keras. • Antivirus adalah perangkat lunak yang dirancang untuk mendeteksi, mencegah, dan menghapus perangkat lunak berbahaya (malware) seperti virus, worm, dan trojan dari sistem komputer. Firewall lebih fokus pada perlindungan jaringan dari serangan eksternal, sedangkan antivirus lebih berfokus pada keamanan file dan sistem dari infeksi malware.;85;0;93
12;Jelaskan perbedaan antara firewall dan antivirus dalam konteks keamanan komputer.;-;0;100;0
12;Jelaskan perbedaan antara firewall dan antivirus dalam konteks keamanan komputer.;Firewall berfungsi mengontrol lalu lintas jaringan dan mencegah akses yang tidak sah, sementara antivirus mendeteksi dan menghapus malware yang dapat merusak sistem komputer.;85;0;80,75
12;Jelaskan perbedaan antara firewall dan antivirus dalam konteks keamanan komputer.;Firewall menghalang jalan ke alamat lain, antivirus untuk keamanan;70;100;66
12;Jelaskan perbedaan antara firewall dan antivirus dalam konteks keamanan komputer.;Adalah benteng utama komputer melawan virus;50;56;50,5
12;Jelaskan perbedaan antara firewall dan antivirus dalam konteks keamanan komputer.;firewall memblokir jaringan/akses yang tidak sah, antivirus menghapus malware;75;20;73
12;Jelaskan perbedaan antara firewall dan antivirus dalam konteks keamanan komputer.;Firewall dan antivirus merupakan sistem pendeteksi input yang akan memblokir input tersebut apabila identitas nya mencurigakan;70;90;66,75
12;Jelaskan perbedaan antara firewall dan antivirus dalam konteks keamanan komputer.;firewall adalah sistem yang menjaga lalu lintas yang keluar dam masuk, sedangkan antivirus mendeteksi komputrr untuk virus atau malware.;80;50;75,5
12;Jelaskan perbedaan antara firewall dan antivirus dalam konteks keamanan komputer.;untuk menghalau situs dns sedangkan antivirus untuk menjaga keamanan komputer itu sendiri;50;80;51
12;Jelaskan perbedaan antara firewall dan antivirus dalam konteks keamanan komputer.;Firewall menjaga keamanan jaringan komputer/internet. Sedangkan antivirus menjaga komputer dari file file berbahaya;75;50;76,5
12;Jelaskan perbedaan antara firewall dan antivirus dalam konteks keamanan komputer.;firewall berfokus pada pemblokiran ancaman eksternal dengan memantau alamat IP dan lalu lintas jaringan pada tingkat protokol jaringan, pro antivirus memindai berkas dan perangkat lunak sistem, mengidentifikasi dan menetralkan ancaman internal seperti virus;75;100;72
12;Jelaskan perbedaan antara firewall dan antivirus dalam konteks keamanan komputer.;;0;0;0
12;Jelaskan perbedaan antara firewall dan antivirus dalam konteks keamanan komputer.;-;0;0;0
12;Jelaskan perbedaan antara firewall dan antivirus dalam konteks keamanan komputer.;Kalau firewall untuk mengatur jalur dari jaringan sedangkan antivirus untuk mencegaj virus yang menyerang komputer;70;0;73,75
12;Jelaskan perbedaan antara firewall dan antivirus dalam konteks keamanan komputer.;;0;70;0
12;Jelaskan perbedaan antara firewall dan antivirus dalam konteks keamanan komputer.;Firewall : Sistem keamanan yang mengontrol lalu lintas jaringan masuk dan keluar berdasarkan aturan keamanan. Antivirus : Program yang mendeteksi, mencegah, dan menghapus malware atau virus dari sistem komputer.;85;0;83,25
12;Jelaskan perbedaan antara firewall dan antivirus dalam konteks keamanan komputer.;-;0;100;0
12;Jelaskan perbedaan antara firewall dan antivirus dalam konteks keamanan komputer.;;0;0;0
12;Jelaskan perbedaan antara firewall dan antivirus dalam konteks keamanan komputer.;Firewall untuk jaringan internet dan antivirus untuk keamanan data;70;0;64,25
12;Jelaskan perbedaan antara firewall dan antivirus dalam konteks keamanan komputer.;Firewall ngefilter dataa kalo antivirus ngecek dan ngapus data;65;56;60,75
12;Jelaskan perbedaan antara firewall dan antivirus dalam konteks keamanan komputer.;;0;50;0
12;Jelaskan perbedaan antara firewall dan antivirus dalam konteks keamanan komputer.;.;0;0;0
12;Jelaskan perbedaan antara firewall dan antivirus dalam konteks keamanan komputer.;Firewall berfungsi melindungi jaringan komputer sedangkan antivirus melindungi perangkat komputer;80;0;78
12;Jelaskan perbedaan antara firewall dan antivirus dalam konteks keamanan komputer.;firewall menjaga dari serangan luar, antivirus membersihkan ancaman di dalam komputer;70;56;62
12;Jelaskan perbedaan antara firewall dan antivirus dalam konteks keamanan komputer.;Firewall menghalangi jaringan lain masuk ke komputer, sedangkan antivirus berguna menghalangi virus atau bahaya lain masuk;70;70;61
12;Jelaskan perbedaan antara firewall dan antivirus dalam konteks keamanan komputer.;Firewall adalah perangkat lunak atau perangkat keras yang bertugas mengontrol dan memantau lalu lintas jaringan, dengan menentukan data mana yang boleh masuk atau keluar dari sistem berdasarkan aturan keamanan yang telah ditetapkan. Antivirus adalah perangkat lunak yang dirancang untuk mendeteksi, mencegah, dan menghapus perangkat lunak berbahaya (malware) seperti virus, trojan, worm, ransomware, dan spyware dari sistem komputer;80;40;83,5
12;Jelaskan perbedaan antara firewall dan antivirus dalam konteks keamanan komputer.;Firewall bekerja dengan membuat apapun yang beresiko untuk komputer yang ada, sedangkan antivirus dapat mendeteksi hal yang sudah ada di komputer;75;100;79
12;Jelaskan perbedaan antara firewall dan antivirus dalam konteks keamanan komputer.;Firewall dan antivirus adalah dua komponen penting dalam keamanan komputer. Firewall berfungsi untuk memantau dan mengontrol lalu lintas jaringan masuk dan keluar, mencegah akses tidak sah ke sistem. Sementara itu, antivirus berfungsi untuk mendeteksi, menghapus, dan mencegah infeksi virus dan malware di dalam komputer. Keduanya bekerja sama untuk melindungi sistem dari ancaman yang berbeda.;80;40;85,25
12;Jelaskan perbedaan antara firewall dan antivirus dalam konteks keamanan komputer.;Firewall memantau dan memblokir lalu lintas jaringan yang mencurigakan atau tidak sah, sementara antivirus mendeteksi dan menghapus malware (perangkat lunak jahat) yang sudah ada di sistem;80;100;77
12;Jelaskan perbedaan antara firewall dan antivirus dalam konteks keamanan komputer.;-;0;100;0
12;Jelaskan perbedaan antara firewall dan antivirus dalam konteks keamanan komputer.;Firewall memblokir akses tidak sahnke jaringan. Adapun antivirus berfungsi untuk menghapus malware yangvsudah ada.;70;0;71,25
12;Jelaskan perbedaan antara firewall dan antivirus dalam konteks keamanan komputer.;;0;100;0
12;Jelaskan perbedaan antara firewall dan antivirus dalam konteks keamanan komputer.;-;0;0;0
12;Jelaskan perbedaan antara firewall dan antivirus dalam konteks keamanan komputer.;Firewall berfungsi untuk mengontrol lalu lintas jaringan dan melindungi komputer dari akses tidak sah atau ancaman dari luar. Sedangkan antivirus bertugas mendeteksi, mencegah, dan menghapus malware yang sudah ada di komputer;85;0;86,75
12;Jelaskan perbedaan antara firewall dan antivirus dalam konteks keamanan komputer.;Firewall adalah sistem keamanan yang memantau dan mengontrol jaringan. Sedangan antivirus adalah software untuk mencegah dan mendeteksi adanya virus atau worm dalam sistem komputer;80;100;79
12;Jelaskan perbedaan antara firewall dan antivirus dalam konteks keamanan komputer.;"Terdapat perbedaan antara keduanya, dimana firewall melindungi komputer dengan memblokir ancaman dari luar komputer itu sendiri atau bisa dibilang memproteksi secara langsung sedangkan antivirus bekerja dengan ""melawan"" para ancaman yang ada di komputer pada saat ancaman-ancaman tersebut sudah ada dalam komputer";75;90;80
12;Jelaskan perbedaan antara firewall dan antivirus dalam konteks keamanan komputer.;Firewall melindungi jaringan dengan menyaring lalu lintas data yang masuk dan keluar sedangkan Antivirus melindungi perangkat dari malware;80;100;87,5
12;Jelaskan perbedaan antara firewall dan antivirus dalam konteks keamanan komputer.;Firewall berperan dalam sistem pengamanan di level network, sedangkan antivirus berperan langsung dalam proses proteksi di sistem komputer melalui proses scanning dari aktivitas yang ada di komputer.;70;80;73
12;Jelaskan perbedaan antara firewall dan antivirus dalam konteks keamanan komputer.;Firewall untuk sebagai pembatas dalam berinternet, antivirus untuk mendeteksi atau mencegah adanya virus;70;80;67,5
12;Jelaskan perbedaan antara firewall dan antivirus dalam konteks keamanan komputer.;Firewall adalah semacam pencegahan sedangkan antivirus adalah semacam pengobatan;50;75;43
12;Jelaskan perbedaan antara firewall dan antivirus dalam konteks keamanan komputer.;Firewall hanya mencegah malware dan hal lain yang dapat merusak kinerja komputer, sementara antivirus selain mencegah dapat mengobati juga;75;60;77
12;Jelaskan perbedaan antara firewall dan antivirus dalam konteks keamanan komputer.;Kurang tau;0;0;0
12;Jelaskan perbedaan antara firewall dan antivirus dalam konteks keamanan komputer.;Firewall menjaga keamanan komputer berbasis jaringan, sedangkan antivirus untuk menjaga komputer berbasis local, atau berbasis masing-masing komputer;70;80;73,25
12;Jelaskan perbedaan antara firewall dan antivirus dalam konteks keamanan komputer.;Firewall sebagai checkpoint untuk mensortir program jahat dari program yang diunduh, antivirus sebagai obat ketika program jahat sudah masuk ke komputer;75;80;74,25
12;Jelaskan perbedaan antara firewall dan antivirus dalam konteks keamanan komputer.;Perangkat lunak aplikasi itu program yang dipakai langsung sama pengguna, kayak Microsoft Word. Kalau perangkat lunak sistem itu yang ngatur komputer, kayak sistem operasi, biar hardware sama aplikasi bisa jalan bareng.;70;0;76,5
12;Jelaskan perbedaan antara firewall dan antivirus dalam konteks keamanan komputer.;Firewall adalah keamanan yang tercipta untuk menangani jaringan eksternal sistem komputer. Antivirus menangani keamanan komputer dalam lingkup run-in environment operating system tersebut.;70;56;66,75
12;Jelaskan perbedaan antara firewall dan antivirus dalam konteks keamanan komputer.;Firewall digunakan sebagai keamanan komputer untuk menjaga keamanan dari masalah eksternal. Sedangkan antivirus digunakan untuk menjaga keamanan komputer dari masalah perangkat keseluruhan.;75;56;71
12;Jelaskan perbedaan antara firewall dan antivirus dalam konteks keamanan komputer.;Firewall ngejaga biar koneksi jahat nggak masuk. Antivirus nyari dan ngilangin virus di dalam komputer.;70;80;72
12;Jelaskan perbedaan antara firewall dan antivirus dalam konteks keamanan komputer.;firewall adalah metode dimana data dari alamat asing dilarang masuk ke dalam.komputer dan antivirus adalah software yang mengecek perangkat untuk file asing yang mungkin berbahaya;75;60;77
12;Jelaskan perbedaan antara firewall dan antivirus dalam konteks keamanan komputer.;Firewall merupakan benteng dari suatu sistem komputer untuk mencrgah virus dengan membuat dinding yang tidak dapat ditrmbus suatu virus, sementara antivirus adalah suatu sistem dimana mendeteksi virus ketika ada sesuatu yg mencurigakan;75;60;82,5
12;Jelaskan perbedaan antara firewall dan antivirus dalam konteks keamanan komputer.;Firewall adalah suatu sistem pengaman yang menghalangi suatu domain dari diakses oleh suatu komputer. Antivirus adalah sistem keamanan yang menghalangi dan mengecek adanya Malware dalam suatu komputer, lalu menghapusnya;70;56;77
12;Jelaskan perbedaan antara firewall dan antivirus dalam konteks keamanan komputer.;antivirus untuk melawan virus dr web kalau firewall menahan gangguan sistem dari wifi;50;50;52
12;Jelaskan perbedaan antara firewall dan antivirus dalam konteks keamanan komputer.;firewall blokir jaringan yang mencurigakan sedangkan antivirus nyari dan ngapus malware di sistem;75;60;69
12;Jelaskan perbedaan antara firewall dan antivirus dalam konteks keamanan komputer.;Firewall menahan akses yg unknown dari suatu jaringan dan antivirus itu software yg detect and melawan virus yg ada di hardware;60;80;59
12;Jelaskan perbedaan antara firewall dan antivirus dalam konteks keamanan komputer.;firewall berfungsi sebagai pengaman jaringan dengan mengontrol lalu lintas data yang masuk dan keluar berdasarkan aturan keamanan, mencegah akses yang tidak sah. sedangkan antivirus berfungsi untuk mendeteksi, mencegah, dan menghapus malware atau virus yang dapat merusak sistem komputer.;85;100;85,75
12;Jelaskan perbedaan antara firewall dan antivirus dalam konteks keamanan komputer.;Saya kurang paham tentang firewall dan antivirus, tetapi mungkin perbedaan mereka mungkin kalau firewall itu embedded di domain jaringan untuk melindungi jaringan komputer sedangkan antivirus itu spesifik terhadap perangkat.;70;60;68,75
12;Jelaskan perbedaan antara firewall dan antivirus dalam konteks keamanan komputer.;Firewall langsung menolak koneksi asing yang dinilai berbahaya, sehingga bisa dikatakan proaktif. Antivirus memiliki ranah yang lebih luas dan bisa menganalisis dan mengamankan malware secara reaktif.;70;75;73,25
12;Jelaskan perbedaan antara firewall dan antivirus dalam konteks keamanan komputer.;firewall itu buat ngontrol lalu lintas data, mencegah akses yang nggak sah. antivirus itu buat ngecek dan ngilangin virus atau malware yang nyerang komputer.;75;100;70
12;Jelaskan perbedaan antara firewall dan antivirus dalam konteks keamanan komputer.;Firewall adalah keamanan komputer yang melindungi bagian jaringan atau internet sedangkan antivirus berguna melindungi komputer dari suatu program atau file yang berbahaya bagi komputer.;80;95;82,25
12;Jelaskan perbedaan antara firewall dan antivirus dalam konteks keamanan komputer.;Firewall adalah sistem untuk memantau data yang masuk dari jaringan komputer, sedangkan antivirus adalah sistem yang digunakan untuk mendeteksi virus atau file mencurigakan yang masuk ke dalam sistem untuk kemudian dihilangkan;80;100;78,75
12;Jelaskan perbedaan antara firewall dan antivirus dalam konteks keamanan komputer.;Firewall menyaring lalu lintas jaringan, sementara antivirus mendeteksi dan menghapus malware.;80;95;78,75
12;Jelaskan perbedaan antara firewall dan antivirus dalam konteks keamanan komputer.;Fiirewall berfungsi sebagai penghalang yang mengontrol lalu lintas data masuk dan keluar dari jaringan untuk mencegah akses tidak sah, seperti serangan hacker. Sementara itu, antivirus bertugas mendeteksi, mencegah, dan menghapus malware atau virus yang sudah ada di dalam sistem komputer. Firewall lebih berfokus pada keamanan jaringan, sedangkan antivirus melindungi dari ancaman berbasis file dan perangkat lunak berbahaya.;85;100;89
12;Jelaskan perbedaan antara firewall dan antivirus dalam konteks keamanan komputer.;Antivirus melindungi perangkat kita dari virus secara menyeluruh secara internal sedangkat firewall melindungi perangkat kita secara eksternal;75;50;80,75
12;Jelaskan perbedaan antara firewall dan antivirus dalam konteks keamanan komputer.;Firewall adalah perangkat atau perangkat lunak yang mengatur lalu lintas jaringan, memblokir akses tidak sah berdasarkan aturan. Antivirus melindungi dari malware dengan mendeteksi, menghapus, atau mencegah infeksi pada file dan program. Firewall fokus pada keamanan jaringan, sedangkan antivirus menargetkan ancaman perangkat lunak di dalam sistem.;80;100;80,25
12;Jelaskan perbedaan antara firewall dan antivirus dalam konteks keamanan komputer.;Firewall adalah perangkat atau perangkat lunak yang mengatur lalu lintas jaringan untuk mencegah akses tidak sah ke atau dari komputer. Antivirus, di sisi lain, mendeteksi, menghapus, dan mencegah perangkat lunak berbahaya (malware) yang sudah ada di sistem komputer. Keduanya berfungsi untuk melindungi perangkat, tetapi dengan pendekatan yang berbeda.;80;100;82,5
12;Jelaskan perbedaan antara firewall dan antivirus dalam konteks keamanan komputer.;Firewall melindungi keamanan eksternal, sedangkan antivirus melindungi perangkat secara menyeluruh;70;50;73,5
12;Jelaskan perbedaan antara firewall dan antivirus dalam konteks keamanan komputer.;Firewall berfungsi untuk melindungi, antivirus berfungsi sebagai pemindai virus;65;50;60
12;Jelaskan perbedaan antara firewall dan antivirus dalam konteks keamanan komputer.;firewall penghalang jaringan internal dan eksternal, antivirus menghindari birus;65;50;67,5
12;Jelaskan perbedaan antara firewall dan antivirus dalam konteks keamanan komputer.;firewall mencegah suatu virus untik masuk sedangkan antivirus memeriksa semua file yang bisa menjadi virus;65;75;61,75
12;Jelaskan perbedaan antara firewall dan antivirus dalam konteks keamanan komputer.;Firewall itu ngeblokir dari jaringan sus, antivirus untuk ngeblock virus yg ada di kokputer;60;54;57,5
12;Jelaskan perbedaan antara firewall dan antivirus dalam konteks keamanan komputer.;Firewall untuk mengontrol lalu lintas jaringan, mencegah akses tidak sah, dan melindungi dari serangan eksternal sementara antivitius untuk mendeteksi, menghapus, dan mencegah malware yang sudah masuk ke dalam sistem.;85;85;80
12;Jelaskan perbedaan antara firewall dan antivirus dalam konteks keamanan komputer.;firewall digunakan agar ip client tidak bocor dan antivirus agar tidak ada malware pada kompiter;40;56;37,5
12;Jelaskan perbedaan antara firewall dan antivirus dalam konteks keamanan komputer.;- Firewall: Memblokir akses tidak sah dari jaringan (lapisan luar). - Antivirus: Mendeteksi/menghapus malware di perangkat (lapisan dalam).;70;75;75,75
12;Jelaskan perbedaan antara firewall dan antivirus dalam konteks keamanan komputer.;Firewall berfungsi sebagai penghalang yang mengontrol lalu lintas jaringan, mencegah akses tidak sah ke atau dari suatu sistem. Sementara itu, antivirus adalah perangkat lunak yang mendeteksi, mencegah, dan menghapus malware, seperti virus atau trojan, yang sudah masuk ke dalam sistem komputer.;85;100;93,5
12;Jelaskan perbedaan antara firewall dan antivirus dalam konteks keamanan komputer.;kalau firewall itu sistem keamanan yg mengontrol lalu lintas jaringan dengan blokir. kalau antivirus yang mendeteksi dan mencegah malware;80;90;73,25
12;Jelaskan perbedaan antara firewall dan antivirus dalam konteks keamanan komputer.;Firewall dan antivirus adalah perangkat lunak yang berfungsi untuk melindungi komputer dari ancaman keamanan. Perbedaan utama antara keduanya adalah lokasi perlindungan yang dilakukan.;75;56;76,25
12;Jelaskan perbedaan antara firewall dan antivirus dalam konteks keamanan komputer.;firewall = lebih ke browser, antivirus = lebih ke yang ada di storage;65;50;62,75
12;Jelaskan perbedaan antara firewall dan antivirus dalam konteks keamanan komputer.;Firewall dan antivirus adalah perangkat lunak yang berfungsi untuk melindungi komputer dari ancaman keamanan. Perbedaan utama antara keduanya adalah lokasi perlindungan yang dilakukan.;75;56;80,25
12;Jelaskan perbedaan antara firewall dan antivirus dalam konteks keamanan komputer.;Firewall berfungsi sebagai penghalang antara komputer dan jaringan luar, mencegah akses yang tidak sah dengan mengatur lalu lintas data. Antivirus, di sisi lain, melindungi komputer dari virus dan malware dengan mendeteksi, menghapus, dan mencegah infeksi. Keduanya bekerja bersama untuk menjaga keamanan sistem komputer.;85;100;92,75
12;Jelaskan perbedaan antara firewall dan antivirus dalam konteks keamanan komputer.;Firewall digunakan untuk melindungi jaringan sedangkan antivitus digunakan untuk melindungi software/firmware.;75;50;71,75
12;Jelaskan perbedaan antara firewall dan antivirus dalam konteks keamanan komputer.;Menurut saya, Firewall berfungsi sebagai penghalang antara jaringan internal dan eksternal, mengontrol lalu lintas data berdasarkan aturan keamanan untuk mencegah akses tidak sah. Antivirus mendeteksi, mencegah, dan menghapus malware dari sistem dengan memindai file dan proses yang mencurigakan.;85;100;81,5
12;Jelaskan perbedaan antara firewall dan antivirus dalam konteks keamanan komputer.;firewall eksternal dan antivirus menyeluruh;60;50;48,75
12;Jelaskan perbedaan antara firewall dan antivirus dalam konteks keamanan komputer.;firewall membatasi jaringan internal eksternal, antivirus membatasi virua yang masuk;70;50;62
12;Jelaskan perbedaan antara firewall dan antivirus dalam konteks keamanan komputer.;Firewall menyaring lalu lintas jaringan, sementara antivirus mendeteksi dan menghapus malware.;80;75;74,5
12;Jelaskan perbedaan antara firewall dan antivirus dalam konteks keamanan komputer.;kurang tahu;0;0;0
12;Jelaskan perbedaan antara firewall dan antivirus dalam konteks keamanan komputer.;firewall untuk membatasi perangkat dengan jaringan, antivirus untuk membatasi perangkat dengan virus;75;50;75
12;Jelaskan perbedaan antara firewall dan antivirus dalam konteks keamanan komputer.;firewall merupakan tembok api yang menahan segala ancaman luar. sefangkan anti virus merpakan obat untuk menyelesaikan virus fi suaru sistem;70;60;73,75
12;Jelaskan perbedaan antara firewall dan antivirus dalam konteks keamanan komputer.;Firewall dan antivirus adalah perangkat lunak yang berfungsi untuk melindungi komputer dari ancaman keamanan. Perbedaan utama antara keduanya adalah lokasi perlindungan yang dilakukan. Firewall melindungi keamanan eksternal, sedangkan antivirus melindungi perangkat secara menyeluruh. ;75;60;81,5
12;Jelaskan perbedaan antara firewall dan antivirus dalam konteks keamanan komputer.;Firewall melindungi keamanan eksternal, sedangkan antivirus melindungi perangkat secara menyeluruh.;75;50;70,25
12;Jelaskan perbedaan antara firewall dan antivirus dalam konteks keamanan komputer.;Firewall merupakan sistem untuk memblokade data yang masuk ke komputer. Antivirus adalah sistem untuk mendeteksi kemungkinan adanya virus.;75;56;70
12;Jelaskan perbedaan antara firewall dan antivirus dalam konteks keamanan komputer.;Firewall dan antivirus adalah perangkat lunak yang berfungsi untuk melindungi komputer dari ancaman keamanan. Perbedaan utama antara keduanya adalah lokasi perlindungan yang dilakukan. Firewall melindungi keamanan eksternal, sedangkan antivirus melindungi perangkat secara menyeluruh.;75;60;80
12;Jelaskan perbedaan antara firewall dan antivirus dalam konteks keamanan komputer.;Firewall adalah sistem keamanan yang memantau dan mengontrol lalu lintas jaringan berdasarkan aturan keamanan yang ditentukan. Firewall membantu mencegah akses tidak sah ke atau dari jaringan. • Antivirus adalah perangkat lunak yang mendeteksi, mencegah, dan menghapus virus serta malware dari komputer. Antivirus bekerja dengan memindai file dan program untuk menemukan ancaman keamanan.;85;100;89
12;Jelaskan perbedaan antara firewall dan antivirus dalam konteks keamanan komputer.;sebuah perangkat lunak yang berfungsi sebagai blokade bagi sistem kita dari virus;50;50;45
12;Jelaskan perbedaan antara firewall dan antivirus dalam konteks keamanan komputer.;Firewall dan antivirus adalah dua jenis perlindungan dalam keamanan komputer yang memiliki fungsi berbeda. Firewall berfungsi sebagai penghalang antara jaringan internal dan eksternal dengan mengontrol serta membatasi lalu lintas data berdasarkan aturan keamanan yang telah ditetapkan. Firewall membantu mencegah akses yang tidak sah ke sistem komputer. Sementara itu, antivirus adalah perangkat lunak yang dirancang untuk mendeteksi, mencegah, dan menghapus virus serta malware lainnya yang dapat merusak sistem atau mencuri data. Dengan kata lain, firewall berfokus pada perlindungan jaringan, sedangkan antivirus lebih berperan dalam melindungi file dan sistem dari ancaman perangkat lunak berbahaya.;80;100;80,5
12;Jelaskan perbedaan antara firewall dan antivirus dalam konteks keamanan komputer.;Firewall dan antivirus adalah perangkat lunak yang berfungsi untuk melindungi komputer dari ancaman keamanan. Perbedaan utama antara keduanya adalah lokasi perlindungan yang dilakukan.;75;56;78,25
12;Jelaskan perbedaan antara firewall dan antivirus dalam konteks keamanan komputer.;Kurang tahu;0;0;0
12;Jelaskan perbedaan antara firewall dan antivirus dalam konteks keamanan komputer.;firewall terutama berfokus pada pemblokiran ancaman siber eksternal dengan memantau alamat IP dan lalu lintas jaringan pada tingkat protokol jaringan, program antivirus memindai berkas dan perangkat lunak sistem, mengidentifikasi dan menetralkan ancaman internal;75;100;77
12;Jelaskan perbedaan antara firewall dan antivirus dalam konteks keamanan komputer.;Firewall melindungi keamanan eksternal, sedangkan antivirus melindungi perangkat secara menyeluruh.;75;50;68,5
12;Jelaskan perbedaan antara firewall dan antivirus dalam konteks keamanan komputer.;firewall merupakan pertahanan dari situs dan network secara eksternal sedangkan antivirus merupakan pertahanan dari internal yang menjaga seluruh sistem;75;56;69,25
12;Jelaskan perbedaan antara firewall dan antivirus dalam konteks keamanan komputer.;firewall adalah pelindung jaringan, antivirus adalah pelindung perangkat lokal;50;56;53,75
12;Jelaskan perbedaan antara firewall dan antivirus dalam konteks keamanan komputer.;"Firewall seperti blockade dari eksternal, seperti internet dll agar tidak ada malware yg ""masuk"" ke komputer kita. Antivirus secara umum menjaga komputer dari virus dan other malwares.";70;56;69,5
12;Jelaskan perbedaan antara firewall dan antivirus dalam konteks keamanan komputer.;firewall menyaring traffic supaya gaada virus yg masuk kalau antivirus menghapus dan mendeteksi malware;70;80;75,25
12;Jelaskan perbedaan antara firewall dan antivirus dalam konteks keamanan komputer.;firewall lebih ke mencegah program berbahaya untuk masuk ke komputer, sementara antivirus mendeteksi virus dan menghapusnya;80;56;83
12;Jelaskan perbedaan antara firewall dan antivirus dalam konteks keamanan komputer.;Firewall berfungsi sebagai penjaga yang mengatur lalu lintas data di jaringan untuk mencegah akses mencurigakan, sementara antivirus mendeteksi dan menghapus malware yang sudah masuk ke sistem. Firewall mencegah serangan dari luar, sedangkan antivirus menangani ancaman yang sudah ada di dalam komputer.;85;75;88,75
12;Jelaskan perbedaan antara firewall dan antivirus dalam konteks keamanan komputer.;Firewall dan antivirus adalah perangkat lunak yang berfungsi untuk melindungi komputer dari ancaman keamanan. Perbedaan utama antara keduanya adalah lokasi perlindungan yang dilakukan. Firewall melindungi keamanan eksternal, sedangkan antivirus melindungi perangkat secara menyeluruh.;75;60;79,25
12;Jelaskan perbedaan antara firewall dan antivirus dalam konteks keamanan komputer.;Firewall memproteksi atau menyaring jaringan koneksi dari luar yang masuk ke perangkat. Sedangkan antivirus memeriksa file atau aplikasi yang diunduh atau berada di dalam perangkat.;75;100;74
12;Jelaskan perbedaan antara firewall dan antivirus dalam konteks keamanan komputer.;Firewall berfungsi untuk menjaga keamanan sistem dari luar sistem Komputer, Antivirus adalah software yang berguna untuk melindungi sistem dari dalam sistem Komputer itu sendiri;75;70;73
12;Jelaskan perbedaan antara firewall dan antivirus dalam konteks keamanan komputer.;melindungi jaringan dengan menyaring data masuk dan keluar, antivirus mendeteksi malware;85;56;90
12;Jelaskan perbedaan antara firewall dan antivirus dalam konteks keamanan komputer.;Firewall berfungsi sebagai penjaga gerbang, sedangkan antivirus mendeteksi dan menghapus virus;70;75;63,75
12;Jelaskan perbedaan antara firewall dan antivirus dalam konteks keamanan komputer.;Firewall melindungi keamanan eksternal, sedangkan antivirus melindungi perangkat secara menyeluruh;70;50;70
12;Jelaskan perbedaan antara firewall dan antivirus dalam konteks keamanan komputer.;Firewall melindungi jaringan dari akses yang mencurigakan, sedangkan antivirus mendeteksi dan menghapus malware di dalam sistem.;85;70;80,5
12;Jelaskan perbedaan antara firewall dan antivirus dalam konteks keamanan komputer.;Antivirus bekerja pada titik akhir jaringan, firewall bekerja pada tingkat jaringan;65;56;70,75
12;Jelaskan perbedaan antara firewall dan antivirus dalam konteks keamanan komputer.;firewall berfungsi untuk memantau dan mengontrol lalu lintas jaringan yang masuk dan keluar dari komputer sedangkan antivirus adalah perangkat lunak yang digunakan untuk mendeteksi, mencegah, dan menghapus perangkat lunak berbahaya.;80;80;79,75
12;Jelaskan perbedaan antara firewall dan antivirus dalam konteks keamanan komputer.;Firewall: berfungsi di keamanan jaringan. Antivirus: berfungsi di keamanan local komputer;65;56;63
12;Jelaskan perbedaan antara firewall dan antivirus dalam konteks keamanan komputer.;Firewall berfungsi sebagai sistem keamanan yang mengontrol lalu lintas jaringan dengan memblokir atau mengizinkan koneksi berdasarkan aturan yang ditetapkan, sedangkan antivirus adalah perangkat lunak yang mendeteksi, mencegah, dan menghapus malware dari sistem komputer.;80;100;79,75
12;Jelaskan perbedaan antara firewall dan antivirus dalam konteks keamanan komputer.;Firewall mengatur jalur keluar masuk jaringan komputer. Anrivirus memeriksa keamanan file atau software;65;90;65,5
12;Jelaskan perbedaan antara firewall dan antivirus dalam konteks keamanan komputer.;Firewall merupakan software yang berfungsi untuk membatasi/block IP/domain dari website, mendownload sesuatu, mengakses sesuatu yang terjangkau dalam internet. Sedangkan antivirus, merupakan software yang berfungsi untuk mendeteksi sebuah virus/serangan lainnya dan memblokir virus tsb;70;95;74
12;Jelaskan perbedaan antara firewall dan antivirus dalam konteks keamanan komputer.;;0;0;0
12;Jelaskan perbedaan antara firewall dan antivirus dalam konteks keamanan komputer.;Firewall bekerja pada jaringan komputer sedangkan antivirus bekerja untuk mengamankan komputer dari virus yang masuk atau berada di dalam suatu komputer.;75;80;71,25
12;Jelaskan perbedaan antara firewall dan antivirus dalam konteks keamanan komputer.;Firewall adalah metode protection dan security terhadap data-data dan atau hal hal berbahaya dalam jaringan dan internet, sedangkan antivirus adalah metode security dan protection untuk data-data berbahaya di lokal komputer.;75;80;72
12;Jelaskan perbedaan antara firewall dan antivirus dalam konteks keamanan komputer.;firewall menjaga traffic computer secara eksternal sedangkan antivirus mengamankan komputer dari ancaman internal seperti virus;65;70;65,5
12;Jelaskan perbedaan antara firewall dan antivirus dalam konteks keamanan komputer.;"firewall kayak gerbang yang mastiin data yang aman doang yg bisa lewat. kalo antivirus lebih kearah kayak dokter ngecek"" ada malware atau engga";65;95;66
12;Jelaskan perbedaan antara firewall dan antivirus dalam konteks keamanan komputer.;Saya belum belajar;0;0;0
12;Jelaskan perbedaan antara firewall dan antivirus dalam konteks keamanan komputer.;Firewall akan memblokir akses yang tidak diizinkan. Antivirus akan memindai file-file berbahaya seperti malware;70;90;68
12;Jelaskan perbedaan antara firewall dan antivirus dalam konteks keamanan komputer.;Perbedaan utama antara firewall dan antivirus adalah firewall menyaring informasi yang keluar dan masuk dari perangkat, sedangkan antivirus menghentikan atau menghalangi file yang berbahaya untuk masuk dan terinstal di perangkat.;75;80;74,75
12;Jelaskan perbedaan antara firewall dan antivirus dalam konteks keamanan komputer.;Firewall merupakan proteksi yang bekerja di jaringan, sedangkan antivirus merupakan proteksi yang bekerja internal.;65;90;69,25
12;Jelaskan perbedaan antara firewall dan antivirus dalam konteks keamanan komputer.;Firewall berfungsi sebagai penyaring traffic pada jaringan internet agar tidak ada virus atau malware yang datang dari internet menuju komputer pengguna. Sedangkan antivirus berfungsi sebagai penahan dari virus atau malware yang berasal dari internal komputer seperti file yang sudah didownload maupun akan didownload.;70;85;77,5
